folder,gender,expression,A_cosine_left_angle,A_cosine_left_abs_angle,A_cosine_right_angle,A_cosine_right_abs_angle,A_angular_left_angle,A_angular_left_abs_angle,A_angular_right_angle,A_angular_right_abs_angle,A_euclidean_left_angle,A_euclidean_left_abs_angle,A_euclidean_right_angle,A_euclidean_right_abs_angle,A_path_left_angle,A_path_left_abs_angle,A_path_right_angle,A_path_right_abs_angle,A_rate_left_angle,A_rate_left_abs_angle,A_rate_right_angle,A_rate_right_abs_angle,A_curvature_left_angle,A_curvature_left_abs_angle,A_curvature_right_angle,A_curvature_right_abs_angle,A_instability_left_angle,A_instability_left_abs_angle,A_instability_right_angle,A_instability_right_abs_angle,C_left_angle,C_left_abs_angle,C_right_angle,C_right_abs_angle,B_left_angle,B_left_abs_angle,B_right_angle,B_right_abs_angle,C_hard_left_angle,C_hard_left_abs_angle,C_hard_right_angle,C_hard_right_abs_angle,A_cosine_distance_AUC_left,A_angular_distance_deg_AUC_left,A_euclidean_distance_AUC_left,A_cumulative_path_from_V107_AUC_left,A_rate_per_degree_AUC_left,A_curvature_AUC_left,A_trajectory_instability_AUC_left,C_margin_AUC_left,B_correct_AUC_left,A_cosine_distance_AUC_right,A_angular_distance_deg_AUC_right,A_euclidean_distance_AUC_right,A_cumulative_path_from_V107_AUC_right,A_rate_per_degree_AUC_right,A_curvature_AUC_right,A_trajectory_instability_AUC_right,C_margin_AUC_right,B_correct_AUC_right,A_cosine_leads_B_left,B_minus_A_cosine_left,A_angular_leads_B_left,B_minus_A_angular_left,A_euclidean_leads_B_left,B_minus_A_euclidean_left,A_path_leads_B_left,B_minus_A_path_left,A_rate_leads_B_left,B_minus_A_rate_left,A_curvature_leads_B_left,B_minus_A_curvature_left,A_instability_leads_B_left,B_minus_A_instability_left,C_leads_B_left,B_minus_C_left,A_cosine_leads_B_right,B_minus_A_cosine_right,A_angular_leads_B_right,B_minus_A_angular_right,A_euclidean_leads_B_right,B_minus_A_euclidean_right,A_path_leads_B_right,B_minus_A_path_right,A_rate_leads_B_right,B_minus_A_rate_right,A_curvature_leads_B_right,B_minus_A_curvature_right,A_instability_leads_B_right,B_minus_A_instability_right,C_leads_B_right,B_minus_C_right
Female_+10,Female,+10,-8.0,8.0,6.0,6.0,-8.0,8.0,6.0,6.0,-8.0,8.0,6.0,6.0,-6.0,6.0,5.0,5.0,-65.0,65.0,92.0,92.0,,,,,-79.0,79.0,97.0,97.0,-30.0,30.0,55.0,55.0,-62.0,62.0,58.0,58.0,-62.0,62.0,58.0,58.0,0.21499174443360802,36.223952340188426,0.6179343194605034,4.2268232207431975,0.0879884929800371,18.728696972935044,0.12697223180307532,-0.011536176795157317,0.5373831775700935,0.21856909544668465,36.59496082769376,0.6237909660161098,4.249921228301441,0.08621810136415134,18.777635554236454,0.1203518826865925,-0.017216438166449004,0.5186915887850467,1.0,54.0,1.0,54.0,1.0,54.0,1.0,56.0,0.0,-3.0,,,0.0,-17.0,1.0,32.0,1.0,52.0,1.0,52.0,1.0,52.0,1.0,53.0,0.0,-34.0,,,0.0,-39.0,1.0,3.0
Female_+20,Female,+20,-6.0,6.0,5.0,5.0,-6.0,6.0,5.0,5.0,-6.0,6.0,5.0,5.0,-6.0,6.0,5.0,5.0,-91.0,91.0,95.0,95.0,,,,,-79.0,79.0,79.0,79.0,-12.0,12.0,14.0,14.0,-14.0,14.0,21.0,21.0,-14.0,14.0,21.0,21.0,0.2438445787563502,39.143007550284125,0.6662899929790976,4.334278890271192,0.09341830528288517,17.41605686885433,0.1291226715833511,-0.020211785753196643,0.13551401869158877,0.24011259324082704,38.88364942497182,0.6619260607065565,4.237510126954485,0.08762286767085022,18.951352026815172,0.12459142801334273,-0.02260434961764612,0.1822429906542056,1.0,8.0,1.0,8.0,1.0,8.0,1.0,8.0,0.0,-77.0,,,0.0,-65.0,1.0,2.0,1.0,16.0,1.0,16.0,1.0,16.0,1.0,16.0,0.0,-74.0,,,0.0,-58.0,1.0,7.0
Female_+20_ZMouth Open Horizontal And Vertical,Female,+20_ZMouth Open Horizontal And Vertical,-11.0,11.0,8.0,8.0,-11.0,11.0,8.0,8.0,-11.0,11.0,8.0,8.0,-6.0,6.0,6.0,6.0,-77.0,77.0,64.0,64.0,,,,,,,77.0,77.0,-36.0,36.0,39.0,39.0,-37.0,37.0,39.0,39.0,-37.0,37.0,39.0,39.0,0.249097872281743,38.0536449378896,0.6441486251549186,4.33114893031176,0.09300255501326525,17.68461641002138,0.1268214004219703,-0.06856944920303666,0.3317757009345794,0.28455539228760196,40.6672165728061,0.6846319571415954,4.865849932464205,0.1000353868737399,16.475597356519295,0.14173793139041596,-0.0625376484104406,0.3598130841121495,1.0,26.0,1.0,26.0,1.0,26.0,1.0,31.0,0.0,-40.0,,,,,1.0,1.0,1.0,31.0,1.0,31.0,1.0,31.0,1.0,33.0,0.0,-25.0,,,0.0,-38.0,0.0,0.0
Female_+30,Female,+30,-8.0,8.0,7.0,7.0,-8.0,8.0,7.0,7.0,-8.0,8.0,7.0,7.0,-7.0,7.0,5.0,5.0,-104.0,104.0,97.0,97.0,,,,,,,,,-61.0,61.0,49.0,49.0,-69.0,69.0,72.0,72.0,-69.0,69.0,72.0,72.0,0.21217905750898558,36.24614293775826,0.6189344559456701,4.371411510160036,0.08828498029483939,18.00887368455044,0.12350149923619234,0.0016604149452993803,0.6869158878504673,0.20663594921058584,35.84331991070899,0.612297366712695,4.25288588463146,0.08526287012011091,18.88156427775297,0.11959388570965461,-0.003939635564233655,0.6495327102803738,1.0,61.0,1.0,61.0,1.0,61.0,1.0,62.0,0.0,-35.0,,,,,1.0,8.0,1.0,65.0,1.0,65.0,1.0,65.0,1.0,67.0,0.0,-25.0,,,,,1.0,23.0
Female_+40,Female,+40,-8.0,8.0,5.0,5.0,-8.0,8.0,5.0,5.0,-8.0,8.0,5.0,5.0,-6.0,6.0,5.0,5.0,-35.0,35.0,70.0,70.0,,,,,-68.0,68.0,85.0,85.0,-69.0,69.0,75.0,75.0,-69.0,69.0,75.0,75.0,-69.0,69.0,75.0,75.0,0.22768558882107245,37.479397526411255,0.6387006928360908,4.857828428307287,0.10287092438073091,16.70181058596794,0.14764888359690612,0.004495456954029119,0.7710280373831776,0.22294114070517995,37.12895775732593,0.6329145275543784,4.781697125060954,0.10216717507307217,16.43225237190712,0.1443440649166422,0.0029417245744544768,0.7242990654205608,1.0,61.0,1.0,61.0,1.0,61.0,1.0,63.0,1.0,34.0,,,1.0,1.0,0.0,0.0,1.0,70.0,1.0,70.0,1.0,70.0,1.0,70.0,1.0,5.0,,,0.0,-10.0,0.0,0.0
Female_+50,Female,+50,-7.0,7.0,5.0,5.0,-7.0,7.0,5.0,5.0,-7.0,7.0,5.0,5.0,-6.0,6.0,5.0,5.0,-33.0,33.0,31.0,31.0,,,,,-35.0,35.0,33.0,33.0,-26.0,26.0,22.0,22.0,-26.0,26.0,22.0,22.0,-26.0,26.0,22.0,22.0,0.27124919568266825,40.96490480743836,0.694085335123031,5.409875419513088,0.1288531305584705,14.67197893473694,0.18332368037048377,-0.010836670610392205,0.46261682242990654,0.2660461976149372,40.60861279140009,0.6883611159529018,5.492820628335543,0.13076651315683516,14.797587311637313,0.18886539340019226,-0.014915397094788953,0.37850467289719625,1.0,19.0,1.0,19.0,1.0,19.0,1.0,20.0,0.0,-7.0,,,0.0,-9.0,0.0,0.0,1.0,17.0,1.0,17.0,1.0,17.0,1.0,17.0,0.0,-9.0,,,0.0,-11.0,0.0,0.0
Female_+50_ZMouth Open Horizontal And Vertical,Female,+50_ZMouth Open Horizontal And Vertical,-8.0,8.0,6.0,6.0,-8.0,8.0,6.0,6.0,-8.0,8.0,6.0,6.0,-5.0,5.0,5.0,5.0,-36.0,36.0,9.0,9.0,,,,,-54.0,54.0,17.0,17.0,-68.0,68.0,69.0,69.0,-68.0,68.0,69.0,69.0,-68.0,68.0,69.0,69.0,0.275382372263436,39.775426762126315,0.6681554367609113,5.835829077166653,0.1401503251268054,13.743295768797477,0.2010396696486563,-0.014053502999176489,0.6214953271028038,0.2818929213229741,40.3870719793801,0.6780190662106621,5.922690581948122,0.13752664256597233,13.596705910018137,0.1981504333890834,-0.001152618187610234,0.6869158878504673,1.0,60.0,1.0,60.0,1.0,60.0,1.0,63.0,1.0,32.0,,,1.0,14.0,0.0,0.0,1.0,63.0,1.0,63.0,1.0,63.0,1.0,64.0,1.0,60.0,,,1.0,52.0,0.0,0.0
Female_-10,Female,-10,-8.0,8.0,7.0,7.0,-8.0,8.0,7.0,7.0,-8.0,8.0,7.0,7.0,-7.0,7.0,5.0,5.0,-63.0,63.0,50.0,50.0,,,,,-71.0,71.0,66.0,66.0,-20.0,20.0,20.0,20.0,-20.0,20.0,20.0,20.0,-20.0,20.0,20.0,20.0,0.2712723284124214,41.237873465101295,0.6999639962651965,4.392600603001279,0.09291076976454483,17.29424702740366,0.12935400227049612,-0.050666803511503704,0.1822429906542056,0.26314635477333426,40.8145830207896,0.693458680507396,4.791087375466373,0.09863123666738795,16.570644330817217,0.1399727479185698,-0.041620060940769234,0.1822429906542056,1.0,12.0,1.0,12.0,1.0,12.0,1.0,13.0,0.0,-43.0,,,0.0,-51.0,0.0,0.0,1.0,13.0,1.0,13.0,1.0,13.0,1.0,15.0,0.0,-30.0,,,0.0,-46.0,0.0,0.0
Female_-10_ZMouth Open Horizontal And Vertical,Female,-10_ZMouth Open Horizontal And Vertical,-7.0,7.0,7.0,7.0,-7.0,7.0,7.0,7.0,-7.0,7.0,7.0,7.0,-6.0,6.0,5.0,5.0,-75.0,75.0,69.0,69.0,,,,,-53.0,53.0,54.0,54.0,-22.0,22.0,25.0,25.0,-22.0,22.0,25.0,25.0,-22.0,22.0,25.0,25.0,0.27307852294957524,40.39417089925748,0.6827540600968298,4.643563972994964,0.09911049698602478,16.506332220035993,0.13950484871583166,-0.09328377943172633,0.20093457943925233,0.31770973868459185,43.790923546407825,0.7357365745946626,5.000044828959715,0.10460597997374624,15.921170036699833,0.14957368247351557,-0.0947582635367028,0.22897196261682243,1.0,15.0,1.0,15.0,1.0,15.0,1.0,16.0,0.0,-53.0,,,0.0,-31.0,0.0,0.0,1.0,18.0,1.0,18.0,1.0,18.0,1.0,20.0,0.0,-44.0,,,0.0,-29.0,0.0,0.0
Female_-20,Female,-20,-8.0,8.0,5.0,5.0,-8.0,8.0,5.0,5.0,-8.0,8.0,5.0,5.0,-6.0,6.0,5.0,5.0,-93.0,93.0,44.0,44.0,,,,,-79.0,79.0,60.0,60.0,-13.0,13.0,13.0,13.0,-14.0,14.0,13.0,13.0,-14.0,14.0,13.0,13.0,0.2889464926496844,42.76856073932113,0.7246941587774554,4.370860405892969,0.09042810708424955,17.35925714364742,0.12454270336003799,-0.04724287234734152,0.1261682242990654,0.28080660550393793,42.42159548429685,0.7196895214163255,4.929592775650949,0.10065824242535039,17.09788108087872,0.14781517486246126,-0.04577770077179526,0.11682242990654206,1.0,6.0,1.0,6.0,1.0,6.0,1.0,8.0,0.0,-79.0,,,0.0,-65.0,1.0,1.0,1.0,8.0,1.0,8.0,1.0,8.0,1.0,8.0,0.0,-31.0,,,0.0,-47.0,0.0,0.0
Female_-20_ZMouth Open Horizontal And Vertical,Female,-20_ZMouth Open Horizontal And Vertical,-8.0,8.0,8.0,8.0,-8.0,8.0,8.0,8.0,-8.0,8.0,8.0,8.0,-6.0,6.0,7.0,7.0,-99.0,99.0,15.0,15.0,,,,,,,49.0,49.0,-34.0,34.0,35.0,35.0,-35.0,35.0,36.0,36.0,-35.0,35.0,36.0,36.0,0.29933143219101094,42.46981613658299,0.7159117529186133,4.4884007725446855,0.09186299689957556,16.953154886946532,0.12560027106752936,-0.06817821475947014,0.3317757009345794,0.35421937425559924,46.58618202833372,0.7802401497681565,5.308655567937226,0.11515217660882762,15.058922031853117,0.1669261190548258,-0.0844396849937528,0.3317757009345794,1.0,27.0,1.0,27.0,1.0,27.0,1.0,29.0,0.0,-64.0,,,,,1.0,1.0,1.0,28.0,1.0,28.0,1.0,28.0,1.0,29.0,1.0,21.0,,,0.0,-13.0,1.0,1.0
Female_-30,Female,-30,-7.0,7.0,6.0,6.0,-7.0,7.0,6.0,6.0,-7.0,7.0,6.0,6.0,-6.0,6.0,5.0,5.0,-62.0,62.0,46.0,46.0,,,,,-81.0,81.0,80.0,80.0,-56.0,56.0,58.0,58.0,-59.0,59.0,59.0,59.0,-59.0,59.0,59.0,59.0,0.23748280233311875,38.63654376858863,0.6583206898591538,4.555121253601441,0.09431142268596955,17.90728592241386,0.1373007391702454,0.00307911244508262,0.5467289719626168,0.2329511503192866,38.19024981739365,0.6508266329658675,4.734780016311697,0.09890633104282005,17.315168525959503,0.14361071038358617,0.001966656646995901,0.5467289719626168,1.0,52.0,1.0,52.0,1.0,52.0,1.0,53.0,0.0,-3.0,,,0.0,-22.0,1.0,3.0,1.0,53.0,1.0,53.0,1.0,53.0,1.0,54.0,1.0,13.0,,,0.0,-21.0,1.0,1.0
Female_-40,Female,-40,-10.0,10.0,12.0,12.0,-10.0,10.0,12.0,12.0,-10.0,10.0,12.0,12.0,-4.0,4.0,3.0,3.0,-78.0,78.0,1.0,1.0,,,,,-86.0,86.0,1.0,1.0,-74.0,74.0,71.0,71.0,-74.0,74.0,71.0,71.0,-74.0,74.0,71.0,71.0,0.218871531642486,36.65326653908346,0.6252410194498939,5.033538275511465,0.10248873980258996,16.566734560814744,0.14772616973463096,0.004179788248561253,0.7242990654205608,0.22286044715720915,36.8657503172616,0.6283771685265517,5.382121211962304,0.10817210428486361,15.715864544929612,0.15545628008977422,0.00033951947622210064,0.6308411214953271,1.0,64.0,1.0,64.0,1.0,64.0,1.0,70.0,0.0,-4.0,,,0.0,-12.0,0.0,0.0,1.0,59.0,1.0,59.0,1.0,59.0,1.0,68.0,1.0,70.0,,,1.0,70.0,0.0,0.0
Female_-50,Female,-50,-8.0,8.0,5.0,5.0,-8.0,8.0,5.0,5.0,-8.0,8.0,5.0,5.0,-4.0,4.0,5.0,5.0,-10.0,10.0,4.0,4.0,,,,,-27.0,27.0,5.0,5.0,-18.0,18.0,16.0,16.0,-18.0,18.0,16.0,16.0,-18.0,18.0,16.0,16.0,0.2309139827701533,37.99171721823862,0.6475830630303543,6.154745103634685,0.12779810230405825,13.410138282806365,0.18430230169082587,-0.01556434127214913,0.26635514018691586,0.23832078904749077,38.645103735344435,0.6581295494721314,6.224162343123528,0.13425290215516758,13.126683706289855,0.19350700445894925,-0.015103287507440442,0.26635514018691586,1.0,10.0,1.0,10.0,1.0,10.0,1.0,14.0,1.0,8.0,,,0.0,-9.0,0.0,0.0,1.0,11.0,1.0,11.0,1.0,11.0,1.0,11.0,1.0,12.0,,,1.0,11.0,0.0,0.0
Female_-60,Female,-60,-5.0,5.0,5.0,5.0,-5.0,5.0,5.0,5.0,-5.0,5.0,5.0,5.0,-5.0,5.0,4.0,4.0,-4.0,4.0,4.0,4.0,,,,,-4.0,4.0,3.0,3.0,-24.0,24.0,24.0,24.0,-24.0,24.0,24.0,24.0,-24.0,24.0,24.0,24.0,0.2868269250214657,42.23676407002957,0.7143710144212313,7.384057899536652,0.15208275798919066,11.642558786673963,0.22429080462118364,0.0179365589239887,0.6542056074766355,0.3029607701524396,43.52641788375712,0.7349560742623338,7.898276862801514,0.15897933470311565,10.97602477436541,0.2339927781865282,0.019088574659044497,0.6074766355140186,1.0,19.0,1.0,19.0,1.0,19.0,1.0,19.0,1.0,20.0,,,1.0,20.0,0.0,0.0,1.0,19.0,1.0,19.0,1.0,19.0,1.0,20.0,1.0,20.0,,,1.0,21.0,0.0,0.0
Female_0,Female,0,-9.0,9.0,5.0,5.0,-9.0,9.0,5.0,5.0,-9.0,9.0,5.0,5.0,-8.0,8.0,5.0,5.0,-60.0,60.0,88.0,88.0,,,,,-61.0,61.0,61.0,61.0,-30.0,30.0,31.0,31.0,-30.0,30.0,31.0,31.0,-30.0,30.0,31.0,31.0,0.24199724225240332,38.77866114411399,0.6601849381472463,4.249258089706163,0.0917987336035607,18.068118216689463,0.13115498669586093,-0.02328194858871888,0.3317757009345794,0.24406066954692948,39.1001379957823,0.6653287653054032,4.54972874808395,0.09309188711726776,17.54692629007419,0.13163279706858239,-0.019729559109589765,0.48130841121495327,1.0,21.0,1.0,21.0,1.0,21.0,1.0,22.0,0.0,-30.0,,,0.0,-31.0,0.0,0.0,1.0,26.0,1.0,26.0,1.0,26.0,1.0,26.0,0.0,-57.0,,,0.0,-30.0,0.0,0.0
Female_Angry 01,Female,Angry,-7.0,7.0,10.0,10.0,-7.0,7.0,10.0,10.0,-7.0,7.0,10.0,10.0,-6.0,6.0,6.0,6.0,-75.0,75.0,29.0,29.0,,,,,-92.0,92.0,18.0,18.0,-18.0,18.0,12.0,12.0,-30.0,30.0,45.0,45.0,-30.0,30.0,45.0,45.0,0.2190438431000041,37.03343488122815,0.6321616032831022,4.451396783639755,0.09161646291613579,18.360551432023158,0.13149658200454037,-0.01215782594457965,0.4439252336448598,0.2689411999466263,40.681803877108564,0.6897395390703857,4.942559194777195,0.09994281584692892,17.144858262813298,0.148046478453391,-0.021275954268803108,0.5560747663551402,1.0,23.0,1.0,23.0,1.0,23.0,1.0,24.0,0.0,-45.0,,,0.0,-62.0,1.0,12.0,1.0,35.0,1.0,35.0,1.0,35.0,1.0,39.0,1.0,16.0,,,1.0,27.0,1.0,33.0
Female_Angry 02,Female,Angry,-11.0,11.0,13.0,13.0,-11.0,11.0,13.0,13.0,-11.0,11.0,13.0,13.0,-7.0,7.0,6.0,6.0,-76.0,76.0,86.0,86.0,,,,,-76.0,76.0,79.0,79.0,-6.0,6.0,28.0,28.0,-69.0,69.0,29.0,29.0,-69.0,69.0,29.0,29.0,0.2169621570088039,35.35145338896279,0.6010357436036395,4.247458624697038,0.08995852570207614,19.002993228937985,0.13222273727351763,-0.03859280899306324,0.6401869158878505,0.28433536452667735,40.90600231206306,0.6900598831544412,4.745449780373373,0.09511161672177716,16.702827174733965,0.13280727608867413,-0.06002962115769074,0.3878504672897196,1.0,58.0,1.0,58.0,1.0,58.0,1.0,62.0,0.0,-7.0,,,0.0,-7.0,1.0,63.0,1.0,16.0,1.0,16.0,1.0,16.0,1.0,23.0,0.0,-57.0,,,0.0,-50.0,1.0,1.0
Female_Angry 03,Female,Angry,-9.0,9.0,10.0,10.0,-9.0,9.0,10.0,10.0,-9.0,9.0,10.0,10.0,-6.0,6.0,5.0,5.0,-76.0,76.0,9.0,9.0,,,,,-76.0,76.0,50.0,50.0,-20.0,20.0,22.0,22.0,-21.0,21.0,22.0,22.0,-21.0,21.0,22.0,22.0,0.22073045874310432,36.89127324006268,0.6291111684708952,4.6752228293324185,0.09230498593511446,17.99005978799967,0.13490778271038578,-0.023262703251615863,0.2383177570093458,0.29197946330097235,42.50278959541677,0.7187363642537705,5.0082571540619725,0.09787070490071707,16.893869476891794,0.14174038987114745,-0.04704319790144947,0.20093457943925233,1.0,12.0,1.0,12.0,1.0,12.0,1.0,15.0,0.0,-55.0,,,0.0,-55.0,1.0,1.0,1.0,12.0,1.0,12.0,1.0,12.0,1.0,17.0,1.0,13.0,,,0.0,-28.0,0.0,0.0
Female_Angry 04,Female,Angry,-8.0,8.0,7.0,7.0,-8.0,8.0,7.0,7.0,-8.0,8.0,7.0,7.0,-6.0,6.0,7.0,7.0,-75.0,75.0,52.0,52.0,,,,,-54.0,54.0,52.0,52.0,-13.0,13.0,14.0,14.0,-14.0,14.0,19.0,19.0,-14.0,14.0,19.0,19.0,0.23293070787581327,38.18560237082365,0.6508423301524274,4.678336267716417,0.09384228703829478,18.01555836492292,0.1371047656701983,-0.033291727861511376,0.1261682242990654,0.29136479179435804,42.56679996820254,0.7200737245174395,4.731138637446076,0.09695150901641801,17.63214764752746,0.14233057689413708,-0.046144154584296396,0.16355140186915887,1.0,6.0,1.0,6.0,1.0,6.0,1.0,8.0,0.0,-61.0,,,0.0,-40.0,1.0,1.0,1.0,12.0,1.0,12.0,1.0,12.0,1.0,12.0,0.0,-33.0,,,0.0,-33.0,1.0,5.0
Female_Angry 05,Female,Angry,-13.0,13.0,12.0,12.0,-13.0,13.0,12.0,12.0,-13.0,13.0,12.0,12.0,-6.0,6.0,6.0,6.0,-77.0,77.0,80.0,80.0,,,,,-77.0,77.0,35.0,35.0,-29.0,29.0,21.0,21.0,-30.0,30.0,22.0,22.0,-30.0,30.0,22.0,22.0,0.2035032404917423,33.81211392233305,0.5748166702339582,4.43368693446375,0.08930845042022895,18.431862959492854,0.12642214457803178,-0.04784852224532689,0.2757009345794392,0.26960970920937083,39.62975141043975,0.6688486720635513,4.9401576148224216,0.10036702972845496,16.346241676621236,0.14297055836134362,-0.0631760122063004,0.20093457943925233,1.0,17.0,1.0,17.0,1.0,17.0,1.0,24.0,0.0,-47.0,,,0.0,-47.0,1.0,1.0,1.0,10.0,1.0,10.0,1.0,10.0,1.0,16.0,0.0,-58.0,,,0.0,-13.0,1.0,1.0
Female_Anguish,Female,Anguish,-7.0,7.0,7.0,7.0,-7.0,7.0,7.0,7.0,-7.0,7.0,7.0,7.0,-6.0,6.0,7.0,7.0,-57.0,57.0,101.0,101.0,,,,,-90.0,90.0,52.0,52.0,-11.0,11.0,12.0,12.0,-12.0,12.0,28.0,28.0,-12.0,12.0,28.0,28.0,0.25742807733678374,40.26879948544725,0.6845210072036102,4.538424276215869,0.09337175163036247,17.510235498453877,0.1321317196454642,-0.04538518747436666,0.10747663551401869,0.3153698422084345,44.343003105894425,0.7480782429539712,4.7047964995813985,0.09773409993292015,16.798237287446483,0.13739704164975095,-0.05027631816462936,0.26635514018691586,1.0,5.0,1.0,5.0,1.0,5.0,1.0,6.0,0.0,-45.0,,,0.0,-78.0,1.0,1.0,1.0,21.0,1.0,21.0,1.0,21.0,1.0,21.0,0.0,-73.0,,,0.0,-24.0,1.0,16.0
Female_Animosity Growl,Female,Animosity Growl,-6.0,6.0,4.0,4.0,-6.0,6.0,4.0,4.0,-6.0,6.0,4.0,4.0,-6.0,6.0,4.0,4.0,-101.0,101.0,,,,,,,-76.0,76.0,76.0,76.0,-61.0,61.0,64.0,64.0,-63.0,63.0,64.0,64.0,-63.0,63.0,64.0,64.0,0.2143880691483756,36.871332640959835,0.6300933452198634,4.430742746532381,0.09070371045678291,17.57916889373917,0.12506948917541863,-0.008235655933897072,0.602803738317757,0.21509923834667027,36.79488092048146,0.6282829702106787,4.5658157208290335,0.0900763701821599,17.627166152939182,0.12434212599863421,-0.010928554234103622,0.5934579439252337,1.0,57.0,1.0,57.0,1.0,57.0,1.0,57.0,0.0,-38.0,,,0.0,-13.0,1.0,2.0,1.0,60.0,1.0,60.0,1.0,60.0,1.0,60.0,,,,,0.0,-12.0,0.0,0.0
Female_Animosity Rebellious,Female,Animosity Rebellious,-7.0,7.0,6.0,6.0,-7.0,7.0,6.0,6.0,-7.0,7.0,6.0,6.0,-7.0,7.0,4.0,4.0,-104.0,104.0,103.0,103.0,,,,,,,,,-25.0,25.0,29.0,29.0,-29.0,29.0,29.0,29.0,-29.0,29.0,29.0,29.0,0.20902918042423568,36.23371798524233,0.6193214418175065,4.5587894156505575,0.09238911507967508,17.47439146792848,0.12949917352986787,-0.0019045984633615084,0.677570093457944,0.21041874768578003,36.16645187306627,0.6175540290146231,4.617473477236579,0.08942767316214392,18.0721246786835,0.12618867139208992,0.0015976944259393994,0.705607476635514,1.0,22.0,1.0,22.0,1.0,22.0,1.0,22.0,0.0,-75.0,,,,,1.0,4.0,1.0,23.0,1.0,23.0,1.0,23.0,1.0,25.0,0.0,-74.0,,,,,0.0,0.0
Female_Bored 01,Female,Bored,-7.0,7.0,6.0,6.0,-7.0,7.0,6.0,6.0,-7.0,7.0,6.0,6.0,-7.0,7.0,7.0,7.0,-92.0,92.0,79.0,79.0,,,,,-104.0,104.0,47.0,47.0,-12.0,12.0,25.0,25.0,-13.0,13.0,29.0,29.0,-13.0,13.0,29.0,29.0,0.26902803277300896,41.13392805384699,0.6981163119949471,4.516039867528549,0.09186527855202274,17.42051522576305,0.12909927454618914,-0.05456156179169628,0.11682242990654206,0.32044752067494614,45.00963654027921,0.759302388284808,4.8365549503468745,0.10224434797800033,16.365246657261967,0.14767119418478236,-0.048992795643405376,0.26635514018691586,1.0,6.0,1.0,6.0,1.0,6.0,1.0,6.0,0.0,-79.0,,,0.0,-91.0,1.0,1.0,1.0,23.0,1.0,23.0,1.0,23.0,1.0,22.0,0.0,-50.0,,,0.0,-18.0,1.0,4.0
Female_Bored 02,Female,Bored,-8.0,8.0,8.0,8.0,-8.0,8.0,8.0,8.0,-8.0,8.0,8.0,8.0,-7.0,7.0,7.0,7.0,-82.0,82.0,47.0,47.0,,,,,-36.0,36.0,47.0,47.0,-13.0,13.0,14.0,14.0,-13.0,13.0,31.0,31.0,-13.0,13.0,31.0,31.0,0.2629854865720339,40.391765271391826,0.6856807655541697,4.610600051687699,0.09412661244003277,17.4970164655136,0.13473030467921832,-0.04530258184281465,0.11682242990654206,0.3132632313487686,44.127623934612096,0.7445511015079845,4.975250865898539,0.10730046549133052,16.129700246338952,0.1560860691275799,-0.038145351632733214,0.3411214953271028,1.0,5.0,1.0,5.0,1.0,5.0,1.0,6.0,0.0,-69.0,,,0.0,-23.0,0.0,0.0,1.0,23.0,1.0,23.0,1.0,23.0,1.0,24.0,0.0,-16.0,,,0.0,-16.0,1.0,17.0
Female_Bored 03,Female,Bored,-8.0,8.0,11.0,11.0,-8.0,8.0,11.0,11.0,-8.0,8.0,11.0,11.0,-6.0,6.0,8.0,8.0,-81.0,81.0,74.0,74.0,,,,,-41.0,41.0,41.0,41.0,-6.0,6.0,8.0,8.0,-9.0,9.0,10.0,10.0,-9.0,9.0,10.0,10.0,0.24336982608955599,38.83659234448014,0.6607123992746694,4.3880027793347836,0.09072117120871004,17.99820153015069,0.12824477543527224,-0.04590999690171714,0.0794392523364486,0.28064435079833056,41.18274553245473,0.6965041966118004,4.622098348408102,0.09697719235147272,17.632096574820707,0.14225508849013527,-0.048990736497896856,0.08878504672897196,1.0,1.0,1.0,1.0,1.0,1.0,1.0,3.0,0.0,-72.0,,,0.0,-32.0,1.0,3.0,0.0,-1.0,0.0,-1.0,0.0,-1.0,1.0,2.0,0.0,-64.0,,,0.0,-31.0,1.0,2.0
Female_Bored 04,Female,Bored,-10.0,10.0,12.0,12.0,-10.0,10.0,12.0,12.0,-10.0,10.0,12.0,12.0,-7.0,7.0,8.0,8.0,-62.0,62.0,76.0,76.0,,,,,-62.0,62.0,76.0,76.0,-20.0,20.0,23.0,23.0,-21.0,21.0,31.0,31.0,-21.0,21.0,31.0,31.0,0.24693926639646013,38.7736369137452,0.6589226113788993,4.320469533606807,0.0925638723661596,18.323434182403894,0.13262720694238284,-0.0423513812439464,0.19158878504672897,0.30329077739581883,42.872711939232374,0.7230082647265675,4.381961321301549,0.09283594740119493,17.94139908228563,0.13410818060192298,-0.057207504444033185,0.2850467289719626,1.0,11.0,1.0,11.0,1.0,11.0,1.0,14.0,0.0,-41.0,,,0.0,-41.0,1.0,1.0,1.0,19.0,1.0,19.0,1.0,19.0,1.0,23.0,0.0,-45.0,,,0.0,-45.0,1.0,8.0
Female_Bored 05,Female,Bored,-9.0,9.0,11.0,11.0,-9.0,9.0,11.0,11.0,-9.0,9.0,11.0,11.0,-7.0,7.0,7.0,7.0,-80.0,80.0,96.0,96.0,,,,,-92.0,92.0,78.0,78.0,-9.0,9.0,11.0,11.0,-13.0,13.0,13.0,13.0,-13.0,13.0,13.0,13.0,0.26367604314723864,40.389093138347164,0.6855110391695923,4.3532764703279065,0.0915180911433022,17.931879552328162,0.12989928995100958,-0.051993398187316464,0.11682242990654206,0.31165983855167284,43.66354898203199,0.7360581587825981,4.589741434048966,0.09556618705391884,17.522856634704976,0.1378814010125286,-0.06344242171149388,0.11682242990654206,1.0,4.0,1.0,4.0,1.0,4.0,1.0,6.0,0.0,-67.0,,,0.0,-79.0,1.0,4.0,1.0,2.0,1.0,2.0,1.0,2.0,1.0,6.0,0.0,-83.0,,,0.0,-65.0,1.0,2.0
Female_BreathTaking Over The Moon,Female,BreathTaking Over The Moon,-9.0,9.0,5.0,5.0,-9.0,9.0,5.0,5.0,-9.0,9.0,5.0,5.0,-6.0,6.0,4.0,4.0,-104.0,104.0,61.0,61.0,,,,,-74.0,74.0,60.0,60.0,-58.0,58.0,64.0,64.0,-64.0,64.0,86.0,86.0,-64.0,64.0,86.0,86.0,0.20402574232805556,35.61104996404915,0.6088425326987962,4.380292252123913,0.08887122188396049,17.82975710108525,0.12292110210038582,0.0024155634585942064,0.7242990654205608,0.21117683938730544,36.26352117663232,0.6192535373652093,4.588730670442091,0.09091630971459584,17.715533838253023,0.1251804970626561,-0.0016289005212694685,0.7336448598130841,1.0,55.0,1.0,55.0,1.0,55.0,1.0,58.0,0.0,-40.0,,,0.0,-10.0,1.0,6.0,1.0,81.0,1.0,81.0,1.0,81.0,1.0,82.0,1.0,25.0,,,1.0,26.0,1.0,22.0
Female_Chewing,Female,Chewing,-8.0,8.0,9.0,9.0,-8.0,8.0,9.0,9.0,-8.0,8.0,9.0,9.0,-7.0,7.0,7.0,7.0,-75.0,75.0,47.0,47.0,,,,,-80.0,80.0,52.0,52.0,-14.0,14.0,26.0,26.0,-16.0,16.0,26.0,26.0,-16.0,16.0,26.0,26.0,0.2563469735818489,39.806256617341084,0.6760586719855527,4.456033918466941,0.09278701584926753,17.946456104101383,0.13243296707295021,-0.045195735782106346,0.14485981308411214,0.30986210035386486,43.71509472231999,0.737611004821608,4.91608732346898,0.09864858908700609,16.98556399166759,0.1427064484582757,-0.049210916334223524,0.2383177570093458,1.0,8.0,1.0,8.0,1.0,8.0,1.0,9.0,0.0,-59.0,,,0.0,-64.0,1.0,2.0,1.0,17.0,1.0,17.0,1.0,17.0,1.0,19.0,0.0,-21.0,,,0.0,-26.0,0.0,0.0
Female_Choking,Female,Choking,-10.0,10.0,10.0,10.0,-10.0,10.0,10.0,10.0,-10.0,10.0,10.0,10.0,-7.0,7.0,5.0,5.0,-90.0,90.0,91.0,91.0,,,,,-101.0,101.0,93.0,93.0,-16.0,16.0,17.0,17.0,-23.0,23.0,17.0,17.0,-23.0,23.0,17.0,17.0,0.24900345016862743,38.342094762303006,0.649942616435969,4.263675998513387,0.08989707289158173,18.11880787134433,0.1262139045404938,-0.04562168575335886,0.29439252336448596,0.2594152221055788,38.74782728034759,0.654704714907664,4.297981977427953,0.0871792486128963,18.025308464939133,0.1185102067747206,-0.05791060236569877,0.1542056074766355,1.0,13.0,1.0,13.0,1.0,13.0,1.0,16.0,0.0,-67.0,,,0.0,-78.0,1.0,7.0,1.0,7.0,1.0,7.0,1.0,7.0,1.0,12.0,0.0,-74.0,,,0.0,-76.0,0.0,0.0
Female_Coughing,Female,Coughing,-11.0,11.0,10.0,10.0,-11.0,11.0,10.0,10.0,-11.0,11.0,10.0,10.0,-7.0,7.0,6.0,6.0,-90.0,90.0,96.0,96.0,,,,,-93.0,93.0,77.0,77.0,-65.0,65.0,65.0,65.0,-65.0,65.0,65.0,65.0,-65.0,65.0,65.0,65.0,0.2139226902868146,35.85282719023874,0.6112566862568677,4.464814979025972,0.09217661534840206,17.63585324598675,0.128568939232039,-0.011915887627646189,0.602803738317757,0.2122622165724496,35.62088833568252,0.6070056404465827,4.460330543134396,0.09089294504200186,17.862712376116537,0.12713937531664687,-0.013904962584237072,0.6121495327102804,1.0,54.0,1.0,54.0,1.0,54.0,1.0,58.0,0.0,-25.0,,,0.0,-28.0,0.0,0.0,1.0,55.0,1.0,55.0,1.0,55.0,1.0,59.0,0.0,-31.0,,,0.0,-12.0,0.0,0.0
Female_Crazed,Female,Crazed,-9.0,9.0,8.0,8.0,-9.0,9.0,8.0,8.0,-9.0,9.0,8.0,8.0,-7.0,7.0,5.0,5.0,-92.0,92.0,98.0,98.0,,,,,-97.0,97.0,95.0,95.0,-31.0,31.0,59.0,59.0,-31.0,31.0,59.0,59.0,-31.0,31.0,59.0,59.0,0.2042091561255054,35.022040351528986,0.5977122091417847,4.1653669322101035,0.0897712860748453,18.98985637378245,0.13067106333262515,-0.017769186296195626,0.40654205607476634,0.2123329360908437,35.69076621866672,0.6081873541853984,4.124848605647126,0.08711704834599361,19.086521627048093,0.12383421531544542,-0.016028744595073093,0.602803738317757,1.0,22.0,1.0,22.0,1.0,22.0,1.0,24.0,0.0,-61.0,,,0.0,-66.0,0.0,0.0,1.0,51.0,1.0,51.0,1.0,51.0,1.0,54.0,0.0,-39.0,,,0.0,-36.0,0.0,0.0
Female_Crying,Female,Crying,-7.0,7.0,7.0,7.0,-7.0,7.0,7.0,7.0,-7.0,7.0,7.0,7.0,-7.0,7.0,7.0,7.0,-57.0,57.0,101.0,101.0,,,,,-58.0,58.0,52.0,52.0,-9.0,9.0,6.0,6.0,-12.0,12.0,15.0,15.0,-12.0,12.0,15.0,15.0,0.2508945172635194,39.66938174105136,0.6747503962919498,4.5087335099265955,0.09247561421175048,18.073511912169355,0.13296920851857033,-0.04601346053809763,0.10747663551401869,0.31036785439910175,43.8667026969874,0.7402731144569151,4.811747620143344,0.09990431309164127,16.69318459757548,0.1430038306159231,-0.05627356107546904,0.10747663551401869,1.0,5.0,1.0,5.0,1.0,5.0,1.0,5.0,0.0,-45.0,,,0.0,-46.0,1.0,3.0,1.0,8.0,1.0,8.0,1.0,8.0,1.0,8.0,0.0,-86.0,,,0.0,-37.0,1.0,9.0
Female_Cute 01,Female,Cute,-9.0,9.0,11.0,11.0,-9.0,9.0,11.0,11.0,-9.0,9.0,11.0,11.0,-7.0,7.0,7.0,7.0,-94.0,94.0,54.0,54.0,,,,,-103.0,103.0,100.0,100.0,-15.0,15.0,30.0,30.0,-17.0,17.0,30.0,30.0,-17.0,17.0,30.0,30.0,0.25615156699563857,39.65141148433507,0.6732183041695122,4.148391708557572,0.08681153446295352,19.14453355440922,0.12314137169774973,-0.056338406890352195,0.14485981308411214,0.3140143818944414,43.9844872439019,0.741734829670358,4.680766526540028,0.09606810220491106,17.55400067465937,0.1377075935169211,-0.05826710791231316,0.2757009345794392,1.0,8.0,1.0,8.0,1.0,8.0,1.0,10.0,0.0,-77.0,,,0.0,-86.0,1.0,2.0,1.0,19.0,1.0,19.0,1.0,19.0,1.0,23.0,0.0,-24.0,,,0.0,-70.0,0.0,0.0
Female_Cute 02,Female,Cute,-7.0,7.0,11.0,11.0,-7.0,7.0,11.0,11.0,-7.0,7.0,11.0,11.0,-6.0,6.0,7.0,7.0,-91.0,91.0,46.0,46.0,,,,,-104.0,104.0,82.0,82.0,0.0,0.0,0.0,0.0,-17.0,17.0,23.0,23.0,-17.0,17.0,23.0,23.0,0.2570233793459206,40.05288220120367,0.6806011544627564,4.303488668559171,0.08916439755626444,18.67387550598499,0.1276470770672807,-0.050914468609284017,0.1542056074766355,0.3229760917547707,44.80391640306633,0.7548949859827478,4.555292380590723,0.09279727455333014,17.701220590947422,0.13149744384693648,-0.057172930686273306,0.2102803738317757,1.0,10.0,1.0,10.0,1.0,10.0,1.0,11.0,0.0,-74.0,,,0.0,-87.0,1.0,17.0,1.0,12.0,1.0,12.0,1.0,12.0,1.0,16.0,0.0,-23.0,,,0.0,-59.0,1.0,23.0
Female_Cute 03,Female,Cute,-8.0,8.0,11.0,11.0,-8.0,8.0,11.0,11.0,-8.0,8.0,11.0,11.0,-7.0,7.0,7.0,7.0,-102.0,102.0,74.0,74.0,,,,,-57.0,57.0,79.0,79.0,-15.0,15.0,20.0,20.0,-17.0,17.0,21.0,21.0,-17.0,17.0,21.0,21.0,0.26096731145805285,40.18496063713715,0.6822158722080038,4.415504820662264,0.0920714485933477,17.669156405671302,0.13112995432654642,-0.049829440417690815,0.1542056074766355,0.3049490518659075,43.21835836294655,0.7292812503834429,4.62152491819775,0.09788380143728768,16.86495039117192,0.1402162835353388,-0.04615766088539195,0.2102803738317757,1.0,9.0,1.0,9.0,1.0,9.0,1.0,10.0,0.0,-85.0,,,0.0,-40.0,1.0,2.0,1.0,10.0,1.0,10.0,1.0,10.0,1.0,14.0,0.0,-53.0,,,0.0,-58.0,1.0,1.0
Female_Cute 04,Female,Cute,-7.0,7.0,11.0,11.0,-7.0,7.0,11.0,11.0,-7.0,7.0,11.0,11.0,-7.0,7.0,7.0,7.0,-92.0,92.0,54.0,54.0,,,,,-81.0,81.0,95.0,95.0,-16.0,16.0,14.0,14.0,-19.0,19.0,19.0,19.0,-19.0,19.0,19.0,19.0,0.2590649150242315,40.120879514195096,0.6813895969051067,4.347519349515717,0.09035367761158718,18.123969319993257,0.12908741090235845,-0.05932606046444902,0.17289719626168223,0.3225014610825298,44.536803677817375,0.7499599744365594,4.64360833613672,0.0961724547234094,17.174026318483993,0.1379440263054281,-0.07166504525692663,0.17289719626168223,1.0,12.0,1.0,12.0,1.0,12.0,1.0,12.0,0.0,-73.0,,,0.0,-62.0,1.0,3.0,1.0,8.0,1.0,8.0,1.0,8.0,1.0,12.0,0.0,-35.0,,,0.0,-76.0,1.0,5.0
Female_Cute 05,Female,Cute,-10.0,10.0,11.0,11.0,-10.0,10.0,11.0,11.0,-10.0,10.0,11.0,11.0,-8.0,8.0,8.0,8.0,-91.0,91.0,102.0,102.0,,,,,-100.0,100.0,97.0,97.0,-11.0,11.0,11.0,11.0,-12.0,12.0,12.0,12.0,-12.0,12.0,12.0,12.0,0.25442467504572647,39.495407501113746,0.67085828430225,4.234424303015955,0.08899566713931426,18.542453932038573,0.12617354112554272,-0.051916867773109505,0.10747663551401869,0.31494784577984675,43.893919650639326,0.7396823471398685,4.404699459062698,0.09083536761664898,18.33129796653549,0.13137554398403978,-0.07214891966258254,0.10747663551401869,1.0,2.0,1.0,2.0,1.0,2.0,1.0,4.0,0.0,-79.0,,,0.0,-88.0,1.0,1.0,1.0,1.0,1.0,1.0,1.0,1.0,1.0,4.0,0.0,-90.0,,,0.0,-85.0,1.0,1.0
Female_Despise 01,Female,Despise,-9.0,9.0,12.0,12.0,-9.0,9.0,12.0,12.0,-9.0,9.0,12.0,12.0,-7.0,7.0,7.0,7.0,-91.0,91.0,45.0,45.0,,,,,-101.0,101.0,59.0,59.0,-19.0,19.0,8.0,8.0,-20.0,20.0,13.0,13.0,-20.0,20.0,13.0,13.0,0.2497164799231235,39.297644889243294,0.668107424314334,4.279125744529138,0.08853962866343418,18.55758137958254,0.12615728195545808,-0.03947090879778996,0.1822429906542056,0.30034097945578747,42.708387499657746,0.720763268732579,4.608617765219691,0.09769825675637922,17.38302780929546,0.1412549744237144,-0.05046014738417117,0.09813084112149532,1.0,11.0,1.0,11.0,1.0,11.0,1.0,13.0,0.0,-71.0,,,0.0,-81.0,1.0,1.0,1.0,1.0,1.0,1.0,1.0,1.0,1.0,6.0,0.0,-32.0,,,0.0,-46.0,1.0,5.0
Female_Despise 02,Female,Despise,-9.0,9.0,10.0,10.0,-9.0,9.0,10.0,10.0,-9.0,9.0,10.0,10.0,-7.0,7.0,7.0,7.0,-97.0,97.0,60.0,60.0,,,,,-92.0,92.0,53.0,53.0,-28.0,28.0,25.0,25.0,-29.0,29.0,27.0,27.0,-29.0,29.0,27.0,27.0,0.2274063923091532,37.42789007347321,0.6378385554128718,4.28856016467456,0.09038121021299991,18.520288741883515,0.12993451418741694,-0.013112067062164022,0.40654205607476634,0.2691659172561681,40.23272390009087,0.6812221634193002,4.596355025160396,0.09781870131041402,17.80546267037397,0.14443458968176032,-0.02294571976238322,0.3691588785046729,1.0,20.0,1.0,20.0,1.0,20.0,1.0,22.0,0.0,-68.0,,,0.0,-63.0,1.0,1.0,1.0,17.0,1.0,17.0,1.0,17.0,1.0,20.0,0.0,-33.0,,,0.0,-26.0,1.0,2.0
Female_Despise 03,Female,Despise,-9.0,9.0,11.0,11.0,-9.0,9.0,11.0,11.0,-9.0,9.0,11.0,11.0,-6.0,6.0,6.0,6.0,-80.0,80.0,101.0,101.0,,,,,-101.0,101.0,46.0,46.0,-20.0,20.0,21.0,21.0,-22.0,22.0,23.0,23.0,-22.0,22.0,23.0,23.0,0.2203832586234975,36.88699765517333,0.6291801155141802,4.347388257855706,0.08836569148555116,18.658059218252777,0.12710438981511682,-0.01818968146760887,0.2757009345794392,0.269503166742414,40.39207995049307,0.6841442328718442,4.634614999432151,0.09421005657064581,17.57803012034109,0.13510083178726007,-0.03711225983695449,0.2102803738317757,1.0,13.0,1.0,13.0,1.0,13.0,1.0,16.0,0.0,-58.0,,,0.0,-79.0,1.0,2.0,1.0,12.0,1.0,12.0,1.0,12.0,1.0,17.0,0.0,-78.0,,,0.0,-23.0,1.0,2.0
Female_Despise 04,Female,Despise,-9.0,9.0,10.0,10.0,-9.0,9.0,10.0,10.0,-9.0,9.0,10.0,10.0,-6.0,6.0,5.0,5.0,-25.0,25.0,57.0,57.0,,,,,-91.0,91.0,92.0,92.0,-10.0,10.0,17.0,17.0,-13.0,13.0,18.0,18.0,-13.0,13.0,18.0,18.0,0.2578592974448872,40.15669221744359,0.6824059729403424,4.962553256321873,0.09809864326468054,16.931366936304507,0.14146794027314996,-0.051749426070774825,0.11682242990654206,0.3267487521483519,44.99702711194475,0.7575793393722204,5.22612967418733,0.1048704365216126,15.852377176625392,0.15289718967001392,-0.07287233371600926,0.16355140186915887,1.0,4.0,1.0,4.0,1.0,4.0,1.0,7.0,0.0,-12.0,,,0.0,-78.0,1.0,3.0,1.0,8.0,1.0,8.0,1.0,8.0,1.0,13.0,0.0,-39.0,,,0.0,-74.0,1.0,1.0
Female_Despise 05,Female,Despise,-10.0,10.0,12.0,12.0,-10.0,10.0,12.0,12.0,-10.0,10.0,12.0,12.0,-7.0,7.0,7.0,7.0,-100.0,100.0,45.0,45.0,,,,,-101.0,101.0,46.0,46.0,-21.0,21.0,8.0,8.0,-23.0,23.0,12.0,12.0,-23.0,23.0,12.0,12.0,0.2265345671466578,37.33532196561867,0.6363210012422544,4.267312118940264,0.08729075654497687,18.950772343190675,0.12471261508059951,-0.025194844074338398,0.2102803738317757,0.2772460707994265,40.99296962435,0.693732129288054,4.509180698091182,0.09365130943533416,17.95261532387258,0.13454988946751603,-0.039593239532452876,0.09813084112149532,1.0,13.0,1.0,13.0,1.0,13.0,1.0,16.0,0.0,-77.0,,,0.0,-78.0,1.0,2.0,0.0,0.0,0.0,0.0,0.0,0.0,1.0,5.0,0.0,-33.0,,,0.0,-34.0,1.0,4.0
Female_Determined,Female,Determined,-8.0,8.0,7.0,7.0,-8.0,8.0,7.0,7.0,-8.0,8.0,7.0,7.0,-7.0,7.0,5.0,5.0,-98.0,98.0,63.0,63.0,,,,,-81.0,81.0,91.0,91.0,-19.0,19.0,19.0,19.0,-19.0,19.0,21.0,21.0,-19.0,19.0,21.0,21.0,0.240900656887304,38.716878703821486,0.6591294372951878,4.308092702545713,0.08843882803647023,17.88675335600786,0.1228525810787138,-0.03810045123100281,0.16822429906542055,0.24348332781657994,38.8833916922596,0.6613381456193528,4.304555554256261,0.08944273144703045,18.924551519586913,0.12853803148247162,-0.04147226342531008,0.19626168224299065,1.0,11.0,1.0,11.0,1.0,11.0,1.0,12.0,0.0,-79.0,,,0.0,-62.0,0.0,0.0,1.0,14.0,1.0,14.0,1.0,14.0,1.0,16.0,0.0,-42.0,,,0.0,-70.0,1.0,2.0
Female_Distrust 01,Female,Distrust,-9.0,9.0,11.0,11.0,-9.0,9.0,11.0,11.0,-9.0,9.0,11.0,11.0,-7.0,7.0,7.0,7.0,-80.0,80.0,54.0,54.0,,,,,-81.0,81.0,86.0,86.0,-5.0,5.0,11.0,11.0,-11.0,11.0,13.0,13.0,-11.0,11.0,13.0,13.0,0.27102623141814614,41.03624186560372,0.6959726472045774,4.348062127985269,0.09115946373708968,18.44915533318736,0.13173989294413127,-0.056089795638467665,0.09813084112149532,0.2983605538573221,42.627366634172816,0.7196802814082007,4.577052333662025,0.09444356904687168,18.043230934455526,0.1387772503888832,-0.0526158120309081,0.11682242990654206,1.0,2.0,1.0,2.0,1.0,2.0,1.0,4.0,0.0,-69.0,,,0.0,-70.0,1.0,6.0,1.0,2.0,1.0,2.0,1.0,2.0,1.0,6.0,0.0,-41.0,,,0.0,-73.0,1.0,2.0
Female_Distrust 02,Female,Distrust,-8.0,8.0,11.0,11.0,-8.0,8.0,11.0,11.0,-8.0,8.0,11.0,11.0,-7.0,7.0,7.0,7.0,-80.0,80.0,54.0,54.0,,,,,-80.0,80.0,45.0,45.0,-7.0,7.0,4.0,4.0,-9.0,9.0,6.0,6.0,-9.0,9.0,6.0,6.0,0.2698566189436155,40.98833205766767,0.695342103315291,4.387216407353076,0.0918743574534947,18.22398815454687,0.13267935801930023,-0.05598873373503997,0.0794392523364486,0.3051685197888134,43.2451691337835,0.7295361700180535,4.794902400540136,0.0961792892036594,17.74478849569198,0.14182495828366504,-0.06185402268561247,0.07009345794392523,1.0,1.0,1.0,1.0,1.0,1.0,1.0,2.0,0.0,-71.0,,,0.0,-71.0,1.0,2.0,0.0,-5.0,0.0,-5.0,0.0,-5.0,0.0,-1.0,0.0,-48.0,,,0.0,-39.0,1.0,2.0
Female_Distrust 03,Female,Distrust,-9.0,9.0,11.0,11.0,-9.0,9.0,11.0,11.0,-9.0,9.0,11.0,11.0,-6.0,6.0,7.0,7.0,-102.0,102.0,54.0,54.0,,,,,-81.0,81.0,63.0,63.0,-18.0,18.0,30.0,30.0,-19.0,19.0,31.0,31.0,-19.0,19.0,31.0,31.0,0.2577764609149683,39.93743724020842,0.6782309050175631,4.330621296052482,0.09091962656041361,18.163877432207904,0.12994022108614445,-0.03686828618851778,0.17289719626168223,0.2943398089052361,42.454930916010774,0.7174340195814582,4.663876497630622,0.09782833863641614,17.434425299222504,0.14214340354895816,-0.035477454417219785,0.2850467289719626,1.0,10.0,1.0,10.0,1.0,10.0,1.0,13.0,0.0,-83.0,,,0.0,-62.0,1.0,1.0,1.0,20.0,1.0,20.0,1.0,20.0,1.0,24.0,0.0,-23.0,,,0.0,-32.0,1.0,1.0
Female_Distrust 04,Female,Distrust,-8.0,8.0,11.0,11.0,-8.0,8.0,11.0,11.0,-8.0,8.0,11.0,11.0,-7.0,7.0,7.0,7.0,-102.0,102.0,96.0,96.0,,,,,-81.0,81.0,95.0,95.0,-15.0,15.0,13.0,13.0,-19.0,19.0,13.0,13.0,-19.0,19.0,13.0,13.0,0.24564269547150513,39.06872390586639,0.664691744168,4.226917590702248,0.08626144595514491,19.08476185076389,0.12356711962734754,-0.04206869284683299,0.17289719626168223,0.2917875655900652,42.1899627591962,0.7128854363889843,4.439857791308488,0.09228563038893392,17.98631752973702,0.13429542093203878,-0.051338450234627055,0.14485981308411214,1.0,11.0,1.0,11.0,1.0,11.0,1.0,12.0,0.0,-83.0,,,0.0,-62.0,1.0,4.0,1.0,2.0,1.0,2.0,1.0,2.0,1.0,6.0,0.0,-83.0,,,0.0,-82.0,0.0,0.0
Female_Distrust 05,Female,Distrust,-7.0,7.0,11.0,11.0,-7.0,7.0,11.0,11.0,-7.0,7.0,11.0,11.0,-7.0,7.0,7.0,7.0,-81.0,81.0,51.0,51.0,,,,,-81.0,81.0,103.0,103.0,-8.0,8.0,18.0,18.0,-9.0,9.0,19.0,19.0,-9.0,9.0,19.0,19.0,0.2721040688942526,41.306739258989,0.700772176418349,4.342522551488375,0.09152250585831562,18.115078450307347,0.12984791299644508,-0.04935007131545343,0.0794392523364486,0.31558170246186656,44.047585694589344,0.7424026344006307,4.481962433241517,0.09126564560928077,17.730307901478646,0.12875956465613167,-0.053843025013665176,0.17289719626168223,1.0,2.0,1.0,2.0,1.0,2.0,1.0,2.0,0.0,-72.0,,,0.0,-72.0,1.0,1.0,1.0,8.0,1.0,8.0,1.0,8.0,1.0,12.0,0.0,-32.0,,,0.0,-84.0,1.0,1.0
Female_Empathy 01,Female,Empathy,-7.0,7.0,10.0,10.0,-7.0,7.0,10.0,10.0,-7.0,7.0,10.0,10.0,-7.0,7.0,7.0,7.0,-81.0,81.0,47.0,47.0,,,,,-65.0,65.0,78.0,78.0,-3.0,3.0,2.0,2.0,-9.0,9.0,11.0,11.0,-9.0,9.0,11.0,11.0,0.2656239390930283,40.72226762325964,0.6912626211540164,4.437113449900089,0.09240152570858316,17.21273337185094,0.12874820157182668,-0.05492433766338313,0.0794392523364486,0.3359225030257323,45.781189735804766,0.7702556938350757,4.773914504691819,0.0991281703044878,16.638902877924462,0.14219785667955875,-0.06426473282207952,0.09813084112149532,1.0,2.0,1.0,2.0,1.0,2.0,1.0,2.0,0.0,-72.0,,,0.0,-56.0,1.0,6.0,1.0,1.0,1.0,1.0,1.0,1.0,1.0,4.0,0.0,-36.0,,,0.0,-67.0,1.0,9.0
Female_Empathy 02,Female,Empathy,-9.0,9.0,11.0,11.0,-9.0,9.0,11.0,11.0,-9.0,9.0,11.0,11.0,-7.0,7.0,7.0,7.0,-54.0,54.0,41.0,41.0,,,,,-93.0,93.0,65.0,65.0,-16.0,16.0,13.0,13.0,-17.0,17.0,19.0,19.0,-17.0,17.0,19.0,19.0,0.2416542294983552,38.63253822059275,0.6573479840467159,4.534593569306291,0.09437246111063462,17.614017894608164,0.13461039204783035,-0.04900732859272823,0.1542056074766355,0.30618756062516544,43.300422744216206,0.7305762388217364,4.9355429499540655,0.10481860808958517,16.832343525251485,0.15540955683111018,-0.061545864026123116,0.16355140186915887,1.0,8.0,1.0,8.0,1.0,8.0,1.0,10.0,0.0,-37.0,,,0.0,-76.0,1.0,1.0,1.0,8.0,1.0,8.0,1.0,8.0,1.0,12.0,0.0,-22.0,,,0.0,-46.0,1.0,6.0
Female_Empathy 03,Female,Empathy,-8.0,8.0,9.0,9.0,-8.0,8.0,9.0,9.0,-8.0,8.0,9.0,9.0,-6.0,6.0,7.0,7.0,-81.0,81.0,42.0,42.0,,,,,-55.0,55.0,48.0,48.0,-8.0,8.0,18.0,18.0,-11.0,11.0,23.0,23.0,-11.0,11.0,23.0,23.0,0.23280580996352934,37.9241684129305,0.6459369249269942,4.531964937468695,0.09418935982405015,17.7526460280325,0.13571197493880424,-0.03725840833699592,0.08878504672897196,0.30306378034787756,43.155977039693674,0.7285032591227774,5.117961045424236,0.10891505247243097,15.951340061097921,0.15989668115551742,-0.04757103950620812,0.2102803738317757,1.0,3.0,1.0,3.0,1.0,3.0,1.0,5.0,0.0,-70.0,,,0.0,-44.0,1.0,3.0,1.0,14.0,1.0,14.0,1.0,14.0,1.0,16.0,0.0,-19.0,,,0.0,-25.0,1.0,5.0
Female_Empathy 04,Female,Empathy,-9.0,9.0,10.0,10.0,-9.0,9.0,10.0,10.0,-9.0,9.0,10.0,10.0,-7.0,7.0,7.0,7.0,-90.0,90.0,86.0,86.0,,,,,-80.0,80.0,83.0,83.0,-8.0,8.0,14.0,14.0,-16.0,16.0,16.0,16.0,-16.0,16.0,16.0,16.0,0.25910611520303745,39.84472982460093,0.6762872146459941,4.331012159655584,0.09070141829620555,18.245899205348728,0.128568356891848,-0.0510430115962697,0.1261682242990654,0.3138124756166868,43.90056249582879,0.7399524134871002,4.459683780271177,0.09103887091242821,18.39887336955423,0.13214995269224328,-0.06662557476034789,0.13551401869158877,1.0,7.0,1.0,7.0,1.0,7.0,1.0,9.0,0.0,-74.0,,,0.0,-64.0,1.0,8.0,1.0,6.0,1.0,6.0,1.0,6.0,1.0,9.0,0.0,-70.0,,,0.0,-67.0,1.0,2.0
Female_Empathy 05,Female,Empathy,-9.0,9.0,10.0,10.0,-9.0,9.0,10.0,10.0,-9.0,9.0,10.0,10.0,-5.0,5.0,6.0,6.0,-41.0,41.0,92.0,92.0,,,,,-80.0,80.0,55.0,55.0,-8.0,8.0,28.0,28.0,-8.0,8.0,28.0,28.0,-8.0,8.0,28.0,28.0,0.250330390774201,39.32189472145009,0.6683108737674829,4.799009280853739,0.0977707388898674,16.831374033613994,0.13868792425349075,-0.04694527220503192,0.07009345794392523,0.31542836756349724,44.171051479945675,0.7444902472546168,4.991766367508012,0.09993067857261016,16.499478588352574,0.143923338572934,-0.056949002720485226,0.2570093457943925,0.0,-1.0,0.0,-1.0,0.0,-1.0,1.0,3.0,0.0,-33.0,,,0.0,-72.0,0.0,0.0,1.0,18.0,1.0,18.0,1.0,18.0,1.0,22.0,0.0,-64.0,,,0.0,-27.0,0.0,0.0
Female_Expressions Anger 01,Female,Expressions Anger,-9.0,9.0,20.0,20.0,-9.0,9.0,20.0,20.0,-9.0,9.0,20.0,20.0,-7.0,7.0,14.0,14.0,-60.0,60.0,41.0,41.0,,,0.0,0.0,-102.0,102.0,48.0,48.0,-9.0,9.0,12.0,12.0,-10.0,10.0,15.0,15.0,-10.0,10.0,15.0,15.0,0.24199625738313266,38.61153560041267,0.6570291035921774,4.138222626192826,0.0855831112185458,19.292422856825105,0.12087972186294929,-0.040429573192774695,0.08878504672897196,0.28622677170227623,39.95658844180196,0.6730026190874175,4.330185274145279,0.09340529702603817,22.53549878192926,0.14124585521178987,-0.06102166081143317,0.13551401869158877,1.0,1.0,1.0,1.0,1.0,1.0,1.0,3.0,0.0,-50.0,,,0.0,-92.0,1.0,1.0,0.0,-5.0,0.0,-5.0,0.0,-5.0,1.0,1.0,0.0,-26.0,1.0,15.0,0.0,-33.0,1.0,3.0
Female_Expressions Anger 02,Female,Expressions Anger,-11.0,11.0,17.0,17.0,-11.0,11.0,17.0,17.0,-11.0,11.0,17.0,17.0,-7.0,7.0,13.0,13.0,-92.0,92.0,49.0,49.0,,,0.0,0.0,-92.0,92.0,55.0,55.0,-23.0,23.0,18.0,18.0,-24.0,24.0,20.0,20.0,-24.0,24.0,20.0,20.0,0.21149995950894934,35.71550414495379,0.609238870020024,4.084322104265339,0.08619053935948408,19.584953404018542,0.12283247289300528,-0.029205871241114963,0.22897196261682243,0.3053695695979573,41.68853323871844,0.700776221914138,4.3467620695357985,0.09161090669787933,21.521404193346314,0.1354626333692445,-0.0826861819374227,0.17289719626168223,1.0,13.0,1.0,13.0,1.0,13.0,1.0,17.0,0.0,-68.0,,,0.0,-68.0,1.0,1.0,1.0,3.0,1.0,3.0,1.0,3.0,1.0,7.0,0.0,-29.0,1.0,20.0,0.0,-35.0,1.0,2.0
Female_Expressions Anger 03,Female,Expressions Anger,-9.0,9.0,18.0,18.0,-9.0,9.0,18.0,18.0,-9.0,9.0,18.0,18.0,-6.0,6.0,13.0,13.0,-91.0,91.0,42.0,42.0,,,0.0,0.0,,,49.0,49.0,-22.0,22.0,18.0,18.0,-23.0,23.0,20.0,20.0,-23.0,23.0,20.0,20.0,0.2384357293632543,38.253045496539535,0.6509115358588294,4.313359869992204,0.0873354226877948,18.99548258469048,0.12407321228101006,-0.039736209907264355,0.2102803738317757,0.313739426782198,42.23463021845461,0.7091237790795548,4.606511147666688,0.09788362979540759,20.79984601007363,0.14544627818999425,-0.07796875074088017,0.17289719626168223,1.0,14.0,1.0,14.0,1.0,14.0,1.0,17.0,0.0,-68.0,,,,,1.0,1.0,1.0,2.0,1.0,2.0,1.0,2.0,1.0,7.0,0.0,-22.0,1.0,20.0,0.0,-29.0,1.0,2.0
Female_Expressions Anger 04,Female,Expressions Anger,-10.0,10.0,20.0,20.0,-10.0,10.0,20.0,20.0,-10.0,10.0,20.0,20.0,-7.0,7.0,11.0,11.0,-101.0,101.0,36.0,36.0,,,1.0,1.0,-103.0,103.0,37.0,37.0,-14.0,14.0,23.0,23.0,-14.0,14.0,24.0,24.0,-14.0,14.0,24.0,24.0,0.23542896163797825,37.53716729957367,0.6379251734954174,4.46066057079724,0.09010808310418758,18.02949168513584,0.1274002686775518,-0.041324366058144615,0.1261682242990654,0.3253330451862834,42.81297924306905,0.7169457658794578,5.051938629034628,0.10537240833531474,17.61532387002824,0.15343256632112107,-0.08892196444707497,0.21962616822429906,1.0,4.0,1.0,4.0,1.0,4.0,1.0,7.0,0.0,-87.0,,,0.0,-89.0,0.0,0.0,1.0,4.0,1.0,4.0,1.0,4.0,1.0,13.0,0.0,-12.0,1.0,23.0,0.0,-13.0,1.0,1.0
Female_Expressions Anger 05,Female,Expressions Anger,-11.0,11.0,18.0,18.0,-11.0,11.0,18.0,18.0,-11.0,11.0,18.0,18.0,-6.0,6.0,13.0,13.0,-91.0,91.0,40.0,40.0,,,1.0,1.0,-93.0,93.0,40.0,40.0,-22.0,22.0,17.0,17.0,-22.0,22.0,18.0,18.0,-22.0,22.0,18.0,18.0,0.24675026870219507,38.796251372756245,0.6594271531032625,4.284803179954396,0.0876918642096362,18.71577418538168,0.1253853863421476,-0.04631961589661714,0.20093457943925233,0.3017247583821555,41.17636137198065,0.6921855280106174,4.618333480425318,0.09546106639448727,21.474838357495024,0.1417334908619523,-0.07253755141641492,0.16355140186915887,1.0,11.0,1.0,11.0,1.0,11.0,1.0,16.0,0.0,-69.0,,,0.0,-71.0,0.0,0.0,0.0,0.0,0.0,0.0,0.0,0.0,1.0,5.0,0.0,-22.0,1.0,17.0,0.0,-22.0,1.0,1.0
Female_Expressions Confusion 01,Female,Expressions Confusion,-10.0,10.0,21.0,21.0,-10.0,10.0,21.0,21.0,-10.0,10.0,21.0,21.0,-6.0,6.0,10.0,10.0,-90.0,90.0,37.0,37.0,,,,,-81.0,81.0,31.0,31.0,-12.0,12.0,22.0,22.0,-12.0,12.0,29.0,29.0,-12.0,12.0,29.0,29.0,0.23321309240064889,37.51706513288979,0.6380613595247269,4.5982877071250545,0.098586278493112,17.722906990424693,0.1431302666874989,-0.03523835957607376,0.29439252336448596,0.3120517872761343,42.060931136117915,0.7060261561805121,5.12468688764444,0.10319940383746246,17.973153561720114,0.15147873842737303,-0.07499891408135957,0.26635514018691586,1.0,2.0,1.0,2.0,1.0,2.0,1.0,6.0,0.0,-78.0,,,0.0,-69.0,0.0,0.0,1.0,8.0,1.0,8.0,1.0,8.0,1.0,19.0,0.0,-8.0,,,0.0,-2.0,1.0,7.0
Female_Expressions Confusion 02,Female,Expressions Confusion,-8.0,8.0,21.0,21.0,-8.0,8.0,21.0,21.0,-8.0,8.0,21.0,21.0,-7.0,7.0,13.0,13.0,-101.0,101.0,48.0,48.0,,,0.0,0.0,-81.0,81.0,32.0,32.0,-13.0,13.0,21.0,21.0,-23.0,23.0,21.0,21.0,-23.0,23.0,21.0,21.0,0.27595021680136705,41.491643638254324,0.7033736363192585,4.308191050018106,0.08977271265016412,18.32796068401758,0.12652862254741057,-0.06263504741347839,0.1822429906542056,0.30756522729018027,41.421978333843086,0.695525657846897,4.36052649799804,0.09473175471909692,21.09135108487069,0.1411665076003322,-0.07702125010089339,0.19158878504672897,1.0,15.0,1.0,15.0,1.0,15.0,1.0,16.0,0.0,-78.0,,,0.0,-58.0,1.0,10.0,0.0,0.0,0.0,0.0,0.0,0.0,1.0,8.0,0.0,-27.0,1.0,21.0,0.0,-11.0,0.0,0.0
Female_Expressions Confusion 03,Female,Expressions Confusion,-9.0,9.0,19.0,19.0,-9.0,9.0,19.0,19.0,-9.0,9.0,19.0,19.0,-6.0,6.0,12.0,12.0,-79.0,79.0,45.0,45.0,,,0.0,0.0,-43.0,43.0,40.0,40.0,-8.0,8.0,19.0,19.0,-10.0,10.0,20.0,20.0,-10.0,10.0,20.0,20.0,0.25872589550285696,40.158309163334216,0.682243893706353,4.447774264125902,0.09294655268906422,18.968481182160495,0.1382381770197513,-0.052216400609952265,0.08878504672897196,0.31431152274675456,42.308517549082495,0.7106245224860227,4.653794245546353,0.09745736262613089,20.72619442331472,0.1440283866985789,-0.07474530662331626,0.1822429906542056,1.0,1.0,1.0,1.0,1.0,1.0,1.0,4.0,0.0,-69.0,,,0.0,-33.0,1.0,2.0,1.0,1.0,1.0,1.0,1.0,1.0,1.0,8.0,0.0,-25.0,1.0,20.0,0.0,-20.0,1.0,1.0
Female_Expressions Confusion 04,Female,Expressions Confusion,-10.0,10.0,20.0,20.0,-10.0,10.0,20.0,20.0,-10.0,10.0,20.0,20.0,-7.0,7.0,13.0,13.0,-44.0,44.0,41.0,41.0,,,0.0,0.0,-44.0,44.0,60.0,60.0,-7.0,7.0,12.0,12.0,-9.0,9.0,20.0,20.0,-9.0,9.0,20.0,20.0,0.26175099054229595,40.17464958618734,0.6821305972880849,4.226137201919734,0.0879617160678191,19.444274637233903,0.12883876107703401,-0.053384877253915664,0.0794392523364486,0.29450046542648955,40.48887581747269,0.6809085402724759,4.212197613985078,0.08906772333223408,22.40152178779818,0.13116479918079557,-0.07307396091033365,0.1822429906542056,0.0,-1.0,0.0,-1.0,0.0,-1.0,1.0,2.0,0.0,-35.0,,,0.0,-35.0,1.0,2.0,0.0,0.0,0.0,0.0,0.0,0.0,1.0,7.0,0.0,-21.0,1.0,20.0,0.0,-40.0,1.0,8.0
Female_Expressions Confusion 05,Female,Expressions Confusion,-8.0,8.0,23.0,23.0,-8.0,8.0,23.0,23.0,-8.0,8.0,23.0,23.0,-6.0,6.0,12.0,12.0,-91.0,91.0,31.0,31.0,,,1.0,1.0,-95.0,95.0,33.0,33.0,-21.0,21.0,27.0,27.0,-23.0,23.0,27.0,27.0,-23.0,23.0,27.0,27.0,0.24145650028068327,38.612616514491144,0.6569131058339284,4.60557422936659,0.0936215220124654,17.72535548379559,0.13393362437568182,-0.03794325094356715,0.2102803738317757,0.2902894036792149,40.06898893374149,0.6741968764900544,5.242757928344447,0.1063823882734107,19.375908851173214,0.15517098005017582,-0.06136577903667343,0.26635514018691586,1.0,15.0,1.0,15.0,1.0,15.0,1.0,17.0,0.0,-68.0,,,0.0,-72.0,1.0,2.0,1.0,4.0,1.0,4.0,1.0,4.0,1.0,15.0,0.0,-4.0,1.0,26.0,0.0,-6.0,0.0,0.0
Female_Expressions Contempt 01,Female,Expressions Contempt,-10.0,10.0,20.0,20.0,-10.0,10.0,20.0,20.0,-10.0,10.0,20.0,20.0,-7.0,7.0,14.0,14.0,-81.0,81.0,58.0,58.0,,,1.0,1.0,-81.0,81.0,55.0,55.0,-10.0,10.0,17.0,17.0,-20.0,20.0,20.0,20.0,-20.0,20.0,20.0,20.0,0.2436934971363745,38.521680883158034,0.6548186905685228,4.219612566040498,0.08822712908446226,18.85810080397337,0.1254853099795445,-0.04500669408067365,0.17289719626168223,0.295597316505753,40.67840585140424,0.6846884593805916,4.163259618027815,0.08826695414799675,22.69457586555419,0.12837699182190984,-0.06407068084890598,0.1822429906542056,1.0,10.0,1.0,10.0,1.0,10.0,1.0,13.0,0.0,-61.0,,,0.0,-61.0,1.0,10.0,0.0,0.0,0.0,0.0,0.0,0.0,1.0,6.0,0.0,-38.0,1.0,19.0,0.0,-35.0,1.0,3.0
Female_Expressions Contempt 02,Female,Expressions Contempt,-10.0,10.0,20.0,20.0,-10.0,10.0,20.0,20.0,-10.0,10.0,20.0,20.0,-7.0,7.0,13.0,13.0,-81.0,81.0,42.0,42.0,,,0.0,0.0,-81.0,81.0,56.0,56.0,-9.0,9.0,41.0,41.0,-10.0,10.0,43.0,43.0,-10.0,10.0,43.0,43.0,0.24048608040141167,38.36905026658673,0.6529201135108961,4.3792982662497,0.09134315374254617,17.78934702418462,0.12835752352509858,-0.04093154596391125,0.1261682242990654,0.2838543347109144,39.67629047253421,0.6682086539689764,4.459164739673453,0.09305731657996913,21.308687519533006,0.13435474686535462,-0.05885749665376182,0.37850467289719625,0.0,0.0,0.0,0.0,0.0,0.0,1.0,3.0,0.0,-71.0,,,0.0,-71.0,1.0,1.0,1.0,23.0,1.0,23.0,1.0,23.0,1.0,30.0,1.0,1.0,1.0,43.0,0.0,-13.0,1.0,2.0
Female_Expressions Contempt 03,Female,Expressions Contempt,-9.0,9.0,20.0,20.0,-9.0,9.0,20.0,20.0,-9.0,9.0,20.0,20.0,-7.0,7.0,12.0,12.0,-90.0,90.0,32.0,32.0,,,0.0,0.0,-81.0,81.0,43.0,43.0,-24.0,24.0,31.0,31.0,-24.0,24.0,33.0,33.0,-24.0,24.0,33.0,33.0,0.24784789631299883,38.965418211767606,0.6621441444921716,4.4494130820836695,0.09183808127945324,18.158838036614245,0.1308387725280141,-0.042206385425318065,0.22897196261682243,0.30084982319412945,40.98898612450216,0.6888359312107352,4.8442288495722075,0.09803139453179369,19.966471403730242,0.1441006267373011,-0.06350796760242676,0.3037383177570093,1.0,15.0,1.0,15.0,1.0,15.0,1.0,17.0,0.0,-66.0,,,0.0,-57.0,0.0,0.0,1.0,13.0,1.0,13.0,1.0,13.0,1.0,21.0,1.0,1.0,1.0,33.0,0.0,-10.0,1.0,2.0
Female_Expressions Contempt 04,Female,Expressions Contempt,-10.0,10.0,20.0,20.0,-10.0,10.0,20.0,20.0,-10.0,10.0,20.0,20.0,-7.0,7.0,14.0,14.0,-81.0,81.0,51.0,51.0,,,0.0,0.0,-81.0,81.0,56.0,56.0,-10.0,10.0,17.0,17.0,-12.0,12.0,20.0,20.0,-12.0,12.0,20.0,20.0,0.2516085772870857,39.43107113214297,0.6703578099945393,4.317820030133997,0.08866834819738595,18.36817437515853,0.12386524591173204,-0.042819702179632456,0.10747663551401869,0.28221229526484126,39.534298501282095,0.6660838300002886,4.280457720225764,0.09078153315931559,22.383570157029368,0.13115997023810194,-0.06556566839463243,0.1822429906542056,1.0,2.0,1.0,2.0,1.0,2.0,1.0,5.0,0.0,-69.0,,,0.0,-69.0,1.0,2.0,0.0,0.0,0.0,0.0,0.0,0.0,1.0,6.0,0.0,-31.0,1.0,20.0,0.0,-36.0,1.0,3.0
Female_Expressions Contempt 05,Female,Expressions Contempt,-10.0,10.0,22.0,22.0,-10.0,10.0,22.0,22.0,-10.0,10.0,22.0,22.0,-6.0,6.0,13.0,13.0,-81.0,81.0,73.0,73.0,,,1.0,1.0,-81.0,81.0,55.0,55.0,-29.0,29.0,26.0,26.0,-30.0,30.0,32.0,32.0,-30.0,30.0,32.0,32.0,0.2456955748183705,38.9326990608857,0.6621766375186288,4.3331864220830045,0.08922083946472069,18.259858657558656,0.12569749393974836,-0.036267267209347163,0.2757009345794392,0.27686858065774506,39.32659614141856,0.6637731475372598,4.3226958807453375,0.09073023515466218,21.782013889425812,0.1325680619140841,-0.04262905783742388,0.2850467289719626,1.0,20.0,1.0,20.0,1.0,20.0,1.0,24.0,0.0,-51.0,,,0.0,-51.0,1.0,1.0,1.0,10.0,1.0,10.0,1.0,10.0,1.0,19.0,0.0,-41.0,1.0,31.0,0.0,-23.0,1.0,6.0
Female_Expressions Desire 01,Female,Expressions Desire,-9.0,9.0,20.0,20.0,-9.0,9.0,20.0,20.0,-9.0,9.0,20.0,20.0,-7.0,7.0,13.0,13.0,-91.0,91.0,44.0,44.0,,,,,-81.0,81.0,56.0,56.0,-5.0,5.0,12.0,12.0,-7.0,7.0,13.0,13.0,-7.0,7.0,13.0,13.0,0.2625756525547705,40.289497689666035,0.6839013008453022,4.423052108698638,0.09098068605405542,17.998398920064236,0.1286883439938977,-0.05515945291964807,0.06074766355140187,0.3109489528932304,41.924859022425714,0.7040849206446905,4.403005792180546,0.09246588984904723,21.46453923679416,0.13564596196882567,-0.07852957376809878,0.13551401869158877,0.0,-2.0,0.0,-2.0,0.0,-2.0,0.0,0.0,0.0,-84.0,,,0.0,-74.0,1.0,2.0,0.0,-7.0,0.0,-7.0,0.0,-7.0,0.0,0.0,0.0,-31.0,,,0.0,-43.0,1.0,1.0
Female_Expressions Desire 02,Female,Expressions Desire,-10.0,10.0,20.0,20.0,-10.0,10.0,20.0,20.0,-10.0,10.0,20.0,20.0,-7.0,7.0,12.0,12.0,-92.0,92.0,40.0,40.0,,,0.0,0.0,-92.0,92.0,56.0,56.0,-19.0,19.0,52.0,52.0,-21.0,21.0,52.0,52.0,-21.0,21.0,52.0,52.0,0.24002400709089833,38.430867155021595,0.6540681094739007,4.128442613164259,0.08895129021608604,18.551055316259298,0.12408005632460117,-0.018408218973150876,0.5467289719626168,0.287986359306585,40.12317463560639,0.6756431892434235,4.275897760866819,0.08792998976831402,21.926274163973424,0.12709995519088688,-0.036167278050262236,0.49065420560747663,1.0,11.0,1.0,11.0,1.0,11.0,1.0,14.0,0.0,-71.0,,,0.0,-71.0,1.0,2.0,1.0,32.0,1.0,32.0,1.0,32.0,1.0,40.0,1.0,12.0,1.0,52.0,0.0,-4.0,0.0,0.0
Female_Expressions Desire 03,Female,Expressions Desire,-10.0,10.0,21.0,21.0,-10.0,10.0,21.0,21.0,-10.0,10.0,21.0,21.0,-7.0,7.0,14.0,14.0,-81.0,81.0,61.0,61.0,,,0.0,0.0,-81.0,81.0,55.0,55.0,-8.0,8.0,19.0,19.0,-15.0,15.0,23.0,23.0,-15.0,15.0,23.0,23.0,0.2252087562440712,37.027023925959504,0.6308997972510685,4.178802380547206,0.08807109429870012,19.024309775271373,0.12349166211513977,-0.033623070638870524,0.10747663551401869,0.293833866576168,40.47578024140028,0.6809366445117185,4.246666512569569,0.09154944284601468,22.28941380520928,0.1345286696340959,-0.066914115275178,0.20093457943925233,1.0,5.0,1.0,5.0,1.0,5.0,1.0,8.0,0.0,-66.0,,,0.0,-66.0,1.0,7.0,1.0,2.0,1.0,2.0,1.0,2.0,1.0,9.0,0.0,-38.0,1.0,23.0,0.0,-32.0,1.0,4.0
Female_Expressions Desire 04,Female,Expressions Desire,-13.0,13.0,12.0,12.0,-13.0,13.0,12.0,12.0,-13.0,13.0,12.0,12.0,-6.0,6.0,11.0,11.0,-16.0,16.0,38.0,38.0,,,,,-51.0,51.0,56.0,56.0,-34.0,34.0,22.0,22.0,-34.0,34.0,22.0,22.0,-34.0,34.0,22.0,22.0,0.2746924479431081,40.57771370344073,0.6866490167574347,4.988415086589684,0.09622718622240256,17.255776217376535,0.13842610108121386,-0.0755009294670319,0.3037383177570093,0.33734915551738204,44.71109907872209,0.7498805901540495,4.634076282904249,0.09807034889149054,18.656250851215326,0.14209408283163355,-0.10939706820193852,0.20093457943925233,1.0,21.0,1.0,21.0,1.0,21.0,1.0,28.0,1.0,18.0,,,0.0,-17.0,0.0,0.0,1.0,10.0,1.0,10.0,1.0,10.0,1.0,11.0,0.0,-16.0,,,0.0,-34.0,0.0,0.0
Female_Expressions Desire 05,Female,Expressions Desire,-10.0,10.0,22.0,22.0,-10.0,10.0,22.0,22.0,-10.0,10.0,22.0,22.0,-7.0,7.0,13.0,13.0,-96.0,96.0,49.0,49.0,,,1.0,1.0,-90.0,90.0,82.0,82.0,-50.0,50.0,37.0,37.0,-50.0,50.0,39.0,39.0,-50.0,50.0,39.0,39.0,0.22786893632924446,37.144536481839474,0.6325310158813111,4.256784000547133,0.08776103135830951,18.890713492791036,0.12483216073574885,-0.025735915821289347,0.4439252336448598,0.28378216629830477,39.745647837625484,0.6699866458129521,4.2406049538186155,0.08860451433041663,21.99242601579714,0.12923014286975815,-0.05650734260817555,0.3598130841121495,1.0,40.0,1.0,40.0,1.0,40.0,1.0,43.0,0.0,-46.0,,,0.0,-40.0,0.0,0.0,1.0,17.0,1.0,17.0,1.0,17.0,1.0,26.0,0.0,-10.0,1.0,38.0,0.0,-43.0,1.0,2.0
Female_Expressions Disgust 01,Female,Expressions Disgust,-9.0,9.0,22.0,22.0,-9.0,9.0,22.0,22.0,-9.0,9.0,22.0,22.0,-6.0,6.0,12.0,12.0,-100.0,100.0,51.0,51.0,,,4.0,4.0,-81.0,81.0,41.0,41.0,-25.0,25.0,26.0,26.0,-25.0,25.0,31.0,31.0,-25.0,25.0,31.0,31.0,0.248474489305621,39.20735927162883,0.6667281747142845,4.422187257070687,0.08884480177372131,18.252720573334365,0.12434225448600526,-0.04255493277701262,0.22897196261682243,0.29459794102428116,40.41299228244853,0.6797382520668418,4.5045086117026125,0.09419798025008395,20.7652293917114,0.13725999999299365,-0.06371873742509111,0.26635514018691586,1.0,16.0,1.0,16.0,1.0,16.0,1.0,19.0,0.0,-75.0,,,0.0,-56.0,0.0,0.0,1.0,9.0,1.0,9.0,1.0,9.0,1.0,19.0,0.0,-20.0,1.0,27.0,0.0,-10.0,1.0,5.0
Female_Expressions Disgust 02,Female,Expressions Disgust,-9.0,9.0,19.0,19.0,-9.0,9.0,19.0,19.0,-9.0,9.0,19.0,19.0,-6.0,6.0,12.0,12.0,-92.0,92.0,30.0,30.0,,,1.0,1.0,-43.0,43.0,46.0,46.0,-37.0,37.0,31.0,31.0,-37.0,37.0,31.0,31.0,-37.0,37.0,31.0,31.0,0.2327466412125347,37.82649876246943,0.6442692958027403,4.6135790041499884,0.09011487901773092,18.81536316155253,0.13249777763519646,-0.024132825503839512,0.3411214953271028,0.28980577688350856,40.42071210502464,0.6809953508428602,4.597114945857603,0.09373386608105953,20.63413098309532,0.13663928982151566,-0.051454963806633634,0.29439252336448596,1.0,28.0,1.0,28.0,1.0,28.0,1.0,31.0,0.0,-55.0,,,0.0,-6.0,0.0,0.0,1.0,12.0,1.0,12.0,1.0,12.0,1.0,19.0,1.0,1.0,1.0,30.0,0.0,-15.0,0.0,0.0
Female_Expressions Disgust 03,Female,Expressions Disgust,-10.0,10.0,19.0,19.0,-10.0,10.0,19.0,19.0,-10.0,10.0,19.0,19.0,-6.0,6.0,14.0,14.0,-92.0,92.0,47.0,47.0,,,1.0,1.0,-60.0,60.0,34.0,34.0,-12.0,12.0,17.0,17.0,-14.0,14.0,18.0,18.0,-14.0,14.0,18.0,18.0,0.24482720226885002,38.79767051589823,0.6598376085029266,4.3636946996203925,0.08928019620196999,18.821969844725093,0.13035705734817488,-0.04395649143468554,0.1261682242990654,0.2943937745049735,40.58375584605698,0.6828285168460975,4.485474673765668,0.09411980330978877,21.420131872963015,0.13883755711030285,-0.06745662282560473,0.16355140186915887,1.0,4.0,1.0,4.0,1.0,4.0,1.0,8.0,0.0,-78.0,,,0.0,-46.0,1.0,2.0,0.0,-1.0,0.0,-1.0,0.0,-1.0,1.0,4.0,0.0,-29.0,1.0,17.0,0.0,-16.0,1.0,1.0
Female_Expressions Disgust 04,Female,Expressions Disgust,-7.0,7.0,16.0,16.0,-7.0,7.0,16.0,16.0,-7.0,7.0,16.0,16.0,-6.0,6.0,11.0,11.0,,,42.0,42.0,,,,,-98.0,98.0,39.0,39.0,-22.0,22.0,33.0,33.0,-25.0,25.0,39.0,39.0,-25.0,25.0,39.0,39.0,0.2035653947669769,34.98945809301929,0.5969713830107597,4.324810642348689,0.08438862529846858,19.426679061686222,0.12097922716078893,-0.009943191971734305,0.3411214953271028,0.24803992548835613,37.333476791314986,0.6317714115436424,4.773496519156218,0.09978034310739174,17.794669892906786,0.14186893229566092,-0.01875439230526719,0.5093457943925234,1.0,18.0,1.0,18.0,1.0,18.0,1.0,19.0,,,,,0.0,-73.0,1.0,3.0,1.0,23.0,1.0,23.0,1.0,23.0,1.0,28.0,0.0,-3.0,,,0.0,0.0,1.0,6.0
Female_Expressions Disgust 05,Female,Expressions Disgust,-10.0,10.0,18.0,18.0,-10.0,10.0,18.0,18.0,-10.0,10.0,18.0,18.0,-7.0,7.0,14.0,14.0,-92.0,92.0,47.0,47.0,,,0.0,0.0,-92.0,92.0,47.0,47.0,-13.0,13.0,17.0,17.0,-13.0,13.0,23.0,23.0,-13.0,13.0,23.0,23.0,0.23959602819424924,38.46969207202163,0.6549264794198152,4.322748363888431,0.08894593258089614,19.2120881948721,0.129543433862053,-0.032370618570630796,0.14485981308411214,0.309497960817034,42.002851253358,0.7061023926971671,4.505098456255744,0.09325646589919229,21.237516818869462,0.13586386857238017,-0.06838792868863756,0.20093457943925233,1.0,3.0,1.0,3.0,1.0,3.0,1.0,6.0,0.0,-79.0,,,0.0,-79.0,0.0,0.0,1.0,5.0,1.0,5.0,1.0,5.0,1.0,9.0,0.0,-24.0,1.0,23.0,0.0,-24.0,1.0,6.0
Female_Expressions Excitement 01,Female,Expressions Excitement,-10.0,10.0,22.0,22.0,-10.0,10.0,22.0,22.0,-10.0,10.0,22.0,22.0,-7.0,7.0,12.0,12.0,-92.0,92.0,43.0,43.0,,,1.0,1.0,-102.0,102.0,71.0,71.0,-20.0,20.0,21.0,21.0,-26.0,26.0,24.0,24.0,-26.0,26.0,24.0,24.0,0.1957539102741491,34.25236720905126,0.5850660055166974,4.1927646574712245,0.08804857938216543,18.402968423977516,0.12225072816857752,-0.014903853429812137,0.5093457943925234,0.26121778243055965,37.84918862636958,0.6388756839598217,4.5036584043387915,0.09632211645072866,19.53306388486963,0.13618700949580603,-0.046222378021088716,0.22897196261682243,1.0,16.0,1.0,16.0,1.0,16.0,1.0,19.0,0.0,-66.0,,,0.0,-76.0,1.0,6.0,1.0,2.0,1.0,2.0,1.0,2.0,1.0,12.0,0.0,-19.0,1.0,23.0,0.0,-47.0,1.0,3.0
Female_Expressions Excitement 02,Female,Expressions Excitement,-9.0,9.0,22.0,22.0,-9.0,9.0,22.0,22.0,-9.0,9.0,22.0,22.0,-7.0,7.0,13.0,13.0,-89.0,89.0,43.0,43.0,,,3.0,3.0,-41.0,41.0,52.0,52.0,-20.0,20.0,45.0,45.0,-25.0,25.0,45.0,45.0,-25.0,25.0,45.0,45.0,0.20924622990260613,35.779478676965304,0.6108732186257839,4.449331540840669,0.09240628274614518,18.005828444758446,0.13141875055108992,-0.014266273128652127,0.4719626168224299,0.25544224247754177,37.4007504370725,0.6321038431705577,4.6538175679003455,0.09871633543206432,19.47887121157704,0.14405651325535662,-0.03868195149943093,0.4158878504672897,1.0,16.0,1.0,16.0,1.0,16.0,1.0,18.0,0.0,-64.0,,,0.0,-16.0,1.0,5.0,1.0,23.0,1.0,23.0,1.0,23.0,1.0,32.0,1.0,2.0,1.0,42.0,0.0,-7.0,0.0,0.0
Female_Expressions Excitement 03,Female,Expressions Excitement,-10.0,10.0,20.0,20.0,-10.0,10.0,20.0,20.0,-10.0,10.0,20.0,20.0,-7.0,7.0,14.0,14.0,-92.0,92.0,43.0,43.0,,,1.0,1.0,-93.0,93.0,43.0,43.0,-9.0,9.0,16.0,16.0,-12.0,12.0,17.0,17.0,-12.0,12.0,17.0,17.0,0.2132637445057664,36.14349605212702,0.6169341571768311,4.147848640124653,0.08613346365965763,19.105513844785488,0.12217834772858417,-0.022366975512460013,0.1261682242990654,0.28145634877347503,39.6749300132288,0.6690294831625629,4.225564080264385,0.08986539633022012,22.027948770135282,0.12931915500007993,-0.053469821532195975,0.1542056074766355,1.0,2.0,1.0,2.0,1.0,2.0,1.0,5.0,0.0,-80.0,,,0.0,-81.0,1.0,3.0,0.0,-3.0,0.0,-3.0,0.0,-3.0,1.0,3.0,0.0,-26.0,1.0,16.0,0.0,-26.0,1.0,1.0
Female_Expressions Excitement 04,Female,Expressions Excitement,-11.0,11.0,22.0,22.0,-11.0,11.0,22.0,22.0,-11.0,11.0,22.0,22.0,-7.0,7.0,14.0,14.0,-91.0,91.0,49.0,49.0,,,0.0,0.0,-92.0,92.0,56.0,56.0,-35.0,35.0,14.0,14.0,-37.0,37.0,20.0,20.0,-37.0,37.0,20.0,20.0,0.2209733802581502,36.7193048869338,0.6260074584147493,4.14810075835438,0.09007643114002246,18.823821088284348,0.12646077051407323,-0.02310194562528735,0.3598130841121495,0.2817484377143539,39.433408391252854,0.6642411373854789,4.32946775585117,0.09362000541187057,21.86808028241688,0.13908694972688296,-0.050578608969661674,0.1822429906542056,1.0,26.0,1.0,26.0,1.0,26.0,1.0,30.0,0.0,-54.0,,,0.0,-55.0,1.0,2.0,0.0,-2.0,0.0,-2.0,0.0,-2.0,1.0,6.0,0.0,-29.0,1.0,20.0,0.0,-36.0,1.0,6.0
Female_Expressions Excitement 05,Female,Expressions Excitement,-9.0,9.0,22.0,22.0,-9.0,9.0,22.0,22.0,-9.0,9.0,22.0,22.0,-7.0,7.0,14.0,14.0,-27.0,27.0,52.0,52.0,,,0.0,0.0,-42.0,42.0,45.0,45.0,-15.0,15.0,13.0,13.0,-16.0,16.0,18.0,18.0,-16.0,16.0,18.0,18.0,0.22142397131875297,36.76720841354299,0.6268531396251759,4.286536121375371,0.08987484051722963,19.075745441146662,0.13027341263193004,-0.0340662219814051,0.14485981308411214,0.28909417680490795,40.073655615343114,0.6745399507961606,4.280742382974512,0.09279567770068055,22.607035377250693,0.13649607875015377,-0.06908413238614519,0.16355140186915887,1.0,7.0,1.0,7.0,1.0,7.0,1.0,9.0,0.0,-11.0,,,0.0,-26.0,1.0,1.0,0.0,-4.0,0.0,-4.0,0.0,-4.0,1.0,4.0,0.0,-34.0,1.0,18.0,0.0,-27.0,1.0,5.0
Female_Expressions Fear 01,Female,Expressions Fear,-10.0,10.0,21.0,21.0,-10.0,10.0,21.0,21.0,-10.0,10.0,21.0,21.0,-6.0,6.0,12.0,12.0,-91.0,91.0,43.0,43.0,,,1.0,1.0,-92.0,92.0,56.0,56.0,-13.0,13.0,20.0,20.0,-19.0,19.0,24.0,24.0,-19.0,19.0,24.0,24.0,0.22023114311360867,36.68705874291536,0.6255995683441652,4.206426805024531,0.08562849268738953,18.9302339041126,0.12019586636913272,-0.027504246925639214,0.16355140186915887,0.27482296206126705,39.01804341779691,0.6581210265910932,4.520233108013625,0.09586972730216857,20.37523603832874,0.1417950726869815,-0.05573899695806414,0.21962616822429906,1.0,9.0,1.0,9.0,1.0,9.0,1.0,13.0,0.0,-72.0,,,0.0,-73.0,1.0,6.0,1.0,3.0,1.0,3.0,1.0,3.0,1.0,12.0,0.0,-19.0,1.0,23.0,0.0,-32.0,1.0,4.0
Female_Expressions Fear 02,Female,Expressions Fear,-11.0,11.0,23.0,23.0,-11.0,11.0,23.0,23.0,-11.0,11.0,23.0,23.0,-7.0,7.0,12.0,12.0,-90.0,90.0,44.0,44.0,,,1.0,1.0,-92.0,92.0,44.0,44.0,-19.0,19.0,29.0,29.0,-26.0,26.0,31.0,31.0,-26.0,26.0,31.0,31.0,0.22658464006174392,36.76933465939816,0.6256269307058548,4.418816428944886,0.091884310269412,17.544261915142062,0.1233953864858398,-0.023983628671860026,0.2757009345794392,0.29159410339649594,39.984882065625946,0.6717659544251929,4.684040856256072,0.09876931499620185,19.5920340455913,0.14343003542074617,-0.05688084884781704,0.2757009345794392,1.0,15.0,1.0,15.0,1.0,15.0,1.0,19.0,0.0,-64.0,,,0.0,-66.0,1.0,7.0,1.0,8.0,1.0,8.0,1.0,8.0,1.0,19.0,0.0,-13.0,1.0,30.0,0.0,-13.0,1.0,2.0
Female_Expressions Fear 03,Female,Expressions Fear,-9.0,9.0,20.0,20.0,-9.0,9.0,20.0,20.0,-9.0,9.0,20.0,20.0,-6.0,6.0,13.0,13.0,-79.0,79.0,49.0,49.0,,,0.0,0.0,-80.0,80.0,77.0,77.0,-15.0,15.0,13.0,13.0,-21.0,21.0,19.0,19.0,-21.0,21.0,19.0,19.0,0.2562190962729053,39.664066466215615,0.6735259118690112,4.3334132822700475,0.09155107196420431,18.67762171004177,0.1322392215776556,-0.04886289233359221,0.1822429906542056,0.30770624408098024,41.53640027469564,0.6973935992535308,4.329635996197428,0.09133291980860947,21.405430344904826,0.13257140731263273,-0.07401659861903324,0.1542056074766355,1.0,12.0,1.0,12.0,1.0,12.0,1.0,15.0,0.0,-58.0,,,0.0,-59.0,1.0,6.0,0.0,-1.0,0.0,-1.0,0.0,-1.0,1.0,6.0,0.0,-30.0,1.0,19.0,0.0,-58.0,1.0,6.0
Female_Expressions Fear 04,Female,Expressions Fear,-9.0,9.0,20.0,20.0,-9.0,9.0,20.0,20.0,-9.0,9.0,20.0,20.0,-7.0,7.0,13.0,13.0,-89.0,89.0,41.0,41.0,,,0.0,0.0,-90.0,90.0,50.0,50.0,-10.0,10.0,14.0,14.0,-11.0,11.0,19.0,19.0,-11.0,11.0,19.0,19.0,0.24208279190776505,38.52135845211065,0.6552303871052845,4.164807557937837,0.0894891855675938,18.34122198554607,0.12488023314695314,-0.04384780709988603,0.10747663551401869,0.30669227994491005,41.29693739603613,0.6929023564210005,4.318623935742844,0.0902875262686861,21.452222773043292,0.12837101208081222,-0.07477785939368133,0.1542056074766355,1.0,2.0,1.0,2.0,1.0,2.0,1.0,4.0,0.0,-78.0,,,0.0,-79.0,1.0,1.0,0.0,-1.0,0.0,-1.0,0.0,-1.0,1.0,6.0,0.0,-22.0,1.0,19.0,0.0,-31.0,1.0,5.0
Female_Expressions Fear 05,Female,Expressions Fear,-10.0,10.0,21.0,21.0,-10.0,10.0,21.0,21.0,-10.0,10.0,21.0,21.0,-8.0,8.0,14.0,14.0,-100.0,100.0,51.0,51.0,,,1.0,1.0,-92.0,92.0,56.0,56.0,-10.0,10.0,17.0,17.0,-12.0,12.0,21.0,21.0,-12.0,12.0,21.0,21.0,0.24941178682808565,39.25280895411411,0.6675235794108605,4.077783515816119,0.08593555771798458,18.957464691772444,0.11982421503173855,-0.04029594487118944,0.11682242990654206,0.2877205334534155,39.97561465635478,0.6731918311512498,4.067721672625951,0.08695752128401649,22.873995754328075,0.12594698173573837,-0.05883226884859745,0.19158878504672897,1.0,2.0,1.0,2.0,1.0,2.0,1.0,4.0,0.0,-88.0,,,0.0,-80.0,1.0,2.0,0.0,0.0,0.0,0.0,0.0,0.0,1.0,7.0,0.0,-30.0,1.0,20.0,0.0,-35.0,1.0,4.0
Female_Expressions Happiness 01,Female,Expressions Happiness,-9.0,9.0,20.0,20.0,-9.0,9.0,20.0,20.0,-9.0,9.0,20.0,20.0,-8.0,8.0,14.0,14.0,-92.0,92.0,31.0,31.0,,,0.0,0.0,-92.0,92.0,56.0,56.0,-24.0,24.0,18.0,18.0,-26.0,26.0,19.0,19.0,-26.0,26.0,19.0,19.0,0.22836893908331327,37.27010011004511,0.6346413904679156,4.121042836091925,0.08832358017142089,18.994580626954573,0.12402768856582214,-0.032657516893939434,0.2383177570093458,0.287362949034878,39.936775442595795,0.6724299735903183,4.363017620383892,0.09388394771300465,22.57814284574903,0.13965978042029267,-0.060032854848933,0.17289719626168223,1.0,17.0,1.0,17.0,1.0,17.0,1.0,18.0,0.0,-66.0,,,0.0,-66.0,1.0,2.0,0.0,-1.0,0.0,-1.0,0.0,-1.0,1.0,5.0,0.0,-12.0,1.0,19.0,0.0,-37.0,1.0,1.0
Female_Expressions Happiness 02,Female,Expressions Happiness,-9.0,9.0,20.0,20.0,-9.0,9.0,20.0,20.0,-9.0,9.0,20.0,20.0,-7.0,7.0,13.0,13.0,-92.0,92.0,51.0,51.0,,,0.0,0.0,-92.0,92.0,56.0,56.0,-14.0,14.0,19.0,19.0,-22.0,22.0,24.0,24.0,-22.0,22.0,24.0,24.0,0.23393313071438085,37.68369844917939,0.641249192338959,4.037785836243045,0.08658325297863416,19.264085659883094,0.12196453880378098,-0.041096575349290794,0.20093457943925233,0.29016882153314966,40.431594186575616,0.6811077103854339,4.274340524856071,0.09157497434067392,22.207439499103156,0.13553843714015665,-0.05507832375642295,0.20093457943925233,1.0,13.0,1.0,13.0,1.0,13.0,1.0,15.0,0.0,-70.0,,,0.0,-70.0,1.0,8.0,1.0,4.0,1.0,4.0,1.0,4.0,1.0,11.0,0.0,-27.0,1.0,24.0,0.0,-32.0,1.0,5.0
Female_Expressions Happiness 03,Female,Expressions Happiness,-10.0,10.0,23.0,23.0,-10.0,10.0,23.0,23.0,-10.0,10.0,23.0,23.0,-7.0,7.0,13.0,13.0,-94.0,94.0,49.0,49.0,,,0.0,0.0,-98.0,98.0,70.0,70.0,-11.0,11.0,23.0,23.0,-24.0,24.0,23.0,23.0,-24.0,24.0,23.0,23.0,0.19843490714224699,34.375846946516255,0.5868085484916918,4.176766080538107,0.08828620628436219,18.645910180400268,0.12443176808081707,-0.01766463027936276,0.20093457943925233,0.2648133019977641,37.89854317307298,0.6391323139090265,4.406540101437577,0.09711847436901565,21.176428261368315,0.13990840653203568,-0.04722537281357239,0.22897196261682243,1.0,14.0,1.0,14.0,1.0,14.0,1.0,17.0,0.0,-70.0,,,0.0,-74.0,1.0,13.0,0.0,0.0,0.0,0.0,0.0,0.0,1.0,10.0,0.0,-26.0,1.0,23.0,0.0,-47.0,0.0,0.0
Female_Expressions Happiness 04,Female,Expressions Happiness,-10.0,10.0,22.0,22.0,-10.0,10.0,22.0,22.0,-10.0,10.0,22.0,22.0,-8.0,8.0,14.0,14.0,-102.0,102.0,40.0,40.0,,,0.0,0.0,-92.0,92.0,60.0,60.0,-25.0,25.0,19.0,19.0,-26.0,26.0,30.0,30.0,-26.0,26.0,30.0,30.0,0.23848761075010924,38.04621524454277,0.6472188530959816,4.196802815544271,0.08726184136884392,19.192477444819513,0.12457132780537852,-0.028889781403764386,0.2383177570093458,0.27918975514786265,39.01131845746085,0.6567587871452637,4.092695717081845,0.08861651634536336,23.003950583484354,0.12822375093358304,-0.0511531006788539,0.26635514018691586,1.0,16.0,1.0,16.0,1.0,16.0,1.0,18.0,0.0,-76.0,,,0.0,-66.0,1.0,1.0,1.0,8.0,1.0,8.0,1.0,8.0,1.0,16.0,0.0,-10.0,1.0,30.0,0.0,-30.0,1.0,11.0
Female_Expressions Happiness 05,Female,Expressions Happiness,-10.0,10.0,22.0,22.0,-10.0,10.0,22.0,22.0,-10.0,10.0,22.0,22.0,-8.0,8.0,14.0,14.0,-102.0,102.0,53.0,53.0,,,0.0,0.0,-42.0,42.0,53.0,53.0,-27.0,27.0,23.0,23.0,-29.0,29.0,25.0,25.0,-29.0,29.0,25.0,25.0,0.2280964645269875,37.23094298460773,0.6340997671933521,4.2365190553191665,0.0873220066522371,19.329938757570286,0.12578574483687022,-0.027067175813924486,0.26635514018691586,0.2816973885643148,39.51408412133422,0.6660760889228964,4.2729251397704,0.08941753553313629,22.65566940703955,0.1308709593173468,-0.04501348176849223,0.22897196261682243,1.0,19.0,1.0,19.0,1.0,19.0,1.0,21.0,0.0,-73.0,,,0.0,-13.0,1.0,2.0,1.0,3.0,1.0,3.0,1.0,3.0,1.0,11.0,0.0,-28.0,1.0,25.0,0.0,-28.0,1.0,2.0
Female_Expressions Sadness 01,Female,Expressions Sadness,-9.0,9.0,20.0,20.0,-9.0,9.0,20.0,20.0,-9.0,9.0,20.0,20.0,-8.0,8.0,14.0,14.0,-92.0,92.0,53.0,53.0,,,0.0,0.0,-45.0,45.0,62.0,62.0,-13.0,13.0,13.0,13.0,-22.0,22.0,18.0,18.0,-22.0,22.0,18.0,18.0,0.2557337763153504,39.544018364398276,0.67136946479891,4.139089247072551,0.08530830212359158,19.456337777887,0.12292872262099441,-0.05089498123275899,0.16355140186915887,0.29968587650316897,40.91119491274112,0.6876611455533944,4.17689200168667,0.08765373226672968,23.25176695639627,0.1263360371637457,-0.07674452787804827,0.16355140186915887,1.0,13.0,1.0,13.0,1.0,13.0,1.0,14.0,0.0,-70.0,,,0.0,-23.0,1.0,9.0,0.0,-2.0,0.0,-2.0,0.0,-2.0,1.0,4.0,0.0,-35.0,1.0,18.0,0.0,-44.0,1.0,5.0
Female_Expressions Sadness 02,Female,Expressions Sadness,-11.0,11.0,21.0,21.0,-11.0,11.0,21.0,21.0,-11.0,11.0,21.0,21.0,-7.0,7.0,13.0,13.0,-81.0,81.0,56.0,56.0,,,1.0,1.0,-90.0,90.0,46.0,46.0,-50.0,50.0,39.0,39.0,-50.0,50.0,46.0,46.0,-50.0,50.0,46.0,46.0,0.23625179568183757,37.947988207095136,0.6458224809476149,4.242133979990243,0.08915200346272509,18.140012318430582,0.12421595154084125,-0.028696372687259566,0.46261682242990654,0.2793716362146574,39.493059382260405,0.6662407063261092,4.392984966416713,0.09360296811873668,22.326090147829458,0.14080021185976155,-0.04473934078885016,0.40654205607476634,1.0,39.0,1.0,39.0,1.0,39.0,1.0,43.0,0.0,-31.0,,,0.0,-40.0,0.0,0.0,1.0,25.0,1.0,25.0,1.0,25.0,1.0,33.0,0.0,-10.0,1.0,45.0,0.0,0.0,1.0,7.0
Female_Expressions Sadness 03,Female,Expressions Sadness,-9.0,9.0,19.0,19.0,-9.0,9.0,19.0,19.0,-9.0,9.0,19.0,19.0,-7.0,7.0,13.0,13.0,-100.0,100.0,54.0,54.0,,,0.0,0.0,-92.0,92.0,40.0,40.0,-8.0,8.0,13.0,13.0,-9.0,9.0,18.0,18.0,-9.0,9.0,18.0,18.0,0.2662153957046081,40.723154794389956,0.6913134039283912,4.057985389117744,0.08258115570500212,20.311619305941655,0.11907031213126655,-0.061462350259317414,0.0794392523364486,0.31054046750068665,42.054156552965395,0.7067565434899564,4.379729273755138,0.09087825733646054,21.06466833282752,0.1327102832882753,-0.07891679743182993,0.14485981308411214,0.0,0.0,0.0,0.0,0.0,0.0,1.0,2.0,0.0,-91.0,,,0.0,-83.0,1.0,1.0,0.0,-1.0,0.0,-1.0,0.0,-1.0,1.0,5.0,0.0,-36.0,1.0,18.0,0.0,-22.0,1.0,5.0
Female_Expressions Sadness 04,Female,Expressions Sadness,-8.0,8.0,20.0,20.0,-8.0,8.0,20.0,20.0,-8.0,8.0,20.0,20.0,-7.0,7.0,13.0,13.0,-21.0,21.0,42.0,42.0,,,1.0,1.0,-78.0,78.0,49.0,49.0,-12.0,12.0,20.0,20.0,-13.0,13.0,20.0,20.0,-13.0,13.0,20.0,20.0,0.26433178030441856,40.640626033889916,0.6900660036401661,4.261910631330075,0.09034772846355753,18.54941470028329,0.12757440392841707,-0.060576557556045386,0.11682242990654206,0.31183893630437765,41.938779190879,0.7043618853848144,4.540996814342477,0.0953860748298118,20.23819871317415,0.1372353750860916,-0.07948182787850638,0.1822429906542056,1.0,5.0,1.0,5.0,1.0,5.0,1.0,6.0,0.0,-8.0,,,0.0,-65.0,1.0,1.0,0.0,0.0,0.0,0.0,0.0,0.0,1.0,7.0,0.0,-22.0,1.0,19.0,0.0,-29.0,0.0,0.0
Female_Expressions Sadness 05,Female,Expressions Sadness,-9.0,9.0,21.0,21.0,-9.0,9.0,21.0,21.0,-9.0,9.0,21.0,21.0,-7.0,7.0,12.0,12.0,-81.0,81.0,47.0,47.0,,,,,-81.0,81.0,45.0,45.0,-15.0,15.0,23.0,23.0,-22.0,22.0,24.0,24.0,-22.0,22.0,24.0,24.0,0.2641402471845395,40.508693859955976,0.6875880756110788,4.471254987624761,0.09056729626543117,18.50462607637236,0.13032769970595837,-0.05081808956984048,0.20093457943925233,0.31124202029727327,41.9889456005854,0.7052653839237222,4.643577486398482,0.0971207679466945,20.222202592981546,0.14207329741626415,-0.06609379716008623,0.22897196261682243,1.0,13.0,1.0,13.0,1.0,13.0,1.0,15.0,0.0,-59.0,,,0.0,-59.0,1.0,7.0,1.0,3.0,1.0,3.0,1.0,3.0,1.0,12.0,0.0,-23.0,,,0.0,-21.0,1.0,1.0
Female_Expressions Surprise 01,Female,Expressions Surprise,-8.0,8.0,17.0,17.0,-8.0,8.0,17.0,17.0,-8.0,8.0,17.0,17.0,-5.0,5.0,11.0,11.0,-102.0,102.0,34.0,34.0,,,,,-102.0,102.0,40.0,40.0,-65.0,65.0,58.0,58.0,-65.0,65.0,59.0,59.0,-65.0,65.0,59.0,59.0,0.22882117177838476,37.14906179570706,0.6320757430011981,4.50669993736964,0.08957394310888254,18.345564006111196,0.128318033198703,-0.00031401648699680223,0.602803738317757,0.2703215504918143,38.86356456313178,0.6553337509421823,4.619291561520789,0.09480911004139442,18.908797251035473,0.13453025386651168,-0.01926256089567024,0.5467289719626168,1.0,57.0,1.0,57.0,1.0,57.0,1.0,60.0,0.0,-37.0,,,0.0,-37.0,0.0,0.0,1.0,42.0,1.0,42.0,1.0,42.0,1.0,48.0,1.0,25.0,,,1.0,19.0,1.0,1.0
Female_Expressions Surprise 02,Female,Expressions Surprise,-9.0,9.0,21.0,21.0,-9.0,9.0,21.0,21.0,-9.0,9.0,21.0,21.0,-6.0,6.0,12.0,12.0,-27.0,27.0,47.0,47.0,,,0.0,0.0,-80.0,80.0,46.0,46.0,-25.0,25.0,21.0,21.0,-25.0,25.0,27.0,27.0,-25.0,25.0,27.0,27.0,0.2452711407269273,38.879634226594014,0.6610987655052515,4.7028864989422745,0.09777244609200729,17.534135403153872,0.14108074575943766,-0.03473241446174194,0.26635514018691586,0.3110055700640812,41.76570935979068,0.7007603717915644,4.790471468381932,0.0982053970448046,19.28687294975588,0.14217865365153215,-0.0677802959613711,0.22897196261682243,1.0,16.0,1.0,16.0,1.0,16.0,1.0,19.0,0.0,-2.0,,,0.0,-55.0,0.0,0.0,1.0,6.0,1.0,6.0,1.0,6.0,1.0,15.0,0.0,-20.0,1.0,27.0,0.0,-19.0,1.0,6.0
Female_Expressions Surprise 03,Female,Expressions Surprise,-9.0,9.0,22.0,22.0,-9.0,9.0,22.0,22.0,-9.0,9.0,22.0,22.0,-8.0,8.0,14.0,14.0,-92.0,92.0,73.0,73.0,,,0.0,0.0,-81.0,81.0,51.0,51.0,-15.0,15.0,23.0,23.0,-17.0,17.0,24.0,24.0,-17.0,17.0,24.0,24.0,0.2276965613677123,37.19360323932683,0.6334675001763852,4.061608025386373,0.08918845498899244,19.770864989771024,0.1299348602704001,-0.04034426112041295,0.1542056074766355,0.28432262835101546,39.38873317057841,0.6628078611254274,4.238484438304206,0.09189341794351273,21.98828728195046,0.13646049933718904,-0.07383483327994837,0.21962616822429906,1.0,8.0,1.0,8.0,1.0,8.0,1.0,9.0,0.0,-75.0,,,0.0,-64.0,1.0,2.0,1.0,2.0,1.0,2.0,1.0,2.0,1.0,10.0,0.0,-49.0,1.0,24.0,0.0,-27.0,1.0,1.0
Female_Expressions Surprise 04,Female,Expressions Surprise,-11.0,11.0,23.0,23.0,-11.0,11.0,23.0,23.0,-11.0,11.0,23.0,23.0,-6.0,6.0,14.0,14.0,-81.0,81.0,58.0,58.0,,,0.0,0.0,-81.0,81.0,49.0,49.0,-20.0,20.0,34.0,34.0,-21.0,21.0,39.0,39.0,-21.0,21.0,39.0,39.0,0.22373957277458406,36.68402392841945,0.6248013739970243,4.174456808646427,0.0899139840577571,19.437202702493288,0.13216336605683812,-0.036032526571059896,0.22897196261682243,0.2795903671567685,38.858908110132845,0.6538675893794432,4.165062822902001,0.09060167013798083,22.235242512809986,0.13381348581949495,-0.059005528549167595,0.3411214953271028,1.0,10.0,1.0,10.0,1.0,10.0,1.0,15.0,0.0,-60.0,,,0.0,-60.0,1.0,1.0,1.0,16.0,1.0,16.0,1.0,16.0,1.0,25.0,0.0,-19.0,1.0,39.0,0.0,-10.0,1.0,5.0
Female_Expressions Surprise 05,Female,Expressions Surprise,-10.0,10.0,23.0,23.0,-10.0,10.0,23.0,23.0,-10.0,10.0,23.0,23.0,-7.0,7.0,13.0,13.0,-38.0,38.0,52.0,52.0,,,0.0,0.0,-91.0,91.0,60.0,60.0,-23.0,23.0,33.0,33.0,-32.0,32.0,34.0,34.0,-32.0,32.0,34.0,34.0,0.22531811711944152,36.8322689199002,0.6271353083962524,4.351936040585425,0.0922623115046969,17.948383428574957,0.12711336152663208,-0.027377896219770485,0.3037383177570093,0.2900990425983322,39.9963645199749,0.6730166246448237,4.46994121635559,0.0965037066663537,20.97730135351135,0.13862438195929774,-0.06350491523185622,0.3130841121495327,1.0,22.0,1.0,22.0,1.0,22.0,1.0,25.0,0.0,-6.0,,,0.0,-59.0,1.0,9.0,1.0,11.0,1.0,11.0,1.0,11.0,1.0,21.0,0.0,-18.0,1.0,34.0,0.0,-26.0,1.0,1.0
Female_Eyeglasses 1,Female,Eyeglasses,-4.0,4.0,3.0,3.0,-4.0,4.0,3.0,3.0,-4.0,4.0,3.0,3.0,-4.0,4.0,3.0,3.0,-58.0,58.0,7.0,7.0,,,,,-74.0,74.0,75.0,75.0,-85.0,85.0,86.0,86.0,-85.0,85.0,86.0,86.0,-85.0,85.0,86.0,86.0,0.2894370138088119,43.045934895488706,0.7293773108252886,5.367922262749939,0.10811376508395627,14.711784619654427,0.15140407363761146,0.07274723136536429,0.9112149532710281,0.2978917246109971,43.851878424671206,0.742372594284123,5.592167927213361,0.11370819528526235,14.118590816505193,0.1591159332332746,0.07136618896065472,0.9158878504672897,1.0,81.0,1.0,81.0,1.0,81.0,1.0,81.0,1.0,27.0,,,1.0,11.0,0.0,0.0,1.0,83.0,1.0,83.0,1.0,83.0,1.0,83.0,1.0,79.0,,,1.0,11.0,0.0,0.0
Female_Fear 01,Female,Fear,-10.0,10.0,12.0,12.0,-10.0,10.0,12.0,12.0,-10.0,10.0,12.0,12.0,-6.0,6.0,7.0,7.0,-94.0,94.0,70.0,70.0,,,,,-99.0,99.0,80.0,80.0,-72.0,72.0,26.0,26.0,-72.0,72.0,26.0,26.0,-72.0,72.0,26.0,26.0,0.2287511335355099,37.04254719475719,0.6301576759074335,4.407220682721133,0.09058547121876816,18.141728374072503,0.12746370362363896,-0.03201622801406361,0.6682242990654206,0.31081239419562795,43.3757545034462,0.7304896207474102,5.146940069029403,0.10550756724638359,15.728177153542791,0.15052075090132794,-0.05816171130287313,0.40654205607476634,1.0,62.0,1.0,62.0,1.0,62.0,1.0,66.0,0.0,-22.0,,,0.0,-27.0,0.0,0.0,1.0,14.0,1.0,14.0,1.0,14.0,1.0,19.0,0.0,-44.0,,,0.0,-54.0,0.0,0.0
Female_Fear 02,Female,Fear,-10.0,10.0,11.0,11.0,-10.0,10.0,11.0,11.0,-10.0,10.0,11.0,11.0,-8.0,8.0,8.0,8.0,-102.0,102.0,97.0,97.0,,,,,-92.0,92.0,92.0,92.0,-23.0,23.0,38.0,38.0,-24.0,24.0,39.0,39.0,-24.0,24.0,39.0,39.0,0.2303015088366571,37.52667823907371,0.6392471610939507,4.028599256997771,0.08627837342825138,19.227513332244623,0.122698464624162,-0.031007922976930564,0.21962616822429906,0.2722135503715444,40.37827445859107,0.6834436763248827,4.228778759644271,0.09008909446822706,18.60203792762081,0.13074068152257856,-0.040383947508357394,0.35046728971962615,1.0,14.0,1.0,14.0,1.0,14.0,1.0,16.0,0.0,-78.0,,,0.0,-68.0,1.0,1.0,1.0,28.0,1.0,28.0,1.0,28.0,1.0,31.0,0.0,-58.0,,,0.0,-53.0,1.0,1.0
Female_Fear 03,Female,Fear,-10.0,10.0,10.0,10.0,-10.0,10.0,10.0,10.0,-10.0,10.0,10.0,10.0,-7.0,7.0,6.0,6.0,-90.0,90.0,96.0,96.0,,,,,-63.0,63.0,96.0,96.0,-25.0,25.0,21.0,21.0,-27.0,27.0,23.0,23.0,-27.0,27.0,23.0,23.0,0.2393724099497929,38.239484833779734,0.6505147426206375,4.344619049734184,0.09167464344568972,18.31993765486599,0.131679832759612,-0.025641552477239447,0.26635514018691586,0.3172540152184317,44.09603123575727,0.7427009321818842,4.521575412843551,0.09419950264915128,18.013673306523412,0.13797395054321243,-0.057424839690466904,0.2102803738317757,1.0,17.0,1.0,17.0,1.0,17.0,1.0,20.0,0.0,-63.0,,,0.0,-36.0,1.0,2.0,1.0,13.0,1.0,13.0,1.0,13.0,1.0,17.0,0.0,-73.0,,,0.0,-73.0,1.0,2.0
Female_Fear 04,Female,Fear,-9.0,9.0,11.0,11.0,-9.0,9.0,11.0,11.0,-9.0,9.0,11.0,11.0,-7.0,7.0,7.0,7.0,-80.0,80.0,93.0,93.0,,,,,-92.0,92.0,87.0,87.0,-20.0,20.0,40.0,40.0,-21.0,21.0,40.0,40.0,-21.0,21.0,40.0,40.0,0.23977785968334875,38.3290536804734,0.6521128114904756,4.414759158095885,0.09387439306614534,17.78297789095467,0.13411509642764083,-0.02751227433436385,0.2102803738317757,0.27149765625178257,40.381434817180455,0.6835702122232624,4.421961297411646,0.09090668084883244,18.340939386802148,0.13208756100316094,-0.035174352543376315,0.3691588785046729,1.0,12.0,1.0,12.0,1.0,12.0,1.0,14.0,0.0,-59.0,,,0.0,-71.0,1.0,1.0,1.0,29.0,1.0,29.0,1.0,29.0,1.0,33.0,0.0,-53.0,,,0.0,-47.0,0.0,0.0
Female_Fear 05,Female,Fear,-9.0,9.0,12.0,12.0,-9.0,9.0,12.0,12.0,-9.0,9.0,12.0,12.0,-7.0,7.0,5.0,5.0,-80.0,80.0,40.0,40.0,,,,,-77.0,77.0,39.0,39.0,-22.0,22.0,29.0,29.0,-32.0,32.0,31.0,31.0,-32.0,32.0,31.0,31.0,0.23613857610203395,37.5488365164427,0.6379166015676249,4.329670273864242,0.08953906261836583,18.20164372115159,0.12688822235982372,-0.02755945363891459,0.26635514018691586,0.28918122019723197,41.29004768567665,0.6959658726074985,5.014751377141225,0.10037046792768986,16.1483100699461,0.14314163356738271,-0.04907442058358237,0.3130841121495327,1.0,23.0,1.0,23.0,1.0,23.0,1.0,25.0,0.0,-48.0,,,0.0,-45.0,1.0,10.0,1.0,19.0,1.0,19.0,1.0,19.0,1.0,26.0,0.0,-9.0,,,0.0,-8.0,1.0,2.0
Female_Fierce Cutthroat,Female,Fierce Cutthroat,-8.0,8.0,5.0,5.0,-8.0,8.0,5.0,5.0,-8.0,8.0,5.0,5.0,-7.0,7.0,5.0,5.0,-92.0,92.0,93.0,93.0,,,,,,,90.0,90.0,-21.0,21.0,17.0,17.0,-21.0,21.0,21.0,21.0,-21.0,21.0,21.0,21.0,0.19734609489128968,34.92061403978651,0.5972772583226177,4.3800735241585524,0.08994808902015101,17.69210444345112,0.12473326555962833,-0.016522205878641005,0.3598130841121495,0.1994639740926083,35.148588804441076,0.6007647546373795,4.491966380433084,0.09191612808782364,18.490455384009458,0.1321272010440534,-0.015801792111352225,0.32242990654205606,1.0,13.0,1.0,13.0,1.0,13.0,1.0,14.0,0.0,-71.0,,,,,0.0,0.0,1.0,16.0,1.0,16.0,1.0,16.0,1.0,16.0,0.0,-72.0,,,0.0,-69.0,1.0,4.0
Female_Fierce Fiery,Female,Fierce Fiery,-9.0,9.0,6.0,6.0,-9.0,9.0,6.0,6.0,-9.0,9.0,6.0,6.0,-7.0,7.0,4.0,4.0,-36.0,36.0,92.0,92.0,,,,,-93.0,93.0,91.0,91.0,-18.0,18.0,17.0,17.0,-19.0,19.0,17.0,17.0,-19.0,19.0,17.0,17.0,0.21842171655637083,36.61695643006084,0.6245579700969649,4.388863945170958,0.08990028351193892,18.534722232237748,0.1273700144352778,-0.03370844677229908,0.16355140186915887,0.22400046731824072,37.13250869679674,0.632701574629824,4.303449982289817,0.08939337380508953,18.633498234602996,0.12641263261156263,-0.03346747800568554,0.1542056074766355,1.0,10.0,1.0,10.0,1.0,10.0,1.0,12.0,0.0,-17.0,,,0.0,-74.0,1.0,1.0,1.0,11.0,1.0,11.0,1.0,11.0,1.0,13.0,0.0,-75.0,,,0.0,-74.0,0.0,0.0
Female_Fierce Savage,Female,Fierce Savage,-8.0,8.0,4.0,4.0,-8.0,8.0,4.0,4.0,-8.0,8.0,4.0,4.0,-6.0,6.0,4.0,4.0,-94.0,94.0,80.0,80.0,,,,,-95.0,95.0,81.0,81.0,-22.0,22.0,80.0,80.0,-22.0,22.0,81.0,81.0,-22.0,22.0,81.0,81.0,0.20611315352894435,35.69702198349427,0.6099697806846316,4.263864343080704,0.0863900860103796,18.726455615717157,0.12430779572646573,0.0009237772950502199,0.7336448598130841,0.21426079874840853,36.44267493096468,0.6218441418398206,4.232869219156766,0.08586726682347672,19.754601034069807,0.12400233977526989,-0.000516472575820495,0.7523364485981309,1.0,14.0,1.0,14.0,1.0,14.0,1.0,16.0,0.0,-72.0,,,0.0,-73.0,0.0,0.0,1.0,77.0,1.0,77.0,1.0,77.0,1.0,77.0,1.0,1.0,,,0.0,0.0,1.0,1.0
Female_Happy 01,Female,Happy,-10.0,10.0,12.0,12.0,-10.0,10.0,12.0,12.0,-10.0,10.0,12.0,12.0,-7.0,7.0,6.0,6.0,-91.0,91.0,81.0,81.0,,,,,-92.0,92.0,60.0,60.0,-10.0,10.0,12.0,12.0,-23.0,23.0,13.0,13.0,-23.0,23.0,13.0,13.0,0.20472940050552937,35.19782870729393,0.6008962071805357,4.334596068746297,0.09260921060757817,18.013192452806443,0.13163731271787635,-0.022136187163468834,0.3317757009345794,0.2696022589073003,40.25767098186172,0.6815769455143225,4.705330360402292,0.10072459134264528,16.531490262682407,0.1443262487157898,-0.03662763438492178,0.1542056074766355,1.0,13.0,1.0,13.0,1.0,13.0,1.0,16.0,0.0,-68.0,,,0.0,-69.0,1.0,13.0,1.0,1.0,1.0,1.0,1.0,1.0,1.0,7.0,0.0,-68.0,,,0.0,-47.0,1.0,1.0
Female_Happy 02,Female,Happy,-8.0,8.0,9.0,9.0,-8.0,8.0,9.0,9.0,-8.0,8.0,9.0,9.0,-7.0,7.0,7.0,7.0,-101.0,101.0,21.0,21.0,,,,,-91.0,91.0,74.0,74.0,-9.0,9.0,11.0,11.0,-15.0,15.0,14.0,14.0,-15.0,15.0,14.0,14.0,0.251237924410918,39.477927963310314,0.6711210306281241,4.273529891760271,0.08875022217069033,18.017719479190973,0.12312560897531374,-0.049401329499538814,0.10747663551401869,0.3219024160197962,44.75323676617346,0.7542075304505981,4.571731264137219,0.09319209847077031,17.730247368765795,0.1331129666980145,-0.0597285944446225,0.1261682242990654,1.0,7.0,1.0,7.0,1.0,7.0,1.0,8.0,0.0,-86.0,,,0.0,-76.0,1.0,6.0,1.0,5.0,1.0,5.0,1.0,5.0,1.0,7.0,0.0,-7.0,,,0.0,-60.0,1.0,3.0
Female_Happy 03,Female,Happy,-8.0,8.0,9.0,9.0,-8.0,8.0,9.0,9.0,-8.0,8.0,9.0,9.0,-7.0,7.0,7.0,7.0,-81.0,81.0,77.0,77.0,,,,,-81.0,81.0,92.0,92.0,-13.0,13.0,15.0,15.0,-18.0,18.0,18.0,18.0,-18.0,18.0,18.0,18.0,0.24840547492570966,39.1907141074956,0.6662875127360642,4.352894915859694,0.09320356902437953,17.521452261966143,0.12996129435047787,-0.04310792823818242,0.16355140186915887,0.3046974264015661,43.317264708403115,0.7310764767995505,4.515009412367906,0.09209341327790345,17.820228520331447,0.13189964330280726,-0.05102543811374736,0.16355140186915887,1.0,10.0,1.0,10.0,1.0,10.0,1.0,11.0,0.0,-63.0,,,0.0,-63.0,1.0,5.0,1.0,9.0,1.0,9.0,1.0,9.0,1.0,11.0,0.0,-59.0,,,0.0,-74.0,1.0,3.0
Female_Happy 04,Female,Happy,-7.0,7.0,9.0,9.0,-7.0,7.0,9.0,9.0,-7.0,7.0,9.0,9.0,-7.0,7.0,7.0,7.0,-91.0,91.0,39.0,39.0,,,,,-92.0,92.0,60.0,60.0,-14.0,14.0,23.0,23.0,-16.0,16.0,23.0,23.0,-16.0,16.0,23.0,23.0,0.24990006027934708,39.368764086304424,0.6693595312187605,4.185273570243583,0.08681025127616693,18.7390198216844,0.12246842798337622,-0.046711994108752666,0.1542056074766355,0.32135274449241497,44.71369453234093,0.753490011268687,4.698949369279859,0.09735946169244909,17.244689329259952,0.14161503694529803,-0.05511096481964967,0.21962616822429906,1.0,9.0,1.0,9.0,1.0,9.0,1.0,9.0,0.0,-75.0,,,0.0,-76.0,1.0,2.0,1.0,14.0,1.0,14.0,1.0,14.0,1.0,16.0,0.0,-16.0,,,0.0,-37.0,0.0,0.0
Female_Happy 05,Female,Happy,-11.0,11.0,11.0,11.0,-11.0,11.0,11.0,11.0,-11.0,11.0,11.0,11.0,-7.0,7.0,7.0,7.0,-81.0,81.0,87.0,87.0,,,,,-92.0,92.0,,,-17.0,17.0,24.0,24.0,-18.0,18.0,29.0,29.0,-18.0,18.0,29.0,29.0,0.2564466857464514,39.5820826503718,0.6721094771123883,4.156162576001381,0.0880185607645028,18.48483208764264,0.12192074177821852,-0.035772871051993324,0.16355140186915887,0.30212643352624413,43.12879857838711,0.7284317272794528,4.511315612087601,0.09216948008495514,17.837062923731906,0.13221269020072693,-0.033105127722303444,0.26635514018691586,1.0,7.0,1.0,7.0,1.0,7.0,1.0,11.0,0.0,-63.0,,,0.0,-74.0,1.0,1.0,1.0,18.0,1.0,18.0,1.0,18.0,1.0,22.0,0.0,-58.0,,,,,1.0,5.0
Female_Happy Elated,Female,Happy Elated,-10.0,10.0,8.0,8.0,-10.0,10.0,8.0,8.0,-10.0,10.0,8.0,8.0,-6.0,6.0,5.0,5.0,-54.0,54.0,42.0,42.0,,,,,-81.0,81.0,91.0,91.0,-22.0,22.0,37.0,37.0,-23.0,23.0,37.0,37.0,-23.0,23.0,37.0,37.0,0.2016371861796513,34.97304091275296,0.5974131419286436,4.416635768018036,0.09074632612601766,18.399727838703775,0.12870957793773347,-0.021820638224343273,0.2570093457943925,0.21183982240819485,35.82862687333722,0.610943409035239,4.356848006928775,0.09085968606800676,18.69102607958487,0.12985368206534745,-0.0205681755721012,0.397196261682243,1.0,13.0,1.0,13.0,1.0,13.0,1.0,17.0,0.0,-31.0,,,0.0,-58.0,1.0,1.0,1.0,29.0,1.0,29.0,1.0,29.0,1.0,32.0,0.0,-5.0,,,0.0,-54.0,0.0,0.0
Female_Happy Perky,Female,Happy Perky,-8.0,8.0,1.0,1.0,-8.0,8.0,1.0,1.0,-8.0,8.0,1.0,1.0,-7.0,7.0,4.0,4.0,-92.0,92.0,101.0,101.0,,,,,,,91.0,91.0,-24.0,24.0,24.0,24.0,-24.0,24.0,24.0,24.0,-24.0,24.0,24.0,24.0,0.22076552827781606,36.870399800416465,0.6286839757087794,4.352400846553044,0.09035376779172781,18.110526654359067,0.12867576730841734,-0.025916995567696118,0.21962616822429906,0.2227791207973088,37.09697210900137,0.6320984309181594,4.494421130324775,0.0910396741302771,18.31905727372263,0.12966192369612883,-0.025305152496444844,0.2383177570093458,1.0,16.0,1.0,16.0,1.0,16.0,1.0,17.0,0.0,-68.0,,,,,0.0,0.0,1.0,23.0,1.0,23.0,1.0,23.0,1.0,20.0,0.0,-77.0,,,0.0,-67.0,0.0,0.0
Female_Happy So Peaceful,Female,Happy So Peaceful,-11.0,11.0,8.0,8.0,-11.0,11.0,8.0,8.0,-11.0,11.0,8.0,8.0,-8.0,8.0,5.0,5.0,-91.0,91.0,98.0,98.0,,,,,-93.0,93.0,,,-48.0,48.0,45.0,45.0,-48.0,48.0,48.0,48.0,-48.0,48.0,48.0,48.0,0.21884587212143658,36.328960708368605,0.619289897451891,4.34703227031593,0.09036042738073277,18.54822989394609,0.13018289911297132,-0.017434169477391466,0.4439252336448598,0.21601466625650353,36.11356529342794,0.6154580765238432,4.161893726317821,0.08618721825497172,19.148682280095937,0.1205591896091992,-0.0171878318363261,0.4439252336448598,1.0,37.0,1.0,37.0,1.0,37.0,1.0,40.0,0.0,-43.0,,,0.0,-45.0,0.0,0.0,1.0,40.0,1.0,40.0,1.0,40.0,1.0,43.0,0.0,-50.0,,,,,1.0,3.0
Female_Humiliated,Female,Humiliated,-9.0,9.0,7.0,7.0,-9.0,9.0,7.0,7.0,-9.0,9.0,7.0,7.0,-5.0,5.0,5.0,5.0,-88.0,88.0,39.0,39.0,,,,,-76.0,76.0,39.0,39.0,-12.0,12.0,31.0,31.0,-21.0,21.0,31.0,31.0,-21.0,21.0,31.0,31.0,0.24867440829767246,39.250893156105114,0.6671157646299966,4.828640360715929,0.09849908206401006,17.17745913287539,0.14479677793833445,-0.03604691050877081,0.2383177570093458,0.3274548563444726,45.20593052712557,0.7610591904062419,5.099019566463811,0.10303261500095652,16.387230039983407,0.15093419848466819,-0.05340393709245129,0.3411214953271028,1.0,12.0,1.0,12.0,1.0,12.0,1.0,16.0,0.0,-67.0,,,0.0,-55.0,1.0,9.0,1.0,24.0,1.0,24.0,1.0,24.0,1.0,26.0,0.0,-8.0,,,0.0,-8.0,0.0,0.0
Female_Insanity Deranged,Female,Insanity Deranged,-8.0,8.0,5.0,5.0,-8.0,8.0,5.0,5.0,-8.0,8.0,5.0,5.0,-6.0,6.0,5.0,5.0,-40.0,40.0,93.0,93.0,,,,,-52.0,52.0,91.0,91.0,-42.0,42.0,77.0,77.0,-43.0,43.0,84.0,84.0,-43.0,43.0,84.0,84.0,0.21120059378793307,35.88510721420573,0.6121485792448588,4.518758689079468,0.09244465311321448,18.000177532903944,0.13138588665510123,-0.01847670888789346,0.6682242990654206,0.21379921982221514,36.15044813958284,0.6162235727098501,4.580034967041879,0.09333161477034337,18.062185177534136,0.1334582338074468,-0.013240434159742338,0.7710280373831776,1.0,35.0,1.0,35.0,1.0,35.0,1.0,37.0,1.0,3.0,,,0.0,-9.0,1.0,1.0,1.0,79.0,1.0,79.0,1.0,79.0,1.0,79.0,0.0,-9.0,,,0.0,-7.0,1.0,7.0
Female_Insanity Go Cuckoo,Female,Insanity Go Cuckoo,-9.0,9.0,11.0,11.0,-9.0,9.0,11.0,11.0,-9.0,9.0,11.0,11.0,-6.0,6.0,6.0,6.0,,,48.0,48.0,,,,,,,63.0,63.0,-21.0,21.0,25.0,25.0,-21.0,21.0,25.0,25.0,-21.0,21.0,25.0,25.0,0.2225091930861785,36.999189617477846,0.6308847162350316,4.350377286636384,0.08740522181790955,18.542105579658518,0.12414310985016373,-0.026945255348615558,0.2102803738317757,0.30050317873464566,42.52759696390027,0.7170258228466889,4.970872540113943,0.1047967207905288,16.374500977231634,0.15148844534777245,-0.055073950335244155,0.22897196261682243,1.0,12.0,1.0,12.0,1.0,12.0,1.0,15.0,,,,,,,0.0,0.0,1.0,14.0,1.0,14.0,1.0,14.0,1.0,19.0,0.0,-23.0,,,0.0,-38.0,0.0,0.0
Female_Insanity Going Crazy,Female,Insanity Going Crazy,-12.0,12.0,11.0,11.0,-12.0,12.0,11.0,11.0,-12.0,12.0,11.0,11.0,-7.0,7.0,5.0,5.0,-87.0,87.0,101.0,101.0,,,,,-89.0,89.0,103.0,103.0,-24.0,24.0,26.0,26.0,-24.0,24.0,29.0,29.0,-24.0,24.0,29.0,29.0,0.2169954392397515,35.46438247912398,0.6030370500384185,3.913683562722301,0.08532093711337953,19.606413057611398,0.12091450087444962,-0.04700735601309304,0.21962616822429906,0.21756920914783656,35.42672284741268,0.601841696225715,3.949114574258712,0.08480850958796306,19.517917007616692,0.11871564486679041,-0.04264455198127533,0.2570093457943925,1.0,12.0,1.0,12.0,1.0,12.0,1.0,17.0,0.0,-63.0,,,0.0,-65.0,0.0,0.0,1.0,18.0,1.0,18.0,1.0,18.0,1.0,24.0,0.0,-72.0,,,0.0,-74.0,1.0,3.0
Female_Insanity Hostile,Female,Insanity Hostile,-9.0,9.0,7.0,7.0,-9.0,9.0,7.0,7.0,-9.0,9.0,7.0,7.0,-7.0,7.0,5.0,5.0,-91.0,91.0,97.0,97.0,,,,,-104.0,104.0,90.0,90.0,-40.0,40.0,55.0,55.0,-56.0,56.0,67.0,67.0,-56.0,56.0,67.0,67.0,0.18362205273637147,33.17617340177019,0.5674875957943569,4.3132932240091195,0.08747998955395986,18.868538888815085,0.12461072867209057,-0.014540131682547454,0.5280373831775701,0.19017536172242921,33.84808362087357,0.5783388550593475,4.243382394592339,0.08693160106227776,19.37166431239367,0.123787614956217,-0.016490351930956975,0.6121495327102804,1.0,47.0,1.0,47.0,1.0,47.0,1.0,49.0,0.0,-35.0,,,0.0,-48.0,1.0,16.0,1.0,60.0,1.0,60.0,1.0,60.0,1.0,62.0,0.0,-30.0,,,0.0,-23.0,1.0,12.0
Female_Insanity Lunatic,Female,Insanity Lunatic,-8.0,8.0,3.0,3.0,-8.0,8.0,3.0,3.0,-8.0,8.0,3.0,3.0,-6.0,6.0,4.0,4.0,-91.0,91.0,92.0,92.0,,,,,-102.0,102.0,42.0,42.0,-13.0,13.0,21.0,21.0,-15.0,15.0,21.0,21.0,-15.0,15.0,21.0,21.0,0.22763978487977357,37.47290122843234,0.6385774717843914,4.381699243734513,0.08974576665896852,18.379109435358068,0.12918872744688448,-0.03721959067282276,0.14018691588785046,0.23816122239995224,38.42211250055616,0.6537232719217442,4.4544094117515,0.08905351880903,18.601230362010835,0.1276143011197729,-0.04072074021134421,0.18691588785046728,1.0,7.0,1.0,7.0,1.0,7.0,1.0,9.0,0.0,-76.0,,,0.0,-87.0,1.0,2.0,1.0,18.0,1.0,18.0,1.0,18.0,1.0,17.0,0.0,-71.0,,,0.0,-21.0,0.0,0.0
Female_Joy 01,Female,Joy,-9.0,9.0,9.0,9.0,-9.0,9.0,9.0,9.0,-9.0,9.0,9.0,9.0,-6.0,6.0,7.0,7.0,-55.0,55.0,65.0,65.0,,,,,-55.0,55.0,65.0,65.0,-11.0,11.0,7.0,7.0,-14.0,14.0,8.0,8.0,-14.0,14.0,8.0,8.0,0.21982852153688948,36.76519845356451,0.6270407230776047,4.49022132551698,0.09271620438908632,18.248477104111107,0.1346424466245017,-0.033689981866105695,0.09813084112149532,0.29044373793022654,42.22337440463984,0.7138984525732905,4.708314132554648,0.10272113529738978,16.53136026422338,0.1473581523476344,-0.04680551184672062,0.0794392523364486,1.0,5.0,1.0,5.0,1.0,5.0,1.0,8.0,0.0,-41.0,,,0.0,-41.0,1.0,3.0,0.0,-1.0,0.0,-1.0,0.0,-1.0,1.0,1.0,0.0,-57.0,,,0.0,-57.0,1.0,1.0
Female_Joy 02,Female,Joy,-10.0,10.0,10.0,10.0,-10.0,10.0,10.0,10.0,-10.0,10.0,10.0,10.0,-7.0,7.0,6.0,6.0,-91.0,91.0,66.0,66.0,,,,,-91.0,91.0,69.0,69.0,-25.0,25.0,39.0,39.0,-40.0,40.0,39.0,39.0,-40.0,40.0,39.0,39.0,0.20447747562533228,35.184392138062236,0.6007817785177275,4.4419263032412974,0.09097096900332649,18.17598993087608,0.12820632604636112,-0.02140233533404698,0.32242990654205606,0.26662152142168205,39.99765404139724,0.6773067693286967,4.791813010315054,0.10046947089450381,16.752456344955256,0.14379096315857373,-0.028142931583885835,0.3598130841121495,1.0,30.0,1.0,30.0,1.0,30.0,1.0,33.0,0.0,-51.0,,,0.0,-51.0,1.0,15.0,1.0,29.0,1.0,29.0,1.0,29.0,1.0,33.0,0.0,-27.0,,,0.0,-30.0,0.0,0.0
Female_Joy 03,Female,Joy,-12.0,12.0,13.0,13.0,-12.0,12.0,13.0,13.0,-12.0,12.0,13.0,13.0,-7.0,7.0,7.0,7.0,-90.0,90.0,59.0,59.0,,,,,-102.0,102.0,59.0,59.0,-48.0,48.0,50.0,50.0,-48.0,48.0,55.0,55.0,-48.0,48.0,55.0,55.0,0.22560898500068166,36.927505152247775,0.6290891774207632,4.172746829235944,0.08669260942008135,18.925328097574845,0.12164775630072602,-0.016271826262786008,0.4532710280373832,0.2811440059514803,41.127069366312476,0.6956961942819234,4.494666444607706,0.09457701942491754,18.244985706692134,0.13898817889111223,-0.019052722047422532,0.48130841121495327,1.0,36.0,1.0,36.0,1.0,36.0,1.0,41.0,0.0,-42.0,,,0.0,-54.0,0.0,0.0,1.0,42.0,1.0,42.0,1.0,42.0,1.0,48.0,0.0,-4.0,,,0.0,-4.0,1.0,5.0
Female_Joy 04,Female,Joy,-9.0,9.0,11.0,11.0,-9.0,9.0,11.0,11.0,-9.0,9.0,11.0,11.0,-7.0,7.0,7.0,7.0,-86.0,86.0,56.0,56.0,,,,,-99.0,99.0,57.0,57.0,-9.0,9.0,24.0,24.0,-11.0,11.0,25.0,25.0,-11.0,11.0,25.0,25.0,0.20657058464032468,35.501098525858374,0.6063024676643993,4.146319108971647,0.08779871713299796,18.92746291815982,0.12393328248751613,-0.019270613371768844,0.17289719626168223,0.27133699889494994,40.5844407081604,0.6874517939362207,4.847993860439023,0.10266193472475649,16.35483988214952,0.1463889211486533,-0.03435728315995119,0.2383177570093458,1.0,2.0,1.0,2.0,1.0,2.0,1.0,4.0,0.0,-75.0,,,0.0,-88.0,1.0,2.0,1.0,14.0,1.0,14.0,1.0,14.0,1.0,18.0,0.0,-31.0,,,0.0,-32.0,1.0,1.0
Female_Joy 05,Female,Joy,-11.0,11.0,13.0,13.0,-11.0,11.0,13.0,13.0,-11.0,11.0,13.0,13.0,-7.0,7.0,7.0,7.0,-88.0,88.0,57.0,57.0,,,,,-99.0,99.0,57.0,57.0,-59.0,59.0,22.0,22.0,-68.0,68.0,35.0,35.0,-68.0,68.0,35.0,35.0,0.19168387506609766,33.61318466596514,0.5741159890160382,4.037073431936937,0.08600840341510638,18.721165052276273,0.11882967206667054,-0.014476915107709225,0.6308411214953271,0.2659682556290493,39.758355227586264,0.6729080188566836,4.791646023533333,0.10215958629116834,16.47956671429206,0.14396749732067,-0.03240186602712792,0.2757009345794392,1.0,57.0,1.0,57.0,1.0,57.0,1.0,61.0,0.0,-20.0,,,0.0,-31.0,1.0,9.0,1.0,22.0,1.0,22.0,1.0,22.0,1.0,28.0,0.0,-22.0,,,0.0,-22.0,1.0,13.0
Female_Judgemental 01,Female,Judgemental,-10.0,10.0,8.0,8.0,-10.0,10.0,8.0,8.0,-10.0,10.0,8.0,8.0,-6.0,6.0,6.0,6.0,-50.0,50.0,80.0,80.0,,,,,-95.0,95.0,53.0,53.0,-15.0,15.0,11.0,11.0,-15.0,15.0,17.0,17.0,-15.0,15.0,17.0,17.0,0.24359848733260253,38.37806199421392,0.6518838934058423,4.802255133097278,0.09581740467615847,16.808383021529057,0.1348241213709116,-0.04202770574070583,0.3130841121495327,0.3248090120119469,44.693396733185956,0.7520854822610109,5.086453702718576,0.10228283783403512,15.947423169747376,0.14529789397317283,-0.07053428526236633,0.13551401869158877,1.0,5.0,1.0,5.0,1.0,5.0,1.0,9.0,0.0,-35.0,,,0.0,-80.0,0.0,0.0,1.0,9.0,1.0,9.0,1.0,9.0,1.0,11.0,0.0,-63.0,,,0.0,-36.0,1.0,6.0
Female_Judgemental 02,Female,Judgemental,-7.0,7.0,10.0,10.0,-7.0,7.0,10.0,10.0,-7.0,7.0,10.0,10.0,-8.0,8.0,7.0,7.0,-69.0,69.0,83.0,83.0,,,,,-81.0,81.0,45.0,45.0,-8.0,8.0,6.0,6.0,-12.0,12.0,12.0,12.0,-12.0,12.0,12.0,12.0,0.25863807892130913,39.909071133515546,0.6775184323854535,4.2694681541315305,0.09368705696795347,18.324641020108036,0.1355938574404649,-0.052498960606405666,0.13551401869158877,0.32054634434040463,44.42757345137195,0.7481758659270322,4.49049520332401,0.09323522814105605,18.021927658141596,0.1354159860397285,-0.06597712705625552,0.10747663551401869,1.0,5.0,1.0,5.0,1.0,5.0,1.0,4.0,0.0,-57.0,,,0.0,-69.0,1.0,4.0,1.0,2.0,1.0,2.0,1.0,2.0,1.0,5.0,0.0,-71.0,,,0.0,-33.0,1.0,6.0
Female_Judgemental 03,Female,Judgemental,-8.0,8.0,10.0,10.0,-8.0,8.0,10.0,10.0,-8.0,8.0,10.0,10.0,-8.0,8.0,8.0,8.0,-81.0,81.0,87.0,87.0,,,,,-81.0,81.0,77.0,77.0,-22.0,22.0,12.0,12.0,-25.0,25.0,13.0,13.0,-25.0,25.0,13.0,13.0,0.2520056339067833,39.47754067349657,0.6709359517651741,4.396955138211634,0.093030089740905,18.14363873709115,0.13345724650008498,-0.04910393128885287,0.22897196261682243,0.30404595153354036,43.03186909060612,0.7257500609783368,4.2329205663474365,0.08846512013854825,18.823363908510366,0.12872621617367808,-0.07238990778677931,0.11682242990654206,1.0,17.0,1.0,17.0,1.0,17.0,1.0,17.0,0.0,-56.0,,,0.0,-56.0,1.0,3.0,1.0,3.0,1.0,3.0,1.0,3.0,1.0,5.0,0.0,-74.0,,,0.0,-64.0,1.0,1.0
Female_Judgemental 04,Female,Judgemental,-10.0,10.0,12.0,12.0,-10.0,10.0,12.0,12.0,-10.0,10.0,12.0,12.0,-7.0,7.0,7.0,7.0,-92.0,92.0,81.0,81.0,,,,,-81.0,81.0,42.0,42.0,-20.0,20.0,29.0,29.0,-20.0,20.0,39.0,39.0,-20.0,20.0,39.0,39.0,0.25001095778474186,39.12379293575465,0.6648312603410717,4.65755898830977,0.09396889825123099,17.888538720620936,0.1356744474889535,-0.04027677083683905,0.2102803738317757,0.3058384656906128,43.021713573241904,0.7254509510141667,4.6160983693585775,0.09577556655994643,17.765098919229366,0.13932874043173385,-0.049366373046536315,0.3317757009345794,1.0,10.0,1.0,10.0,1.0,10.0,1.0,13.0,0.0,-72.0,,,0.0,-61.0,0.0,0.0,1.0,27.0,1.0,27.0,1.0,27.0,1.0,32.0,0.0,-42.0,,,0.0,-3.0,1.0,10.0
Female_Judgemental 05,Female,Judgemental,-9.0,9.0,5.0,5.0,-9.0,9.0,5.0,5.0,-9.0,9.0,5.0,5.0,-5.0,5.0,6.0,6.0,-82.0,82.0,33.0,33.0,,,,,-92.0,92.0,81.0,81.0,-9.0,9.0,24.0,24.0,-14.0,14.0,29.0,29.0,-14.0,14.0,29.0,29.0,0.23629103419936706,38.19872052647243,0.6501761401925131,4.7500346919225755,0.09443148144714113,17.08485917862685,0.13422579725958267,-0.029557314988608672,0.10747663551401869,0.3104304565447513,43.86773709716084,0.7398985475301743,5.373925968047197,0.10386330843250328,15.69577618573538,0.14892020934032943,-0.04844792131508622,0.24766355140186916,1.0,5.0,1.0,5.0,1.0,5.0,1.0,9.0,0.0,-68.0,,,0.0,-78.0,1.0,5.0,1.0,24.0,1.0,24.0,1.0,24.0,1.0,23.0,0.0,-4.0,,,0.0,-52.0,1.0,5.0
Female_Nervous,Female,Nervous,-9.0,9.0,11.0,11.0,-9.0,9.0,11.0,11.0,-9.0,9.0,11.0,11.0,-7.0,7.0,7.0,7.0,-91.0,91.0,56.0,56.0,,,,,-101.0,101.0,97.0,97.0,-12.0,12.0,11.0,11.0,-18.0,18.0,13.0,13.0,-18.0,18.0,13.0,13.0,0.25050414332719606,39.400569597137306,0.6698338000156056,4.209116248205025,0.08863786175706477,18.623761692961875,0.12429838416711339,-0.04254078837198632,0.1542056074766355,0.3023862766328259,42.975628164327034,0.7253135156547912,4.474851996646585,0.09141799170419435,18.339550045221348,0.13163368692094424,-0.05601651869087576,0.11682242990654206,1.0,9.0,1.0,9.0,1.0,9.0,1.0,11.0,0.0,-73.0,,,0.0,-83.0,1.0,6.0,1.0,2.0,1.0,2.0,1.0,2.0,1.0,6.0,0.0,-43.0,,,0.0,-84.0,1.0,2.0
Female_Pain 01,Female,Pain,-9.0,9.0,11.0,11.0,-9.0,9.0,11.0,11.0,-9.0,9.0,11.0,11.0,-5.0,5.0,6.0,6.0,-37.0,37.0,43.0,43.0,,,,,-102.0,102.0,53.0,53.0,-21.0,21.0,34.0,34.0,-21.0,21.0,34.0,34.0,-21.0,21.0,34.0,34.0,0.2194141533887275,36.70022345034876,0.6258375159351626,5.180730750975765,0.100962079112541,16.263989934447615,0.1449232130258713,-0.014303485366785638,0.49065420560747663,0.29764552316933035,42.8418296920919,0.723846128958965,5.450676205559311,0.10886997130708159,15.693001586291212,0.1611914296616923,-0.03287320173232355,0.37850467289719625,1.0,12.0,1.0,12.0,1.0,12.0,1.0,16.0,0.0,-16.0,,,0.0,-81.0,0.0,0.0,1.0,23.0,1.0,23.0,1.0,23.0,1.0,28.0,0.0,-9.0,,,0.0,-19.0,0.0,0.0
Female_Pain 02,Female,Pain,-10.0,10.0,11.0,11.0,-10.0,10.0,11.0,11.0,-10.0,10.0,11.0,11.0,-6.0,6.0,5.0,5.0,-38.0,38.0,74.0,74.0,,,,,-38.0,38.0,56.0,56.0,-57.0,57.0,45.0,45.0,-85.0,85.0,71.0,71.0,-85.0,85.0,71.0,71.0,0.2102663333170882,35.78399211223994,0.6107362939097057,4.5104082778757695,0.09119788838445016,18.02024199365096,0.13028698899554755,-0.0008599421131276639,0.7429906542056075,0.27316236468119043,40.72560814385102,0.6894956638462075,5.245380038308484,0.10536377608915355,16.174971668974095,0.15608338554793932,-0.013665504962484414,0.5747663551401869,1.0,75.0,1.0,75.0,1.0,75.0,1.0,79.0,1.0,47.0,,,1.0,47.0,1.0,28.0,1.0,60.0,1.0,60.0,1.0,60.0,1.0,66.0,0.0,-3.0,,,1.0,15.0,1.0,26.0
Female_Pain 03,Female,Pain,-8.0,8.0,10.0,10.0,-8.0,8.0,10.0,10.0,-8.0,8.0,10.0,10.0,-7.0,7.0,7.0,7.0,-91.0,91.0,60.0,60.0,,,,,-102.0,102.0,54.0,54.0,-9.0,9.0,20.0,20.0,-15.0,15.0,20.0,20.0,-15.0,15.0,20.0,20.0,0.26651746591674946,40.895209441675206,0.6943142909869969,4.646725478834498,0.09413758841044498,17.177556414550477,0.13296441073125265,-0.057754543897147494,0.13551401869158877,0.3308794080654037,45.4963923436459,0.7662984697478954,5.022754241860358,0.10538549999767374,16.103050219120213,0.15452426826616503,-0.06606425177828174,0.17289719626168223,1.0,7.0,1.0,7.0,1.0,7.0,1.0,8.0,0.0,-76.0,,,0.0,-87.0,1.0,6.0,1.0,10.0,1.0,10.0,1.0,10.0,1.0,13.0,0.0,-40.0,,,0.0,-34.0,0.0,0.0
Female_Pain 04,Female,Pain,-9.0,9.0,11.0,11.0,-9.0,9.0,11.0,11.0,-9.0,9.0,11.0,11.0,-6.0,6.0,6.0,6.0,-91.0,91.0,74.0,74.0,,,,,-91.0,91.0,27.0,27.0,-19.0,19.0,42.0,42.0,-35.0,35.0,42.0,42.0,-35.0,35.0,42.0,42.0,0.23007225321832103,37.32472074811704,0.6351903718765651,4.591046603953588,0.09217928139106282,17.910286456524336,0.13162964944428993,-0.0289829128256468,0.32242990654205606,0.28482042879701774,41.377728283962355,0.6989222469730912,5.003358258630767,0.10386224923150561,15.511116746844792,0.1443916844590655,-0.04837686575461771,0.3878504672897196,1.0,26.0,1.0,26.0,1.0,26.0,1.0,29.0,0.0,-56.0,,,0.0,-56.0,1.0,16.0,1.0,31.0,1.0,31.0,1.0,31.0,1.0,36.0,0.0,-32.0,,,1.0,15.0,0.0,0.0
Female_Pain 05,Female,Pain,-9.0,9.0,13.0,13.0,-9.0,9.0,13.0,13.0,-9.0,9.0,13.0,13.0,-7.0,7.0,7.0,7.0,-78.0,78.0,84.0,84.0,,,,,-49.0,49.0,95.0,95.0,-21.0,21.0,28.0,28.0,-21.0,21.0,35.0,35.0,-21.0,21.0,35.0,35.0,0.2311151896681741,37.87230490301257,0.6455592042374834,4.708914005049618,0.09870466157653422,17.63670278038642,0.14572002137747575,-0.014316447148813265,0.2757009345794392,0.27973943893040454,41.25246406047144,0.6984194157488435,4.881319610332357,0.10194892161221147,16.923051478692393,0.14721286715061035,-0.014439900066250953,0.5186915887850467,1.0,12.0,1.0,12.0,1.0,12.0,1.0,14.0,0.0,-57.0,,,0.0,-28.0,0.0,0.0,1.0,22.0,1.0,22.0,1.0,22.0,1.0,28.0,0.0,-49.0,,,0.0,-60.0,1.0,7.0
Female_Pain Illness,Female,Pain Illness,-10.0,10.0,3.0,3.0,-10.0,10.0,3.0,3.0,-10.0,10.0,3.0,3.0,-7.0,7.0,5.0,5.0,-90.0,90.0,99.0,99.0,,,,,-20.0,20.0,90.0,90.0,-44.0,44.0,49.0,49.0,-44.0,44.0,56.0,56.0,-44.0,44.0,56.0,56.0,0.22391654286429147,37.18216524391531,0.6340598093572064,4.526269845734133,0.09499563867191099,17.24979101258775,0.1344600271011861,-0.014830111621696259,0.46261682242990654,0.21698109457425982,36.569034344682066,0.6237182269029529,4.414117910298649,0.0904044360966883,18.764946904833167,0.12986939618328833,-0.010995832837630655,0.5934579439252337,1.0,34.0,1.0,34.0,1.0,34.0,1.0,37.0,0.0,-46.0,,,1.0,24.0,0.0,0.0,1.0,53.0,1.0,53.0,1.0,53.0,1.0,51.0,0.0,-43.0,,,0.0,-34.0,1.0,7.0
Female_Playful 01,Female,Playful,-10.0,10.0,9.0,9.0,-10.0,10.0,9.0,9.0,-10.0,10.0,9.0,9.0,-7.0,7.0,7.0,7.0,-91.0,91.0,42.0,42.0,,,,,-80.0,80.0,41.0,41.0,-14.0,14.0,23.0,23.0,-21.0,21.0,23.0,23.0,-21.0,21.0,23.0,23.0,0.2596800792440076,39.84736135072797,0.6763459635184748,4.148788931718636,0.08542380227162591,18.953095479401448,0.12088916036036779,-0.05614266328722517,0.17289719626168223,0.32450968194230695,44.9989688418736,0.7585329885516211,4.813143783205441,0.1004564941242755,16.33683363356748,0.14183139962688932,-0.04162216353639264,0.2383177570093458,1.0,11.0,1.0,11.0,1.0,11.0,1.0,14.0,0.0,-70.0,,,0.0,-59.0,1.0,7.0,1.0,14.0,1.0,14.0,1.0,14.0,1.0,16.0,0.0,-19.0,,,0.0,-18.0,0.0,0.0
Female_Playful 02,Female,Playful,-7.0,7.0,9.0,9.0,-7.0,7.0,9.0,9.0,-7.0,7.0,9.0,9.0,-6.0,6.0,7.0,7.0,-66.0,66.0,48.0,48.0,,,,,-98.0,98.0,48.0,48.0,-17.0,17.0,25.0,25.0,-21.0,21.0,25.0,25.0,-21.0,21.0,25.0,25.0,0.2643081556970828,40.58668981757119,0.6890008421269788,4.488809880182565,0.09337803740757254,17.43173209443688,0.13170528447009483,-0.0480974982275027,0.19158878504672897,0.3213426520891279,44.65175505887682,0.7523728831474167,4.710139966421874,0.09748057862656696,17.154326573194215,0.14061446895576873,-0.04334011089021914,0.22897196261682243,1.0,14.0,1.0,14.0,1.0,14.0,1.0,15.0,0.0,-45.0,,,0.0,-77.0,1.0,4.0,1.0,16.0,1.0,16.0,1.0,16.0,1.0,18.0,0.0,-23.0,,,0.0,-23.0,0.0,0.0
Female_Playful 03,Female,Playful,-8.0,8.0,12.0,12.0,-8.0,8.0,12.0,12.0,-8.0,8.0,12.0,12.0,-7.0,7.0,7.0,7.0,-79.0,79.0,92.0,92.0,,,,,-80.0,80.0,42.0,42.0,-7.0,7.0,16.0,16.0,-9.0,9.0,20.0,20.0,-9.0,9.0,20.0,20.0,0.24162034620748502,38.56720156090282,0.6561023362468337,4.4069603388415315,0.09294821550401877,18.010958283017587,0.1323094091747167,-0.04341905919190879,0.0794392523364486,0.28142086256330257,41.27228908004048,0.6980577351473202,4.794328761417593,0.09861122740206317,17.01696004412694,0.14227335260442966,-0.04060331920039988,0.17289719626168223,1.0,1.0,1.0,1.0,1.0,1.0,1.0,2.0,0.0,-70.0,,,0.0,-71.0,1.0,2.0,1.0,8.0,1.0,8.0,1.0,8.0,1.0,13.0,0.0,-72.0,,,0.0,-22.0,1.0,4.0
Female_Playful 04,Female,Playful,-8.0,8.0,7.0,7.0,-8.0,8.0,7.0,7.0,-8.0,8.0,7.0,7.0,-6.0,6.0,6.0,6.0,-64.0,64.0,36.0,36.0,,,,,-65.0,65.0,38.0,38.0,-13.0,13.0,24.0,24.0,-15.0,15.0,24.0,24.0,-15.0,15.0,24.0,24.0,0.26538687275948925,40.595811041716104,0.6889132777760525,4.7958435101138654,0.10160356422640243,16.697057695454653,0.146868825204811,-0.051577664145799444,0.13551401869158877,0.34283379026662525,46.31772913888236,0.7786414498437794,5.427827022029696,0.10768421137026538,15.870596120528601,0.1588590283227979,-0.06808521327014282,0.2102803738317757,1.0,7.0,1.0,7.0,1.0,7.0,1.0,9.0,0.0,-49.0,,,0.0,-50.0,1.0,2.0,1.0,17.0,1.0,17.0,1.0,17.0,1.0,18.0,0.0,-12.0,,,0.0,-14.0,0.0,0.0
Female_Playful 05,Female,Playful,-10.0,10.0,10.0,10.0,-10.0,10.0,10.0,10.0,-10.0,10.0,10.0,10.0,-7.0,7.0,7.0,7.0,-91.0,91.0,91.0,91.0,,,,,-90.0,90.0,99.0,99.0,-9.0,9.0,10.0,10.0,-11.0,11.0,16.0,16.0,-11.0,11.0,16.0,16.0,0.2235699858620902,36.95148725598772,0.6297774524741119,4.20431873707153,0.09201940751792688,18.832438310364413,0.1333824573260433,-0.02627599155791452,0.09813084112149532,0.29181514972838285,42.224567928046824,0.7136766118415083,4.550891001978628,0.09460160454787384,17.748288643959924,0.13621133123085183,-0.03980788254292212,0.13551401869158877,1.0,1.0,1.0,1.0,1.0,1.0,1.0,4.0,0.0,-80.0,,,0.0,-79.0,1.0,2.0,1.0,6.0,1.0,6.0,1.0,6.0,1.0,9.0,0.0,-75.0,,,0.0,-83.0,1.0,6.0
Female_Pleasure Oo So Funny,Female,Pleasure Oo So Funny,-9.0,9.0,6.0,6.0,-9.0,9.0,6.0,6.0,-9.0,9.0,6.0,6.0,-7.0,7.0,4.0,4.0,-97.0,97.0,,,,,,,-100.0,100.0,98.0,98.0,-10.0,10.0,10.0,10.0,-12.0,12.0,11.0,11.0,-12.0,12.0,11.0,11.0,0.22047918199378752,36.79956476265025,0.6274328045130263,4.369980688720385,0.08863387850798526,18.215839303525268,0.12649750997716525,-0.035918464170438105,0.10747663551401869,0.2213019043485695,36.82248138712946,0.6273634727523079,4.319062718512299,0.08837194016603665,18.553472555090462,0.12529062957696194,-0.03765626098508033,0.09813084112149532,1.0,3.0,1.0,3.0,1.0,3.0,1.0,5.0,0.0,-85.0,,,0.0,-88.0,1.0,2.0,1.0,5.0,1.0,5.0,1.0,5.0,1.0,7.0,,,,,0.0,-87.0,1.0,1.0
Female_Romantic 01,Female,Romantic,-12.0,12.0,11.0,11.0,-12.0,12.0,11.0,11.0,-12.0,12.0,11.0,11.0,-9.0,9.0,8.0,8.0,-91.0,91.0,47.0,47.0,,,,,-92.0,92.0,82.0,82.0,-23.0,23.0,18.0,18.0,-26.0,26.0,34.0,34.0,-26.0,26.0,34.0,34.0,0.2359074933506618,37.27013019535029,0.6332212954620334,3.909472401401846,0.08578665628326389,19.709292015184623,0.12388609128318867,-0.04735314344691339,0.2383177570093458,0.28433155317172826,41.41587510732847,0.700123534163582,4.261435097379383,0.09016987660499377,18.968102456207223,0.1322070427660672,-0.04262919180861143,0.32242990654205606,1.0,14.0,1.0,14.0,1.0,14.0,1.0,17.0,0.0,-65.0,,,0.0,-66.0,1.0,3.0,1.0,23.0,1.0,23.0,1.0,23.0,1.0,26.0,0.0,-13.0,,,0.0,-48.0,1.0,16.0
Female_Romantic 02,Female,Romantic,-8.0,8.0,10.0,10.0,-8.0,8.0,10.0,10.0,-8.0,8.0,10.0,10.0,-7.0,7.0,7.0,7.0,-43.0,43.0,45.0,45.0,,,,,-71.0,71.0,86.0,86.0,-7.0,7.0,8.0,8.0,-10.0,10.0,10.0,10.0,-10.0,10.0,10.0,10.0,0.27200067544651924,41.17903987715177,0.6984868814524646,4.4363385753653874,0.09205653063320327,17.918906508868243,0.13071153847114095,-0.06682199128320283,0.08878504672897196,0.33108714696402863,45.43856681841556,0.7649481780478887,4.589693368995719,0.0938582433056887,17.730902679693642,0.13444694574430305,-0.07811440471733842,0.08878504672897196,1.0,2.0,1.0,2.0,1.0,2.0,1.0,3.0,0.0,-33.0,,,0.0,-61.0,1.0,3.0,0.0,0.0,0.0,0.0,0.0,0.0,1.0,3.0,0.0,-35.0,,,0.0,-76.0,1.0,2.0
Female_Romantic 03,Female,Romantic,-10.0,10.0,10.0,10.0,-10.0,10.0,10.0,10.0,-10.0,10.0,10.0,10.0,-7.0,7.0,7.0,7.0,-40.0,40.0,44.0,44.0,,,,,-80.0,80.0,43.0,43.0,-11.0,11.0,28.0,28.0,-11.0,11.0,30.0,30.0,-11.0,11.0,30.0,30.0,0.2715477798586694,40.99810536108284,0.6952529064962797,4.430692856713573,0.09405001115827065,17.68404773168956,0.1327469584373933,-0.05276839365468961,0.09813084112149532,0.32001552960582985,44.48540865149453,0.7496220683940104,4.603769386256827,0.09518246530233143,17.530129276696133,0.13733305999974035,-0.058618289287959306,0.26635514018691586,1.0,1.0,1.0,1.0,1.0,1.0,1.0,4.0,0.0,-29.0,,,0.0,-69.0,0.0,0.0,1.0,20.0,1.0,20.0,1.0,20.0,1.0,23.0,0.0,-14.0,,,0.0,-13.0,1.0,2.0
Female_Romantic 04,Female,Romantic,-9.0,9.0,11.0,11.0,-9.0,9.0,11.0,11.0,-9.0,9.0,11.0,11.0,-7.0,7.0,8.0,8.0,-72.0,72.0,38.0,38.0,,,,,-92.0,92.0,54.0,54.0,-26.0,26.0,20.0,20.0,-26.0,26.0,24.0,24.0,-26.0,26.0,24.0,24.0,0.25297296994200374,39.48852615490138,0.670956952340692,4.287934484517324,0.08871426008079412,18.206690134542253,0.12452256890400401,-0.03954525110877563,0.2850467289719626,0.31970521668407403,44.40105257078866,0.7480957316600274,4.954722677575093,0.1041726326204349,16.848366469577012,0.15587239596500713,-0.05602691649833572,0.21962616822429906,1.0,17.0,1.0,17.0,1.0,17.0,1.0,19.0,0.0,-46.0,,,0.0,-66.0,0.0,0.0,1.0,13.0,1.0,13.0,1.0,13.0,1.0,16.0,0.0,-14.0,,,0.0,-30.0,1.0,4.0
Female_Romantic 05,Female,Romantic,-9.0,9.0,9.0,9.0,-9.0,9.0,9.0,9.0,-9.0,9.0,9.0,9.0,-7.0,7.0,8.0,8.0,-82.0,82.0,39.0,39.0,,,,,-101.0,101.0,54.0,54.0,-7.0,7.0,7.0,7.0,-10.0,10.0,9.0,9.0,-10.0,10.0,9.0,9.0,0.2730086234128364,41.26264441570389,0.6998808001664197,4.435279349161085,0.09020699270702195,18.02138641138169,0.12789675073241288,-0.06119862811587681,0.08878504672897196,0.332336638296876,45.322088740696415,0.7624947786609703,4.806517025925846,0.0995165906742076,17.537638434942785,0.14765676806839007,-0.07200343085226611,0.0794392523364486,1.0,1.0,1.0,1.0,1.0,1.0,1.0,3.0,0.0,-72.0,,,0.0,-91.0,1.0,3.0,0.0,0.0,0.0,0.0,0.0,0.0,1.0,1.0,0.0,-30.0,,,0.0,-45.0,1.0,2.0
Female_S Wink 02,Female,S Wink,-14.0,14.0,13.0,13.0,-14.0,14.0,13.0,13.0,-14.0,14.0,13.0,13.0,-7.0,7.0,7.0,7.0,-84.0,84.0,86.0,86.0,,,,,-99.0,99.0,86.0,86.0,-64.0,64.0,63.0,63.0,-65.0,65.0,63.0,63.0,-65.0,65.0,63.0,63.0,0.19545831022975602,33.40212438485333,0.5692417248039046,4.095480267532936,0.09112342691294989,18.441462062911903,0.12659685577283492,-0.019977276291802664,0.602803738317757,0.2810759984444235,40.68765350814178,0.6866669491211944,4.738738258639089,0.09934065332549198,16.88716103011879,0.14486073221097578,-0.05036124002153628,0.5841121495327103,1.0,51.0,1.0,51.0,1.0,51.0,1.0,58.0,0.0,-19.0,,,0.0,-34.0,1.0,1.0,1.0,50.0,1.0,50.0,1.0,50.0,1.0,56.0,0.0,-23.0,,,0.0,-23.0,0.0,0.0
Female_Sad 01,Female,Sad,-9.0,9.0,10.0,10.0,-9.0,9.0,10.0,10.0,-9.0,9.0,10.0,10.0,-7.0,7.0,7.0,7.0,-92.0,92.0,93.0,93.0,,,,,-92.0,92.0,54.0,54.0,-7.0,7.0,9.0,9.0,-12.0,12.0,12.0,12.0,-12.0,12.0,12.0,12.0,0.27682884246389444,41.42970952586593,0.7021040456757784,4.266371477308256,0.09006536495432539,18.029102755023455,0.12529671086736446,-0.05790640873329662,0.10747663551401869,0.31689650878727993,44.216951726753024,0.7452850316612938,4.65394822861477,0.09820387770082349,17.590912151537793,0.14412329732528273,-0.06171305129461199,0.13551401869158877,1.0,3.0,1.0,3.0,1.0,3.0,1.0,5.0,0.0,-80.0,,,0.0,-80.0,1.0,5.0,1.0,2.0,1.0,2.0,1.0,2.0,1.0,5.0,0.0,-81.0,,,0.0,-42.0,1.0,3.0
Female_Sad 02,Female,Sad,-9.0,9.0,10.0,10.0,-9.0,9.0,10.0,10.0,-9.0,9.0,10.0,10.0,-7.0,7.0,7.0,7.0,-91.0,91.0,87.0,87.0,,,,,-92.0,92.0,91.0,91.0,-7.0,7.0,12.0,12.0,-11.0,11.0,18.0,18.0,-11.0,11.0,18.0,18.0,0.2794928940657143,41.66383147908148,0.7058125127141721,4.213331228609536,0.08900712173924132,18.532941609083263,0.12577688757259892,-0.055069054955634,0.09813084112149532,0.3140734200165651,44.10895848497052,0.7439133247064653,4.799859382072899,0.09915742615812292,17.13951558713003,0.14496656264758334,-0.05304182063196307,0.26635514018691586,1.0,2.0,1.0,2.0,1.0,2.0,1.0,4.0,0.0,-80.0,,,0.0,-81.0,1.0,4.0,1.0,8.0,1.0,8.0,1.0,8.0,1.0,11.0,0.0,-69.0,,,0.0,-73.0,1.0,6.0
Female_Sad 03,Female,Sad,-11.0,11.0,12.0,12.0,-11.0,11.0,12.0,12.0,-11.0,11.0,12.0,12.0,-8.0,8.0,8.0,8.0,-86.0,86.0,45.0,45.0,,,,,-71.0,71.0,45.0,45.0,-11.0,11.0,47.0,47.0,-26.0,26.0,54.0,54.0,-26.0,26.0,54.0,54.0,0.2457268249208682,38.250449895858765,0.6493252583335494,3.920228878662826,0.08609788601269137,19.500552529401624,0.12343970405043296,-0.04825203301750611,0.2383177570093458,0.28146815857040547,41.21138792617299,0.6969154795335832,4.46848169552319,0.09048115660514787,18.005495181726822,0.12844111429492258,-0.03826384204570378,0.46261682242990654,1.0,15.0,1.0,15.0,1.0,15.0,1.0,18.0,0.0,-60.0,,,0.0,-45.0,1.0,15.0,1.0,42.0,1.0,42.0,1.0,42.0,1.0,46.0,1.0,9.0,,,1.0,9.0,1.0,7.0
Female_Sad 04,Female,Sad,-9.0,9.0,9.0,9.0,-9.0,9.0,9.0,9.0,-9.0,9.0,9.0,9.0,-7.0,7.0,7.0,7.0,-92.0,92.0,63.0,63.0,,,,,-92.0,92.0,45.0,45.0,-8.0,8.0,14.0,14.0,-9.0,9.0,19.0,19.0,-9.0,9.0,19.0,19.0,0.285942089613353,42.085108520828676,0.7122079514126398,4.397222383017434,0.09443715046036918,17.852925687905483,0.13637924918307448,-0.05753595653538392,0.0794392523364486,0.32976599580773686,45.18415888670449,0.7601605437159026,4.594183744671189,0.09211976749596194,17.59381787186613,0.1303686832060229,-0.06038018754709547,0.1542056074766355,0.0,0.0,0.0,0.0,0.0,0.0,1.0,2.0,0.0,-83.0,,,0.0,-83.0,1.0,1.0,1.0,10.0,1.0,10.0,1.0,10.0,1.0,12.0,0.0,-44.0,,,0.0,-26.0,1.0,5.0
Female_Sad 05,Female,Sad,-8.0,8.0,10.0,10.0,-8.0,8.0,10.0,10.0,-8.0,8.0,10.0,10.0,-7.0,7.0,7.0,7.0,-71.0,71.0,45.0,45.0,,,,,-72.0,72.0,55.0,55.0,-11.0,11.0,4.0,4.0,-11.0,11.0,11.0,11.0,-11.0,11.0,11.0,11.0,0.2791559267266889,41.74473608765647,0.7074956394582965,4.412216160481221,0.09191771919997234,18.04431659355153,0.13139739295221725,-0.05368630657686251,0.09813084112149532,0.322411210180443,44.72090265684039,0.7535655134251998,4.773822963324802,0.1012652593307963,17.510063774657787,0.15089259707843358,-0.05906558942014926,0.09813084112149532,1.0,3.0,1.0,3.0,1.0,3.0,1.0,4.0,0.0,-60.0,,,0.0,-61.0,0.0,0.0,1.0,1.0,1.0,1.0,1.0,1.0,1.0,4.0,0.0,-34.0,,,0.0,-44.0,1.0,7.0
Female_Scream,Female,Scream,-9.0,9.0,13.0,13.0,-9.0,9.0,13.0,13.0,-9.0,9.0,13.0,13.0,-7.0,7.0,6.0,6.0,-91.0,91.0,81.0,81.0,,,,,-84.0,84.0,81.0,81.0,-13.0,13.0,26.0,26.0,-13.0,13.0,26.0,26.0,-13.0,13.0,26.0,26.0,0.2534713742331924,38.64808900111189,0.6547111142948966,4.4262971860817935,0.09285544909817993,17.662862995882115,0.12935367553442154,-0.05436089704526919,0.1822429906542056,0.32268937753739757,43.834974796972546,0.7359275675126326,4.8421074337561,0.09771914745324126,16.228305521888597,0.13562217653500583,-0.07023936468307103,0.2383177570093458,1.0,4.0,1.0,4.0,1.0,4.0,1.0,6.0,0.0,-78.0,,,0.0,-71.0,0.0,0.0,1.0,13.0,1.0,13.0,1.0,13.0,1.0,20.0,0.0,-55.0,,,0.0,-55.0,0.0,0.0
Female_Seriousness 01,Female,Seriousness,-8.0,8.0,10.0,10.0,-8.0,8.0,10.0,10.0,-8.0,8.0,10.0,10.0,-6.0,6.0,7.0,7.0,-91.0,91.0,36.0,36.0,,,,,-92.0,92.0,36.0,36.0,-5.0,5.0,4.0,4.0,-7.0,7.0,8.0,8.0,-7.0,7.0,8.0,8.0,0.27583397827415823,41.53849867794001,0.7043456427195919,4.276421939257846,0.08850750546761842,18.502932596515777,0.12562072245439268,-0.06202567598530065,0.06074766355140187,0.3182726591546959,44.37834151660171,0.7479229390133764,4.810519835363342,0.10027528576831395,16.906945166917094,0.14682421843820023,-0.0665045025471215,0.07009345794392523,0.0,-1.0,0.0,-1.0,0.0,-1.0,1.0,1.0,0.0,-84.0,,,0.0,-85.0,1.0,2.0,0.0,-2.0,0.0,-2.0,0.0,-2.0,1.0,1.0,0.0,-28.0,,,0.0,-28.0,1.0,4.0
Female_Seriousness 02,Female,Seriousness,-9.0,9.0,11.0,11.0,-9.0,9.0,11.0,11.0,-9.0,9.0,11.0,11.0,-7.0,7.0,7.0,7.0,-81.0,81.0,92.0,92.0,,,,,-92.0,92.0,95.0,95.0,-15.0,15.0,12.0,12.0,-16.0,16.0,14.0,14.0,-16.0,16.0,14.0,14.0,0.25613101453424614,39.84352181113769,0.6768929227211765,4.2458071490384155,0.08937579182521352,18.400754730574125,0.12649418016509065,-0.04109388116364167,0.14485981308411214,0.2966799986696689,42.5698489674898,0.7189799155169558,4.441829153571591,0.09087642292692283,17.63826257136431,0.12761650385581097,-0.045937599701302075,0.1261682242990654,1.0,7.0,1.0,7.0,1.0,7.0,1.0,9.0,0.0,-65.0,,,0.0,-76.0,1.0,1.0,1.0,3.0,1.0,3.0,1.0,3.0,1.0,7.0,0.0,-78.0,,,0.0,-81.0,1.0,2.0
Female_Seriousness 03,Female,Seriousness,-9.0,9.0,9.0,9.0,-9.0,9.0,9.0,9.0,-9.0,9.0,9.0,9.0,-7.0,7.0,7.0,7.0,-100.0,100.0,98.0,98.0,,,,,-100.0,100.0,102.0,102.0,-7.0,7.0,0.0,0.0,-9.0,9.0,12.0,12.0,-9.0,9.0,12.0,12.0,0.26526199601521,40.656207006668375,0.6901691018420959,4.198208511989807,0.08702727934380747,18.6562424082771,0.1225699542687749,-0.05564350530365917,0.0794392523364486,0.314404313252351,44.22588966940051,0.7459602458315475,4.388328552054607,0.09089425999984563,17.809176532876894,0.12718121552804731,-0.06309255846192903,0.10747663551401869,0.0,0.0,0.0,0.0,0.0,0.0,1.0,2.0,0.0,-91.0,,,0.0,-91.0,1.0,2.0,1.0,3.0,1.0,3.0,1.0,3.0,1.0,5.0,0.0,-86.0,,,0.0,-90.0,1.0,12.0
Female_Seriousness 04,Female,Seriousness,-9.0,9.0,12.0,12.0,-9.0,9.0,12.0,12.0,-9.0,9.0,12.0,12.0,-7.0,7.0,7.0,7.0,-91.0,91.0,59.0,59.0,,,,,-91.0,91.0,45.0,45.0,-14.0,14.0,13.0,13.0,-16.0,16.0,14.0,14.0,-16.0,16.0,14.0,14.0,0.2502126147813886,39.36098471088944,0.6691171619518895,4.336978732599555,0.08872098953656431,18.59239974292534,0.12737692288070354,-0.05025253089788918,0.14485981308411214,0.29575289187030257,42.501762147261715,0.7179919809242276,4.6500371600562165,0.0976755226675038,17.714475291905746,0.14535115110986638,-0.05374164559016718,0.1261682242990654,1.0,7.0,1.0,7.0,1.0,7.0,1.0,9.0,0.0,-75.0,,,0.0,-75.0,1.0,2.0,1.0,2.0,1.0,2.0,1.0,2.0,1.0,7.0,0.0,-45.0,,,0.0,-31.0,1.0,1.0
Female_Seriousness 05,Female,Seriousness,-8.0,8.0,11.0,11.0,-8.0,8.0,11.0,11.0,-8.0,8.0,11.0,11.0,-7.0,7.0,8.0,8.0,-90.0,90.0,87.0,87.0,,,,,-90.0,90.0,86.0,86.0,-23.0,23.0,12.0,12.0,-24.0,24.0,13.0,13.0,-24.0,24.0,13.0,13.0,0.24481371741428554,38.889135369630615,0.6614443757962958,4.231260716897722,0.08664044154421338,19.033234849878824,0.12362172690062027,-0.04226847563948587,0.21962616822429906,0.29022350322420354,41.84597563075128,0.7067611668015195,4.3738188450616375,0.09208110605027074,18.755152867436873,0.1364630509238198,-0.056747475517130344,0.10747663551401869,1.0,16.0,1.0,16.0,1.0,16.0,1.0,17.0,0.0,-66.0,,,0.0,-66.0,1.0,1.0,1.0,2.0,1.0,2.0,1.0,2.0,1.0,5.0,0.0,-74.0,,,0.0,-73.0,1.0,1.0
Female_Silly 01,Female,Silly,-8.0,8.0,10.0,10.0,-8.0,8.0,10.0,10.0,-8.0,8.0,10.0,10.0,-7.0,7.0,7.0,7.0,-80.0,80.0,52.0,52.0,,,,,-80.0,80.0,52.0,52.0,-21.0,21.0,21.0,21.0,-21.0,21.0,21.0,21.0,-21.0,21.0,21.0,21.0,0.2385496558430039,38.45123692984893,0.6545855759808393,4.625069918615796,0.09635177096527703,17.417551834950075,0.13900026123759882,-0.033223081971997415,0.19158878504672897,0.3077570305806454,43.54100605929009,0.7347122192313181,5.125383771799296,0.10445294445641687,16.20124885785815,0.15230947592348423,-0.04313982173661205,0.21962616822429906,1.0,13.0,1.0,13.0,1.0,13.0,1.0,14.0,0.0,-59.0,,,0.0,-59.0,0.0,0.0,1.0,11.0,1.0,11.0,1.0,11.0,1.0,14.0,0.0,-31.0,,,0.0,-31.0,0.0,0.0
Female_Silly 02,Female,Silly,-9.0,9.0,13.0,13.0,-9.0,9.0,13.0,13.0,-9.0,9.0,13.0,13.0,-7.0,7.0,7.0,7.0,-79.0,79.0,53.0,53.0,,,,,-80.0,80.0,41.0,41.0,-33.0,33.0,24.0,24.0,-33.0,33.0,33.0,33.0,-33.0,33.0,33.0,33.0,0.23463632236017246,37.703730012768894,0.6414599007375358,4.177565059789988,0.09038076235227427,18.926445066239765,0.13092414574381314,-0.04397705642976493,0.3037383177570093,0.2696586449012578,40.2264114740853,0.6811815833008207,4.806404692303633,0.09984278283734745,17.12736279643172,0.14511141033386285,-0.03458879024625939,0.3130841121495327,1.0,24.0,1.0,24.0,1.0,24.0,1.0,26.0,0.0,-46.0,,,0.0,-47.0,0.0,0.0,1.0,20.0,1.0,20.0,1.0,20.0,1.0,26.0,0.0,-20.0,,,0.0,-8.0,1.0,9.0
Female_Silly 03,Female,Silly,-9.0,9.0,11.0,11.0,-9.0,9.0,11.0,11.0,-9.0,9.0,11.0,11.0,-7.0,7.0,7.0,7.0,-94.0,94.0,50.0,50.0,,,,,-95.0,95.0,64.0,64.0,-34.0,34.0,28.0,28.0,-34.0,34.0,33.0,33.0,-34.0,34.0,33.0,33.0,0.22977641447682248,37.258332909824695,0.6341998081689126,4.237952694453508,0.08699813458787382,18.573786678728077,0.12126273957063567,-0.03056195656829905,0.3411214953271028,0.2700506615861554,40.40749911058729,0.6842963642606111,4.78550807301338,0.09947829409807085,16.629165488270612,0.14059868265154227,-0.03981507200504018,0.2757009345794392,1.0,25.0,1.0,25.0,1.0,25.0,1.0,27.0,0.0,-60.0,,,0.0,-61.0,0.0,0.0,1.0,22.0,1.0,22.0,1.0,22.0,1.0,26.0,0.0,-17.0,,,0.0,-31.0,1.0,5.0
Female_Silly 04,Female,Silly,-13.0,13.0,15.0,15.0,-13.0,13.0,15.0,15.0,-13.0,13.0,15.0,15.0,-8.0,8.0,8.0,8.0,-91.0,91.0,93.0,93.0,,,,,-104.0,104.0,93.0,93.0,-26.0,26.0,47.0,47.0,-33.0,33.0,47.0,47.0,-33.0,33.0,47.0,47.0,0.2446902748023238,37.90159406617423,0.643221688012932,3.9008820550429206,0.08457194446181913,19.50711654254653,0.11746094210670804,-0.03770569133981366,0.29439252336448596,0.2754718483051407,40.33677606047871,0.6820834976768939,4.195019652161782,0.08779468608445654,18.387986327240377,0.1219242513179779,-0.024386052216324852,0.43457943925233644,1.0,20.0,1.0,20.0,1.0,20.0,1.0,25.0,0.0,-58.0,,,0.0,-71.0,1.0,7.0,1.0,32.0,1.0,32.0,1.0,32.0,1.0,39.0,0.0,-46.0,,,0.0,-46.0,0.0,0.0
Female_Silly 05,Female,Silly,-9.0,9.0,11.0,11.0,-9.0,9.0,11.0,11.0,-9.0,9.0,11.0,11.0,-7.0,7.0,7.0,7.0,-96.0,96.0,36.0,36.0,,,,,-92.0,92.0,36.0,36.0,-16.0,16.0,50.0,50.0,-16.0,16.0,52.0,52.0,-16.0,16.0,52.0,52.0,0.24020566645069658,38.540470187909136,0.6559590426421611,4.316117955650264,0.08857732417307934,18.07896551394864,0.12313963683708659,-0.0255652727367722,0.19158878504672897,0.28080372024919387,41.12522687421781,0.6954119625353368,4.790958659061901,0.10071620648013097,17.223877872377564,0.14847788952712743,-0.022223795685812692,0.48130841121495327,1.0,7.0,1.0,7.0,1.0,7.0,1.0,9.0,0.0,-80.0,,,0.0,-76.0,0.0,0.0,1.0,41.0,1.0,41.0,1.0,41.0,1.0,45.0,1.0,16.0,,,1.0,16.0,1.0,2.0
Female_Sleepy,Female,Sleepy,-13.0,13.0,11.0,11.0,-13.0,13.0,11.0,11.0,-13.0,13.0,11.0,11.0,-6.0,6.0,5.0,5.0,-91.0,91.0,91.0,91.0,,,,,-60.0,60.0,102.0,102.0,-35.0,35.0,24.0,24.0,-35.0,35.0,24.0,24.0,-35.0,35.0,24.0,24.0,0.227653021010283,36.15908415072432,0.613706724387463,4.670267769945002,0.09662341626958465,17.24994691419907,0.13662543492215984,-0.032028667002080756,0.32242990654205606,0.32923377841432516,44.317995552704716,0.7433477890129402,4.919507351399304,0.09986114820517669,15.905482943251288,0.13814910887828413,-0.08539206680850447,0.21962616822429906,1.0,22.0,1.0,22.0,1.0,22.0,1.0,29.0,0.0,-56.0,,,0.0,-25.0,0.0,0.0,1.0,13.0,1.0,13.0,1.0,13.0,1.0,19.0,0.0,-67.0,,,0.0,-78.0,0.0,0.0
Female_Sleepy 01,Female,Sleepy,-11.0,11.0,13.0,13.0,-11.0,11.0,13.0,13.0,-11.0,11.0,13.0,13.0,-7.0,7.0,6.0,6.0,-102.0,102.0,57.0,57.0,,,,,-95.0,95.0,85.0,85.0,-75.0,75.0,75.0,75.0,-75.0,75.0,75.0,75.0,-75.0,75.0,75.0,75.0,0.23105154388418822,36.767052726210835,0.6244626763779835,4.398441476834433,0.09115205891430378,17.451163805062432,0.1269043847426491,-0.011248092088743906,0.6962616822429907,0.27503602276338596,40.33222107575318,0.6815738128539965,4.787328920875476,0.10174171355004623,16.177151927210577,0.1429377414356425,-0.01659251345652286,0.6962616822429907,1.0,64.0,1.0,64.0,1.0,64.0,1.0,68.0,0.0,-27.0,,,0.0,-20.0,0.0,0.0,1.0,62.0,1.0,62.0,1.0,62.0,1.0,69.0,1.0,18.0,,,0.0,-10.0,0.0,0.0
Female_Sleepy 02,Female,Sleepy,-11.0,11.0,11.0,11.0,-11.0,11.0,11.0,11.0,-11.0,11.0,11.0,11.0,-8.0,8.0,8.0,8.0,-91.0,91.0,89.0,89.0,,,,,-73.0,73.0,43.0,43.0,-10.0,10.0,15.0,15.0,-11.0,11.0,22.0,22.0,-11.0,11.0,22.0,22.0,0.25466372086623007,39.19654519758492,0.6652201139411636,4.008245863855999,0.08502456856856369,18.94824728975224,0.11899500997420752,-0.049327141213639875,0.1261682242990654,0.29359204189799654,42.32312858216116,0.7151754669427315,4.478920789087348,0.09371365253404479,17.882021341230864,0.13462477623713467,-0.04384179315834402,0.19158878504672897,0.0,0.0,0.0,0.0,0.0,0.0,1.0,3.0,0.0,-80.0,,,0.0,-62.0,1.0,1.0,1.0,11.0,1.0,11.0,1.0,11.0,1.0,14.0,0.0,-67.0,,,0.0,-21.0,1.0,7.0
Female_Sleepy 03,Female,Sleepy,-11.0,11.0,10.0,10.0,-11.0,11.0,10.0,10.0,-11.0,11.0,10.0,10.0,-8.0,8.0,8.0,8.0,-47.0,47.0,82.0,82.0,,,,,-52.0,52.0,42.0,42.0,-20.0,20.0,20.0,20.0,-21.0,21.0,20.0,20.0,-21.0,21.0,20.0,20.0,0.2421755200234529,38.36343604827596,0.652269525331593,4.110953288396525,0.0858935945895764,19.222349821008972,0.12280932096940167,-0.03609670991095427,0.19158878504672897,0.28594535254986486,41.8555622279087,0.708176979325085,4.705530221878647,0.09749838408674592,17.053913802484892,0.14096937845197488,-0.030368173094553367,0.24766355140186916,1.0,10.0,1.0,10.0,1.0,10.0,1.0,13.0,0.0,-26.0,,,0.0,-31.0,1.0,1.0,1.0,10.0,1.0,10.0,1.0,10.0,1.0,12.0,0.0,-62.0,,,0.0,-22.0,0.0,0.0
Female_Sleepy 04,Female,Sleepy,-11.0,11.0,12.0,12.0,-11.0,11.0,12.0,12.0,-11.0,11.0,12.0,12.0,-7.0,7.0,8.0,8.0,-77.0,77.0,26.0,26.0,,,,,-77.0,77.0,97.0,97.0,-32.0,32.0,38.0,38.0,-35.0,35.0,38.0,38.0,-35.0,35.0,38.0,38.0,0.2346950256935904,37.745895965077054,0.6422451268707481,4.33239954219104,0.09075450036182718,18.457642443394224,0.12988052053271598,-0.03631636667474408,0.3130841121495327,0.28110203174787146,41.39422806178298,0.7005049719640585,4.59857925904967,0.09376075501753905,17.811059135995272,0.13496703225767837,-0.03541894298847591,0.35046728971962615,1.0,24.0,1.0,24.0,1.0,24.0,1.0,28.0,0.0,-42.0,,,0.0,-42.0,1.0,3.0,1.0,26.0,1.0,26.0,1.0,26.0,1.0,30.0,1.0,12.0,,,0.0,-59.0,0.0,0.0
Female_Sleepy 05,Female,Sleepy,-10.0,10.0,10.0,10.0,-10.0,10.0,10.0,10.0,-10.0,10.0,10.0,10.0,-7.0,7.0,7.0,7.0,-91.0,91.0,88.0,88.0,,,,,-92.0,92.0,97.0,97.0,-12.0,12.0,12.0,12.0,-16.0,16.0,12.0,12.0,-16.0,16.0,12.0,12.0,0.27418146400808174,41.16154841396296,0.6976671801688515,4.222638871190008,0.08861068889217556,18.205763830566394,0.12374937984178651,-0.05944393700528368,0.14485981308411214,0.3283381657065632,45.19612849092929,0.7611561149846171,4.637548984089326,0.09605316922207859,17.480358051085847,0.13935090172684417,-0.06437131414346606,0.1261682242990654,1.0,6.0,1.0,6.0,1.0,6.0,1.0,9.0,0.0,-75.0,,,0.0,-76.0,1.0,4.0,1.0,2.0,1.0,2.0,1.0,2.0,1.0,5.0,0.0,-76.0,,,0.0,-85.0,0.0,0.0
Female_Subtle 01,Female,Subtle,-10.0,10.0,11.0,11.0,-10.0,10.0,11.0,11.0,-10.0,10.0,11.0,11.0,-7.0,7.0,7.0,7.0,-97.0,97.0,34.0,34.0,,,,,-92.0,92.0,55.0,55.0,-13.0,13.0,12.0,12.0,-15.0,15.0,13.0,13.0,-15.0,15.0,13.0,13.0,0.2627404844649484,40.29117707225764,0.683893673665016,4.319511853123658,0.08657564236870352,19.079893307515814,0.12418088629701228,-0.04498508934662721,0.17289719626168223,0.30782918395283065,43.39912878464315,0.731849155122392,4.586926899937408,0.09301073194664215,18.138571125282198,0.1355493167801848,-0.054343837722439635,0.2570093457943925,1.0,5.0,1.0,5.0,1.0,5.0,1.0,8.0,0.0,-82.0,,,0.0,-77.0,1.0,2.0,1.0,2.0,1.0,2.0,1.0,2.0,1.0,6.0,0.0,-21.0,,,0.0,-42.0,1.0,1.0
Female_Subtle 02,Female,Subtle,-9.0,9.0,11.0,11.0,-9.0,9.0,11.0,11.0,-9.0,9.0,11.0,11.0,-7.0,7.0,7.0,7.0,-72.0,72.0,82.0,82.0,,,,,-73.0,73.0,97.0,97.0,-7.0,7.0,9.0,9.0,-8.0,8.0,11.0,11.0,-8.0,8.0,11.0,11.0,0.27751598012781586,41.523440222873866,0.7037841830855218,4.417673061523482,0.0900259552839792,18.255317267707394,0.1284599225476103,-0.06193046982043257,0.07009345794392523,0.32133034540114,44.41472479116137,0.7480117737829128,4.539805734251565,0.09444364745204693,17.72564401641386,0.13583658937856835,-0.07123736187676404,0.09813084112149532,0.0,-1.0,0.0,-1.0,0.0,-1.0,1.0,1.0,0.0,-64.0,,,0.0,-65.0,1.0,1.0,0.0,0.0,0.0,0.0,0.0,0.0,1.0,4.0,0.0,-71.0,,,0.0,-86.0,1.0,2.0
Female_Subtle 03,Female,Subtle,-9.0,9.0,10.0,10.0,-9.0,9.0,10.0,10.0,-9.0,9.0,10.0,10.0,-6.0,6.0,8.0,8.0,-81.0,81.0,60.0,60.0,,,,,-82.0,82.0,,,-6.0,6.0,5.0,5.0,-9.0,9.0,11.0,11.0,-9.0,9.0,11.0,11.0,0.27888184200937505,41.771748799029915,0.7081252507099481,4.481856765625912,0.0900118315838418,18.028692240472587,0.12721094759708307,-0.06629883463137617,0.07009345794392523,0.3249668175372008,44.80383375871961,0.754406846154516,4.627440627751367,0.09599003529994288,17.694235670048382,0.13935595620775,-0.07837321964379783,0.09813084112149532,0.0,0.0,0.0,0.0,0.0,0.0,1.0,3.0,0.0,-72.0,,,0.0,-73.0,1.0,3.0,1.0,1.0,1.0,1.0,1.0,1.0,1.0,3.0,0.0,-49.0,,,,,1.0,6.0
Female_Subtle 04,Female,Subtle,-7.0,7.0,11.0,11.0,-7.0,7.0,11.0,11.0,-7.0,7.0,11.0,11.0,-7.0,7.0,7.0,7.0,,,81.0,81.0,,,,,-102.0,102.0,54.0,54.0,-7.0,7.0,10.0,10.0,-8.0,8.0,11.0,11.0,-8.0,8.0,11.0,11.0,0.2947129264613178,43.09679143673906,0.7294335329435139,4.328376120026006,0.08916845125198927,18.650219005249145,0.12749388610135834,-0.07016865045667808,0.07009345794392523,0.3287846493386777,45.114970256235,0.7593555762388996,4.628412024196342,0.09754145986217762,17.332045497351164,0.14125836373500103,-0.07246110233191018,0.09813084112149532,1.0,1.0,1.0,1.0,1.0,1.0,1.0,1.0,,,,,0.0,-94.0,1.0,1.0,0.0,0.0,0.0,0.0,0.0,0.0,1.0,4.0,0.0,-70.0,,,0.0,-43.0,1.0,1.0
Female_Talking 01,Female,Talking,-9.0,9.0,12.0,12.0,-9.0,9.0,12.0,12.0,-9.0,9.0,12.0,12.0,-6.0,6.0,7.0,7.0,-92.0,92.0,20.0,20.0,,,,,-81.0,81.0,94.0,94.0,-10.0,10.0,23.0,23.0,-11.0,11.0,23.0,23.0,-11.0,11.0,23.0,23.0,0.2474717244366619,38.973810387549,0.6623914015357556,4.693446671920959,0.09709002038920825,17.44883547600501,0.1404588925388624,-0.05099819196718876,0.09813084112149532,0.3113478522434413,43.53374951353697,0.7335683725574123,5.033327250924205,0.10172181186553474,16.406766235008764,0.14645562841082518,-0.06714023677545174,0.19158878504672897,1.0,2.0,1.0,2.0,1.0,2.0,1.0,5.0,0.0,-81.0,,,0.0,-70.0,1.0,1.0,1.0,11.0,1.0,11.0,1.0,11.0,1.0,16.0,1.0,3.0,,,0.0,-71.0,0.0,0.0
Female_Talking 02,Female,Talking,-9.0,9.0,12.0,12.0,-9.0,9.0,12.0,12.0,-9.0,9.0,12.0,12.0,-6.0,6.0,7.0,7.0,-55.0,55.0,49.0,49.0,,,,,-81.0,81.0,54.0,54.0,-19.0,19.0,23.0,23.0,-24.0,24.0,23.0,23.0,-24.0,24.0,23.0,23.0,0.24105192511995263,38.448047080886695,0.6538976906476733,4.5485608876273735,0.09400016505200907,17.684078313519606,0.13494107819531323,-0.03490188662136826,0.19158878504672897,0.30776442155659756,43.16184482396206,0.7274392486732697,5.061479523952041,0.10344536424936535,16.53677751990764,0.15039105042112325,-0.05364988591069373,0.2383177570093458,1.0,15.0,1.0,15.0,1.0,15.0,1.0,18.0,0.0,-31.0,,,0.0,-57.0,1.0,5.0,1.0,11.0,1.0,11.0,1.0,11.0,1.0,16.0,0.0,-26.0,,,0.0,-31.0,0.0,0.0
Female_Talking 03,Female,Talking,-11.0,11.0,12.0,12.0,-11.0,11.0,12.0,12.0,-11.0,11.0,12.0,12.0,-6.0,6.0,7.0,7.0,-56.0,56.0,103.0,103.0,,,,,-92.0,92.0,52.0,52.0,-23.0,23.0,20.0,20.0,-49.0,49.0,20.0,20.0,-49.0,49.0,20.0,20.0,0.22672265210998394,36.848748166984485,0.6271344976168927,4.373953419223985,0.09304301676182251,18.084205788363757,0.1344011821344776,-0.026858435055919897,0.4532710280373832,0.3037262316619124,42.66826757983627,0.7189197246437875,4.772430078640023,0.09941521520230258,17.052224545601046,0.14330368752608885,-0.0581020354946083,0.1822429906542056,1.0,38.0,1.0,38.0,1.0,38.0,1.0,43.0,0.0,-7.0,,,0.0,-43.0,1.0,26.0,1.0,8.0,1.0,8.0,1.0,8.0,1.0,13.0,0.0,-83.0,,,0.0,-32.0,0.0,0.0
Female_Talking 04,Female,Talking,-9.0,9.0,12.0,12.0,-9.0,9.0,12.0,12.0,-9.0,9.0,12.0,12.0,-6.0,6.0,5.0,5.0,-57.0,57.0,31.0,31.0,,,,,-57.0,57.0,67.0,67.0,-17.0,17.0,33.0,33.0,-17.0,17.0,34.0,34.0,-17.0,17.0,34.0,34.0,0.2504902011323198,38.55467739283481,0.6535599068085723,4.527153826553688,0.09527518227696419,17.946624762729517,0.13886539015989258,-0.06204383228426782,0.14485981308411214,0.29218921427414796,41.64394428574036,0.7019452852344958,5.05640298319615,0.10289367413687929,15.866880871416539,0.14609564211711568,-0.05612097193147535,0.3130841121495327,1.0,8.0,1.0,8.0,1.0,8.0,1.0,11.0,0.0,-40.0,,,0.0,-40.0,0.0,0.0,1.0,22.0,1.0,22.0,1.0,22.0,1.0,29.0,1.0,3.0,,,0.0,-33.0,1.0,1.0
Female_Talking 05,Female,Talking,-9.0,9.0,11.0,11.0,-9.0,9.0,11.0,11.0,-9.0,9.0,11.0,11.0,-7.0,7.0,7.0,7.0,-79.0,79.0,47.0,47.0,,,,,-64.0,64.0,87.0,87.0,-12.0,12.0,14.0,14.0,-13.0,13.0,16.0,16.0,-13.0,13.0,16.0,16.0,0.2537461496959223,39.73280457915547,0.6753549920830214,4.51924858825438,0.09313252629747368,17.80583339701933,0.1335495532191587,-0.05319092931034409,0.11682242990654206,0.3126413947510942,43.8805201387851,0.7399788062288383,4.756918977859003,0.09879769000146434,17.06761726041289,0.14377266333772326,-0.0673342008735532,0.14485981308411214,1.0,4.0,1.0,4.0,1.0,4.0,1.0,6.0,0.0,-66.0,,,0.0,-51.0,1.0,1.0,1.0,5.0,1.0,5.0,1.0,5.0,1.0,9.0,0.0,-31.0,,,0.0,-71.0,1.0,2.0
Female_Terror,Female,Terror,-9.0,9.0,9.0,9.0,-9.0,9.0,9.0,9.0,-9.0,9.0,9.0,9.0,-6.0,6.0,5.0,5.0,-91.0,91.0,86.0,86.0,,,,,-92.0,92.0,79.0,79.0,-29.0,29.0,29.0,29.0,-36.0,36.0,34.0,34.0,-36.0,36.0,34.0,34.0,0.22597491518359317,36.605497863805184,0.6224665130688766,4.369191129509116,0.0892565702351759,18.1733533711572,0.12695276329539856,-0.043472728161054235,0.3411214953271028,0.22914502163913764,36.63008530340462,0.6218453354646112,4.527457144355106,0.09209682593975112,17.966317426627825,0.1316267229476065,-0.050507282960080654,0.3037383177570093,1.0,27.0,1.0,27.0,1.0,27.0,1.0,30.0,0.0,-55.0,,,0.0,-56.0,1.0,7.0,1.0,25.0,1.0,25.0,1.0,25.0,1.0,29.0,0.0,-52.0,,,0.0,-45.0,1.0,5.0
Female_Terror Phobia,Female,Terror Phobia,-10.0,10.0,8.0,8.0,-10.0,10.0,8.0,8.0,-10.0,10.0,8.0,8.0,-6.0,6.0,4.0,4.0,-91.0,91.0,92.0,92.0,,,,,-101.0,101.0,93.0,93.0,-23.0,23.0,26.0,26.0,-23.0,23.0,27.0,27.0,-23.0,23.0,27.0,27.0,0.229821540763445,37.40778132019756,0.6370297993454977,4.657716143615196,0.09417747839722994,17.762255209686533,0.13502012692251295,-0.03304457775900297,0.2102803738317757,0.23715200769567044,38.08337388974484,0.6477695782886488,4.561124628078994,0.09117573137595275,18.181411174048673,0.1310455967092289,-0.03288666778635756,0.2570093457943925,1.0,13.0,1.0,13.0,1.0,13.0,1.0,17.0,0.0,-68.0,,,0.0,-78.0,0.0,0.0,1.0,19.0,1.0,19.0,1.0,19.0,1.0,23.0,0.0,-65.0,,,0.0,-66.0,1.0,1.0
Female_Ulgh,Female,Ulgh,-7.0,7.0,9.0,9.0,-7.0,7.0,9.0,9.0,-7.0,7.0,9.0,9.0,-6.0,6.0,7.0,7.0,-34.0,34.0,59.0,59.0,,,,,-80.0,80.0,52.0,52.0,-14.0,14.0,68.0,68.0,-63.0,63.0,69.0,69.0,-63.0,63.0,69.0,69.0,0.23137806091353158,37.967748245346215,0.646888344156965,4.41662838626827,0.0909874043163826,18.213744627650918,0.13056818684035876,-0.014153769361638577,0.6121495327102804,0.30143213355652637,43.25407517513382,0.7309497584388635,4.94864535688588,0.0993687775438634,16.92420226325937,0.14325751244740667,-0.009893184371083696,0.6214953271028038,1.0,56.0,1.0,56.0,1.0,56.0,1.0,57.0,1.0,29.0,,,0.0,-17.0,1.0,49.0,1.0,60.0,1.0,60.0,1.0,60.0,1.0,62.0,1.0,10.0,,,1.0,17.0,1.0,1.0
Female_Wicked 01,Female,Wicked,-9.0,9.0,11.0,11.0,-9.0,9.0,11.0,11.0,-9.0,9.0,11.0,11.0,-7.0,7.0,8.0,8.0,-92.0,92.0,60.0,60.0,,,,,-102.0,102.0,60.0,60.0,-26.0,26.0,22.0,22.0,-28.0,28.0,29.0,29.0,-28.0,28.0,29.0,29.0,0.2531617010865256,39.589419861820254,0.672797947903732,4.237331356731391,0.08870283138217791,18.734298700164395,0.12628392196910562,-0.038611119874169895,0.26635514018691586,0.29209286085913116,42.14653114960572,0.7120670123958863,4.694181037231166,0.09866716932052765,17.24321202720224,0.14454363507903972,-0.04570627379640241,0.2757009345794392,1.0,19.0,1.0,19.0,1.0,19.0,1.0,21.0,0.0,-64.0,,,0.0,-74.0,1.0,2.0,1.0,18.0,1.0,18.0,1.0,18.0,1.0,21.0,0.0,-31.0,,,0.0,-31.0,1.0,7.0
Female_Wicked 02,Female,Wicked,-9.0,9.0,12.0,12.0,-9.0,9.0,12.0,12.0,-9.0,9.0,12.0,12.0,-7.0,7.0,7.0,7.0,-96.0,96.0,39.0,39.0,,,,,-34.0,34.0,53.0,53.0,-19.0,19.0,25.0,25.0,-20.0,20.0,27.0,27.0,-20.0,20.0,27.0,27.0,0.24825225366610232,39.13485026582379,0.6652887828091038,4.402121487465278,0.09169206190151426,17.78674155258275,0.12976319420168986,-0.035177488471860086,0.1822429906542056,0.2963558624838,42.356805244338844,0.7149873146108378,4.832272929861863,0.10150593576656881,17.007063751947708,0.14970725078908903,-0.03939614981134361,0.24766355140186916,1.0,11.0,1.0,11.0,1.0,11.0,1.0,13.0,0.0,-76.0,,,0.0,-14.0,1.0,1.0,1.0,15.0,1.0,15.0,1.0,15.0,1.0,20.0,0.0,-12.0,,,0.0,-26.0,1.0,2.0
Female_Wicked 03,Female,Wicked,-8.0,8.0,11.0,11.0,-8.0,8.0,11.0,11.0,-8.0,8.0,11.0,11.0,-7.0,7.0,6.0,6.0,-92.0,92.0,83.0,83.0,,,,,-92.0,92.0,96.0,96.0,-26.0,26.0,35.0,35.0,-27.0,27.0,36.0,36.0,-27.0,27.0,36.0,36.0,0.22573114778393896,37.267946053888195,0.6352096033569808,4.207467417206581,0.08666275329184982,18.82912515973955,0.12183593396308287,-0.021182858498297007,0.2850467289719626,0.2857611396602381,41.99772620423932,0.7108542187330879,4.509222930958756,0.09315805798657587,17.835105111952608,0.13342762485427676,-0.014925481281547902,0.37850467289719625,1.0,19.0,1.0,19.0,1.0,19.0,1.0,20.0,0.0,-65.0,,,0.0,-65.0,1.0,1.0,1.0,25.0,1.0,25.0,1.0,25.0,1.0,30.0,0.0,-47.0,,,0.0,-60.0,1.0,1.0
Female_Wicked 04,Female,Wicked,-10.0,10.0,9.0,9.0,-10.0,10.0,9.0,9.0,-10.0,10.0,9.0,9.0,-7.0,7.0,7.0,7.0,-81.0,81.0,78.0,78.0,,,,,,,78.0,78.0,0.0,0.0,0.0,0.0,-5.0,5.0,7.0,7.0,-5.0,5.0,7.0,7.0,0.24701485845530144,38.959403006829945,0.6623281274930896,4.232901079771675,0.0877325060900371,18.23222178958293,0.12281310913275997,-0.04911563580281267,0.04205607476635514,0.31210904060123124,43.93207591047911,0.7409774185480359,4.5708410953145435,0.09326333557821323,18.274277133057762,0.136171295641447,-0.059954618321400935,0.02336448598130841,0.0,-5.0,0.0,-5.0,0.0,-5.0,0.0,-2.0,0.0,-76.0,,,,,1.0,5.0,0.0,-2.0,0.0,-2.0,0.0,-2.0,0.0,0.0,0.0,-71.0,,,0.0,-71.0,1.0,7.0
Female_Wicked 05,Female,Wicked,-10.0,10.0,9.0,9.0,-10.0,10.0,9.0,9.0,-10.0,10.0,9.0,9.0,-7.0,7.0,7.0,7.0,-81.0,81.0,78.0,78.0,,,,,,,66.0,66.0,0.0,0.0,0.0,0.0,0.0,0.0,13.0,13.0,0.0,0.0,13.0,13.0,0.24733450201070198,38.98385375013975,0.6627188461058051,4.226380411901068,0.08751350766012692,18.271854006022853,0.12227184652298126,-0.04898199661869869,0.037383177570093455,0.3130171544083925,44.017922864896114,0.7423753966098634,4.605660981629218,0.09387324860093192,18.234502190579562,0.13768531318824245,-0.05978645913511793,0.11214953271028037,0.0,-10.0,0.0,-10.0,0.0,-10.0,0.0,-7.0,0.0,-81.0,,,,,0.0,0.0,1.0,4.0,1.0,4.0,1.0,4.0,1.0,6.0,0.0,-65.0,,,0.0,-53.0,1.0,13.0
Female_Wink,Female,Wink,-9.0,9.0,12.0,12.0,-9.0,9.0,12.0,12.0,-9.0,9.0,12.0,12.0,-7.0,7.0,7.0,7.0,-80.0,80.0,58.0,58.0,,,,,-80.0,80.0,44.0,44.0,-57.0,57.0,32.0,32.0,-66.0,66.0,32.0,32.0,-66.0,66.0,32.0,32.0,0.2128412932436043,36.08598871988671,0.615868053285875,4.39675564412898,0.09364587138846235,18.546709770972207,0.13467424187176633,-0.008352418090695533,0.6121495327102804,0.2976646089108191,42.61860638912593,0.719896417354869,4.740812285672699,0.09568090621973867,17.61284480299764,0.13777487120538387,-0.03710430665550945,0.29439252336448596,1.0,57.0,1.0,57.0,1.0,57.0,1.0,59.0,0.0,-14.0,,,0.0,-14.0,1.0,9.0,1.0,20.0,1.0,20.0,1.0,20.0,1.0,25.0,0.0,-26.0,,,0.0,-12.0,0.0,0.0
Female_With Forehead Wrinkles Angry 01,Female,With Forehead Wrinkles Angry,-7.0,7.0,9.0,9.0,-7.0,7.0,9.0,9.0,-7.0,7.0,9.0,9.0,-7.0,7.0,7.0,7.0,-91.0,91.0,44.0,44.0,,,,,-92.0,92.0,44.0,44.0,-9.0,9.0,5.0,5.0,-18.0,18.0,8.0,8.0,-18.0,18.0,8.0,8.0,0.2587915887342435,40.178965508380784,0.6826083955634339,4.221156047970474,0.08853962063297348,18.319139217214428,0.12384368995872308,-0.03942813689463606,0.1542056074766355,0.3031874922948463,43.360836109268334,0.7321764312815919,4.614246371367546,0.09447823438758605,17.09598674219777,0.13339153505018297,-0.05368603654553957,0.06074766355140187,1.0,11.0,1.0,11.0,1.0,11.0,1.0,11.0,0.0,-73.0,,,0.0,-74.0,1.0,9.0,0.0,-1.0,0.0,-1.0,0.0,-1.0,1.0,1.0,0.0,-36.0,,,0.0,-36.0,1.0,3.0
Female_With Forehead Wrinkles Angry 02,Female,With Forehead Wrinkles Angry,-11.0,11.0,13.0,13.0,-11.0,11.0,13.0,13.0,-11.0,11.0,13.0,13.0,-7.0,7.0,7.0,7.0,-101.0,101.0,98.0,98.0,,,,,-103.0,103.0,98.0,98.0,-8.0,8.0,6.0,6.0,-27.0,27.0,24.0,24.0,-27.0,27.0,24.0,24.0,0.21942825155837514,35.5377614208471,0.6040088678492563,4.086226832382729,0.08576271482655462,19.181012953790177,0.11953885487790378,-0.03990532987028639,0.2570093457943925,0.2835862274481871,40.74992611252259,0.6873300966815413,4.647586672244785,0.0952195718048889,16.995321712009996,0.13424408948927555,-0.05943210450845344,0.24766355140186916,1.0,16.0,1.0,16.0,1.0,16.0,1.0,20.0,0.0,-74.0,,,0.0,-76.0,1.0,19.0,1.0,11.0,1.0,11.0,1.0,11.0,1.0,17.0,0.0,-74.0,,,0.0,-74.0,1.0,18.0
Female_With Forehead Wrinkles Angry 03,Female,With Forehead Wrinkles Angry,-9.0,9.0,9.0,9.0,-9.0,9.0,9.0,9.0,-9.0,9.0,9.0,9.0,-5.0,5.0,5.0,5.0,-40.0,40.0,38.0,38.0,,,,,-79.0,79.0,97.0,97.0,-16.0,16.0,22.0,22.0,-16.0,16.0,23.0,23.0,-16.0,16.0,23.0,23.0,0.23126977737818924,37.777818572855445,0.6434706453808826,4.645583927439891,0.09018404996198304,18.486036592478168,0.131443335657131,-0.03564630741270903,0.14485981308411214,0.3037384915574689,43.279422608491416,0.730424134055559,5.032399001000362,0.10004826450598574,16.717386567871028,0.14642181960901,-0.04377260052155112,0.2102803738317757,1.0,7.0,1.0,7.0,1.0,7.0,1.0,11.0,0.0,-24.0,,,0.0,-63.0,0.0,0.0,1.0,14.0,1.0,14.0,1.0,14.0,1.0,18.0,0.0,-15.0,,,0.0,-74.0,1.0,1.0
Female_With Forehead Wrinkles Angry 04,Female,With Forehead Wrinkles Angry,-9.0,9.0,10.0,10.0,-9.0,9.0,10.0,10.0,-9.0,9.0,10.0,10.0,-6.0,6.0,7.0,7.0,-102.0,102.0,95.0,95.0,,,,,-79.0,79.0,52.0,52.0,-18.0,18.0,20.0,20.0,-18.0,18.0,20.0,20.0,-18.0,18.0,20.0,20.0,0.23444720740630248,38.15186692621106,0.6498553509884906,4.566507470959397,0.09104512607292184,18.09363991763328,0.13235340815670085,-0.032609818694747494,0.1822429906542056,0.29427285032851674,42.49485517662262,0.7177969459618363,4.75285809382657,0.09579741227153306,17.413282557001644,0.13922525513565764,-0.04237335070828411,0.1822429906542056,1.0,9.0,1.0,9.0,1.0,9.0,1.0,12.0,0.0,-84.0,,,0.0,-61.0,0.0,0.0,1.0,10.0,1.0,10.0,1.0,10.0,1.0,13.0,0.0,-75.0,,,0.0,-32.0,0.0,0.0
Female_With Forehead Wrinkles Angry 05,Female,With Forehead Wrinkles Angry,-12.0,12.0,11.0,11.0,-12.0,12.0,11.0,11.0,-12.0,12.0,11.0,11.0,-6.0,6.0,6.0,6.0,-97.0,97.0,77.0,77.0,,,,,-92.0,92.0,81.0,81.0,-32.0,32.0,27.0,27.0,-44.0,44.0,27.0,27.0,-44.0,44.0,27.0,27.0,0.21139887337372681,34.5385352740778,0.5867156258979968,4.291529353255424,0.08730864447523963,18.755921325991935,0.1236349584640197,-0.050065077493123916,0.3878504672897196,0.2845935676699487,40.779476468808184,0.6868464219127023,4.739496209597755,0.10050032642957206,16.30108629841692,0.1417066547668205,-0.06037114839130473,0.24766355140186916,1.0,32.0,1.0,32.0,1.0,32.0,1.0,38.0,0.0,-53.0,,,0.0,-48.0,1.0,12.0,1.0,16.0,1.0,16.0,1.0,16.0,1.0,21.0,0.0,-50.0,,,0.0,-54.0,0.0,0.0
Female_ZMouth Open Horizontal,Female,ZMouth Open Horizontal,-10.0,10.0,11.0,11.0,-10.0,10.0,11.0,11.0,-10.0,10.0,11.0,11.0,-7.0,7.0,7.0,7.0,-100.0,100.0,76.0,76.0,,,,,-81.0,81.0,95.0,95.0,-11.0,11.0,13.0,13.0,-12.0,12.0,18.0,18.0,-12.0,12.0,18.0,18.0,0.24790707314125845,39.01654580374745,0.6631486475049893,4.196491467809984,0.08855683187831123,18.630550809243356,0.12736968917526165,-0.04886049644969334,0.10747663551401869,0.27617852459444064,40.85126510735984,0.6911555441253097,4.375076547404316,0.09087571101350204,18.233995455582075,0.13245329777446557,-0.05219998760758159,0.14485981308411214,1.0,2.0,1.0,2.0,1.0,2.0,1.0,5.0,0.0,-88.0,,,0.0,-69.0,1.0,1.0,1.0,7.0,1.0,7.0,1.0,7.0,1.0,11.0,0.0,-58.0,,,0.0,-77.0,1.0,5.0
Female_ZMouth Open Horizontal And Vertical,Female,ZMouth Open Horizontal And Vertical,-10.0,10.0,11.0,11.0,-10.0,10.0,11.0,11.0,-10.0,10.0,11.0,11.0,-7.0,7.0,7.0,7.0,-13.0,13.0,14.0,14.0,,,,,-79.0,79.0,50.0,50.0,-23.0,23.0,23.0,23.0,-24.0,24.0,24.0,24.0,-24.0,24.0,24.0,24.0,0.25407724291364725,38.71659439300822,0.6555007179485304,4.394854961311288,0.09097537679492303,18.129487557747375,0.12483808008145611,-0.07980204519824446,0.21962616822429906,0.2889933329876338,40.98085539363255,0.6894608681725565,4.848661893212768,0.09732279564454177,16.799567177199794,0.1354421586290283,-0.08195195632560232,0.21962616822429906,1.0,14.0,1.0,14.0,1.0,14.0,1.0,17.0,1.0,11.0,,,0.0,-55.0,1.0,1.0,1.0,13.0,1.0,13.0,1.0,13.0,1.0,17.0,1.0,10.0,,,0.0,-26.0,1.0,1.0
Male_+10,Male,+10,-5.0,5.0,1.0,1.0,-5.0,5.0,1.0,1.0,-5.0,5.0,1.0,1.0,-6.0,6.0,4.0,4.0,-39.0,39.0,101.0,101.0,,,,,-48.0,48.0,88.0,88.0,-14.0,14.0,14.0,14.0,-16.0,16.0,16.0,16.0,-16.0,16.0,16.0,16.0,0.3229069166651396,45.55220545563743,0.7689493915118347,4.7739216819161845,0.09946748605525156,16.174142250745142,0.13675935503165676,-0.023111314974098563,0.14485981308411214,0.3027745747120581,44.22349677576083,0.7482368561709039,4.544522991456161,0.09283631933835622,18.118231592257416,0.13364099900958673,-0.023096395151637424,0.14485981308411214,1.0,11.0,1.0,11.0,1.0,11.0,1.0,10.0,0.0,-23.0,,,0.0,-32.0,1.0,2.0,1.0,15.0,1.0,15.0,1.0,15.0,1.0,12.0,0.0,-85.0,,,0.0,-72.0,1.0,2.0
Male_+20,Male,+20,-6.0,6.0,4.0,4.0,-6.0,6.0,4.0,4.0,-6.0,6.0,4.0,4.0,-7.0,7.0,5.0,5.0,-46.0,46.0,103.0,103.0,,,,,-74.0,74.0,103.0,103.0,-14.0,14.0,18.0,18.0,-17.0,17.0,19.0,19.0,-17.0,17.0,19.0,19.0,0.32212603593541084,45.5554636995369,0.7692959721491456,4.549081574011351,0.09595640042339856,16.716415075681603,0.13356301824579825,-0.018102481264934363,0.1542056074766355,0.3062415273390084,44.43402982872223,0.7514801804519998,4.461701612762898,0.08988998492605219,18.23959511816748,0.1273367149790503,-0.018505470217945418,0.17289719626168223,1.0,11.0,1.0,11.0,1.0,11.0,1.0,10.0,0.0,-29.0,,,0.0,-57.0,1.0,3.0,1.0,15.0,1.0,15.0,1.0,15.0,1.0,14.0,0.0,-84.0,,,0.0,-84.0,1.0,1.0
Male_+20_ZMouth Open Horizontal And Vertical,Male,+20_ZMouth Open Horizontal And Vertical,-9.0,9.0,7.0,7.0,-9.0,9.0,7.0,7.0,-9.0,9.0,7.0,7.0,-5.0,5.0,5.0,5.0,-7.0,7.0,48.0,48.0,,,,,-9.0,9.0,104.0,104.0,-39.0,39.0,40.0,40.0,-40.0,40.0,40.0,40.0,-40.0,40.0,40.0,40.0,0.29791845005249307,41.81006957883033,0.7029126042099757,5.121547490393168,0.10335540546561187,15.964417279549318,0.14888653995574647,-0.07291541032702009,0.3691588785046729,0.31073560113104703,43.13285811147957,0.7248507972075561,5.157074764719076,0.10034409997479937,15.948854972337651,0.14172017370473664,-0.06031383601861579,0.3691588785046729,1.0,31.0,1.0,31.0,1.0,31.0,1.0,35.0,1.0,33.0,,,1.0,31.0,1.0,1.0,1.0,33.0,1.0,33.0,1.0,33.0,1.0,35.0,0.0,-8.0,,,0.0,-64.0,0.0,0.0
Male_+30,Male,+30,-7.0,7.0,5.0,5.0,-7.0,7.0,5.0,5.0,-7.0,7.0,5.0,5.0,-7.0,7.0,4.0,4.0,-48.0,48.0,92.0,92.0,,,,,-48.0,48.0,101.0,101.0,-30.0,30.0,30.0,30.0,-30.0,30.0,33.0,33.0,-30.0,30.0,33.0,33.0,0.30015984539673707,43.54845463672531,0.7364367439855481,4.662390019187582,0.09734566680173266,17.181185518666545,0.14093480905834235,-0.010382408989924137,0.29439252336448596,0.28955316877810755,42.84940463805867,0.7253955896491202,4.6363325174201595,0.095405941202401,17.85057426636925,0.1378678063036136,-0.01018761892185033,0.29439252336448596,1.0,23.0,1.0,23.0,1.0,23.0,1.0,23.0,0.0,-18.0,,,0.0,-18.0,0.0,0.0,1.0,28.0,1.0,28.0,1.0,28.0,1.0,29.0,0.0,-59.0,,,0.0,-68.0,1.0,3.0
Male_+40,Male,+40,-8.0,8.0,6.0,6.0,-8.0,8.0,6.0,6.0,-8.0,8.0,6.0,6.0,-6.0,6.0,5.0,5.0,-72.0,72.0,60.0,60.0,,,,,-80.0,80.0,91.0,91.0,-11.0,11.0,16.0,16.0,-15.0,15.0,17.0,17.0,-15.0,15.0,17.0,17.0,0.2858808427770561,42.06122365844584,0.7116128284588595,4.8040286821844145,0.10801817942410707,16.54965028988384,0.1564949055747041,-0.023147954840526404,0.14485981308411214,0.2765315620698661,41.407766119341986,0.7011603176872306,4.731818412352249,0.10705316531532835,17.021073092239277,0.15753554686341645,-0.020312691403326588,0.16355140186915887,1.0,7.0,1.0,7.0,1.0,7.0,1.0,9.0,0.0,-57.0,,,0.0,-65.0,1.0,4.0,1.0,11.0,1.0,11.0,1.0,11.0,1.0,12.0,0.0,-43.0,,,0.0,-74.0,1.0,1.0
Male_+50,Male,+50,-8.0,8.0,8.0,8.0,-8.0,8.0,8.0,8.0,-8.0,8.0,8.0,8.0,-7.0,7.0,5.0,5.0,-52.0,52.0,73.0,73.0,,,,,-77.0,77.0,72.0,72.0,-70.0,70.0,69.0,69.0,-70.0,70.0,72.0,72.0,-70.0,70.0,72.0,72.0,0.30427198877958495,42.9545693397522,0.7227328517085968,5.146939870422688,0.13631603293964323,15.339865458428365,0.21180108330159816,0.006356985908802425,0.6588785046728972,0.2936458214421139,41.99540395825823,0.7068465580366413,5.300863772038823,0.13868418673627844,14.945956841218273,0.21495524484593914,0.005992233753204346,0.6869158878504673,1.0,62.0,1.0,62.0,1.0,62.0,1.0,63.0,1.0,18.0,,,0.0,-7.0,0.0,0.0,1.0,64.0,1.0,64.0,1.0,64.0,1.0,67.0,0.0,-1.0,,,0.0,0.0,1.0,3.0
Male_+50_ZMouth Open Horizontal And Vertical,Male,+50_ZMouth Open Horizontal And Vertical,-8.0,8.0,6.0,6.0,-8.0,8.0,6.0,6.0,-8.0,8.0,6.0,6.0,-5.0,5.0,5.0,5.0,-54.0,54.0,10.0,10.0,,,,,-78.0,78.0,10.0,10.0,-40.0,40.0,49.0,49.0,-41.0,41.0,49.0,49.0,-41.0,41.0,49.0,49.0,0.320101913447692,43.158236664032266,0.7208992262261228,5.71597834537241,0.1462660087448246,14.100890947550385,0.21462407989322013,-0.04677677600183219,0.3878504672897196,0.32020177406685374,43.309816498622716,0.7236318771339201,6.157387837106101,0.1544746263561962,13.188126755969597,0.22974120150759536,-0.035473793257619735,0.5467289719626168,1.0,33.0,1.0,33.0,1.0,33.0,1.0,36.0,0.0,-13.0,,,0.0,-37.0,1.0,1.0,1.0,43.0,1.0,43.0,1.0,43.0,1.0,44.0,1.0,39.0,,,1.0,39.0,0.0,0.0
Male_-10,Male,-10,-7.0,7.0,1.0,1.0,-7.0,7.0,1.0,1.0,-7.0,7.0,1.0,1.0,-6.0,6.0,4.0,4.0,-14.0,14.0,15.0,15.0,,,,,-77.0,77.0,45.0,45.0,-17.0,17.0,19.0,19.0,-18.0,18.0,53.0,53.0,-18.0,18.0,53.0,53.0,0.3192793818834786,45.19509262904943,0.7634781958343827,4.53409140570977,0.09328175982776678,17.973905842042843,0.1331796001572654,-0.013046331494768089,0.1822429906542056,0.3146851781372712,45.14975510356582,0.7632246566153018,4.9630737406175545,0.09955307851745704,17.50061878074636,0.14231803549348182,-0.01832051087762708,0.5654205607476636,1.0,11.0,1.0,11.0,1.0,11.0,1.0,12.0,1.0,4.0,,,0.0,-59.0,1.0,1.0,1.0,52.0,1.0,52.0,1.0,52.0,1.0,49.0,1.0,38.0,,,1.0,8.0,1.0,34.0
Male_-10_ZMouth Open Horizontal And Vertical,Male,-10_ZMouth Open Horizontal And Vertical,-10.0,10.0,8.0,8.0,-10.0,10.0,8.0,8.0,-10.0,10.0,8.0,8.0,-7.0,7.0,6.0,6.0,-88.0,88.0,17.0,17.0,,,,,-73.0,73.0,74.0,74.0,-22.0,22.0,17.0,17.0,-22.0,22.0,18.0,18.0,-22.0,22.0,18.0,18.0,0.29981584916605014,42.58017258332154,0.717965144524786,4.6722752402632315,0.09649273858598943,16.95363400488166,0.13747884322590423,-0.08368547831740335,0.20093457943925233,0.3467996761063549,46.28871812998691,0.7764256643914731,4.9766472849263765,0.09903672995550611,16.154361540585658,0.139268053625271,-0.08284116236963004,0.17289719626168223,1.0,12.0,1.0,12.0,1.0,12.0,1.0,15.0,0.0,-66.0,,,0.0,-51.0,0.0,0.0,1.0,10.0,1.0,10.0,1.0,10.0,1.0,12.0,1.0,1.0,,,0.0,-56.0,1.0,1.0
Male_-20,Male,-20,-9.0,9.0,1.0,1.0,-9.0,9.0,1.0,1.0,-9.0,9.0,1.0,1.0,-6.0,6.0,4.0,4.0,-9.0,9.0,10.0,10.0,,,,,-71.0,71.0,51.0,51.0,-27.0,27.0,32.0,32.0,-27.0,27.0,35.0,35.0,-27.0,27.0,35.0,35.0,0.3205860485540372,45.233851138676435,0.7638832959477032,4.592313900537719,0.09762990214633492,18.08341719433012,0.14519312057011532,-0.02404339848277725,0.2757009345794392,0.32640935661636783,46.09454766389366,0.7783271297116146,4.896041174776086,0.10030999302724812,17.032874013249955,0.14314171362597988,-0.031503848940412575,0.3130841121495327,1.0,18.0,1.0,18.0,1.0,18.0,1.0,21.0,1.0,18.0,,,0.0,-44.0,0.0,0.0,1.0,34.0,1.0,34.0,1.0,34.0,1.0,31.0,1.0,25.0,,,0.0,-16.0,1.0,3.0
Male_-20_ZMouth Open Horizontal And Vertical,Male,-20_ZMouth Open Horizontal And Vertical,-8.0,8.0,9.0,9.0,-8.0,8.0,9.0,9.0,-8.0,8.0,9.0,9.0,-6.0,6.0,6.0,6.0,-37.0,37.0,48.0,48.0,,,,,-83.0,83.0,48.0,48.0,-57.0,57.0,54.0,54.0,-62.0,62.0,55.0,55.0,-62.0,62.0,55.0,55.0,0.28993512536877786,41.925155590627796,0.7079357689274101,4.992322574169418,0.10205091346266135,15.702598795130612,0.14105110235933987,-0.03122486410854019,0.5560747663551402,0.3296767801881951,44.922078787723436,0.7549359255906987,5.340184531688133,0.10820745516603238,15.057670846488021,0.1542914944156161,-0.04275448648172004,0.5093457943925234,1.0,54.0,1.0,54.0,1.0,54.0,1.0,56.0,1.0,25.0,,,0.0,-21.0,1.0,5.0,1.0,46.0,1.0,46.0,1.0,46.0,1.0,49.0,1.0,7.0,,,1.0,7.0,1.0,1.0
Male_-30,Male,-30,-7.0,7.0,2.0,2.0,-7.0,7.0,2.0,2.0,-7.0,7.0,2.0,2.0,-5.0,5.0,4.0,4.0,-87.0,87.0,93.0,93.0,,,,,-88.0,88.0,89.0,89.0,-7.0,7.0,9.0,9.0,-7.0,7.0,11.0,11.0,-7.0,7.0,11.0,11.0,0.34821004538892586,47.59950781314173,0.8018887056925587,4.502707887284249,0.09515262697384043,17.8647689096889,0.13491226430490333,-0.06894423443580343,0.06074766355140187,0.3498779485158831,47.898314039283825,0.8068619557073183,4.774904990325046,0.09687049310898112,17.71228020070353,0.13860767580709368,-0.06892545033838147,0.09813084112149532,0.0,0.0,0.0,0.0,0.0,0.0,1.0,2.0,0.0,-80.0,,,0.0,-81.0,0.0,0.0,1.0,9.0,1.0,9.0,1.0,9.0,1.0,7.0,0.0,-82.0,,,0.0,-78.0,1.0,2.0
Male_-40,Male,-40,-6.0,6.0,5.0,5.0,-6.0,6.0,5.0,5.0,-6.0,6.0,5.0,5.0,-6.0,6.0,5.0,5.0,-78.0,78.0,78.0,78.0,,,,,-77.0,77.0,70.0,70.0,-16.0,16.0,16.0,16.0,-16.0,16.0,17.0,17.0,-16.0,16.0,17.0,17.0,0.3192142713292737,45.340336037573415,0.7660601777506142,4.515175294653278,0.09804584493614593,18.095947837122797,0.14282821730341552,-0.03471020351503497,0.14485981308411214,0.3252597551479518,45.94091628422247,0.7758805329748893,4.822057307497642,0.10412745393603762,17.000121179164232,0.14955266726747998,-0.035427926438991154,0.1542056074766355,1.0,10.0,1.0,10.0,1.0,10.0,1.0,10.0,0.0,-62.0,,,0.0,-61.0,0.0,0.0,1.0,12.0,1.0,12.0,1.0,12.0,1.0,12.0,0.0,-61.0,,,0.0,-53.0,1.0,1.0
Male_-50,Male,-50,-9.0,9.0,5.0,5.0,-9.0,9.0,5.0,5.0,-9.0,9.0,5.0,5.0,-4.0,4.0,3.0,3.0,-4.0,4.0,0.0,0.0,,,,,0.0,0.0,0.0,0.0,-73.0,73.0,67.0,67.0,-76.0,76.0,67.0,67.0,-76.0,76.0,67.0,67.0,0.2571713612458416,39.99616689325493,0.6794758005955509,5.885499131125964,0.1232584906777121,14.669716949539083,0.1807484840447048,0.03660303855610785,0.7336448598130841,0.26022169467444733,40.303940407583646,0.6843878228530705,6.151696450712386,0.12483338002011041,13.978795152865818,0.18028915357196107,0.026232945027752457,0.6214953271028038,1.0,67.0,1.0,67.0,1.0,67.0,1.0,72.0,1.0,72.0,,,1.0,76.0,1.0,3.0,1.0,62.0,1.0,62.0,1.0,62.0,1.0,64.0,1.0,67.0,,,1.0,67.0,0.0,0.0
Male_-60,Male,-60,-6.0,6.0,6.0,6.0,-6.0,6.0,6.0,6.0,-6.0,6.0,6.0,6.0,-5.0,5.0,4.0,4.0,-4.0,4.0,0.0,0.0,,,,,-5.0,5.0,3.0,3.0,-18.0,18.0,25.0,25.0,-18.0,18.0,25.0,25.0,-18.0,18.0,25.0,25.0,0.26530070087620033,41.1367059912637,0.6991129401270474,7.3567698918561515,0.16103228065624553,11.507202813036812,0.24077810227589788,0.009969665346858657,0.5981308411214953,0.2552806960645123,40.17004438204186,0.6830694687979244,7.358871749036502,0.16042463909660545,11.863340514076445,0.24304579163216194,0.031494222511754974,0.7663551401869159,1.0,12.0,1.0,12.0,1.0,12.0,1.0,13.0,1.0,14.0,,,1.0,13.0,0.0,0.0,1.0,19.0,1.0,19.0,1.0,19.0,1.0,21.0,1.0,25.0,,,1.0,22.0,0.0,0.0
Male_0,Male,0,-6.0,6.0,1.0,1.0,-6.0,6.0,1.0,1.0,-6.0,6.0,1.0,1.0,-7.0,7.0,4.0,4.0,-95.0,95.0,51.0,51.0,,,,,-71.0,71.0,,,-15.0,15.0,16.0,16.0,-15.0,15.0,17.0,17.0,-15.0,15.0,17.0,17.0,0.3168121158519638,45.00526307899261,0.7602752054057945,4.639780725291539,0.09370715274774241,17.773989403324887,0.1368641308596674,-0.03480429933449932,0.13551401869158877,0.3008027107359093,44.109210495636844,0.7466766442929473,4.71310396999051,0.09394608297011006,17.4085089137889,0.1333397278948775,-0.030652905178961354,0.1542056074766355,1.0,9.0,1.0,9.0,1.0,9.0,1.0,8.0,0.0,-80.0,,,0.0,-56.0,0.0,0.0,1.0,16.0,1.0,16.0,1.0,16.0,1.0,13.0,0.0,-34.0,,,,,1.0,1.0
Male_Angry 01,Male,Angry,-5.0,5.0,6.0,6.0,-5.0,5.0,6.0,6.0,-5.0,5.0,6.0,6.0,-6.0,6.0,6.0,6.0,-18.0,18.0,21.0,21.0,,,,,-90.0,90.0,43.0,43.0,0.0,0.0,0.0,0.0,-10.0,10.0,37.0,37.0,-10.0,10.0,37.0,37.0,0.3081131557994914,44.5671375800516,0.7538516929495,5.081596311234008,0.10117902606725693,15.972017902236095,0.14379418237169958,-0.029976879464131648,0.1542056074766355,0.34878233353668286,47.44972127843126,0.7988481101031616,5.101557052546294,0.10206511665448964,16.89525426730624,0.1517323291034631,-0.021091813517508107,0.5,1.0,5.0,1.0,5.0,1.0,5.0,1.0,4.0,0.0,-8.0,,,0.0,-80.0,1.0,10.0,1.0,31.0,1.0,31.0,1.0,31.0,1.0,31.0,1.0,16.0,,,0.0,-6.0,1.0,37.0
Male_Angry 02,Male,Angry,-7.0,7.0,10.0,10.0,-7.0,7.0,10.0,10.0,-7.0,7.0,10.0,10.0,-6.0,6.0,7.0,7.0,,,24.0,24.0,,,,,-66.0,66.0,24.0,24.0,-4.0,4.0,22.0,22.0,-31.0,31.0,28.0,28.0,-31.0,31.0,28.0,28.0,0.2667340934276581,40.1744560081268,0.6801597274770247,4.909704838174386,0.09539011078623105,17.22217299759999,0.13740277754248315,-0.04363590088960166,0.5280373831775701,0.3283515455566834,45.046275031900855,0.7578253540619512,5.211206393264164,0.10400771736123851,15.852137269850912,0.14898449730760646,-0.04859659228926507,0.397196261682243,1.0,24.0,1.0,24.0,1.0,24.0,1.0,25.0,,,,,0.0,-35.0,1.0,27.0,1.0,18.0,1.0,18.0,1.0,18.0,1.0,21.0,1.0,4.0,,,1.0,4.0,1.0,6.0
Male_Angry 03,Male,Angry,-6.0,6.0,6.0,6.0,-6.0,6.0,6.0,6.0,-6.0,6.0,6.0,6.0,-4.0,4.0,6.0,6.0,-33.0,33.0,10.0,10.0,,,,,-67.0,67.0,43.0,43.0,-12.0,12.0,10.0,10.0,-13.0,13.0,11.0,11.0,-13.0,13.0,11.0,11.0,0.29077607727496424,43.20076693775498,0.732153455091414,5.46910251032944,0.10599180142272194,14.969224657283258,0.14929934787862706,-0.02909112867907943,0.11682242990654206,0.3638654866508234,48.75582865242646,0.8201504345530661,5.16840706854432,0.10063674548101202,16.54906987068399,0.1452256238685464,-0.03886815320665591,0.09813084112149532,1.0,7.0,1.0,7.0,1.0,7.0,1.0,9.0,0.0,-20.0,,,0.0,-54.0,1.0,1.0,1.0,5.0,1.0,5.0,1.0,5.0,1.0,5.0,1.0,1.0,,,0.0,-32.0,1.0,1.0
Male_Angry 04,Male,Angry,-6.0,6.0,7.0,7.0,-6.0,6.0,7.0,7.0,-6.0,6.0,7.0,7.0,-6.0,6.0,7.0,7.0,-31.0,31.0,44.0,44.0,,,,,-67.0,67.0,43.0,43.0,-9.0,9.0,7.0,7.0,-9.0,9.0,8.0,8.0,-9.0,9.0,8.0,8.0,0.3161494843313627,45.10012295981434,0.7621660206780255,5.134002944715669,0.10239634339539509,15.708081414913767,0.14496468408208973,-0.043963788547248486,0.0794392523364486,0.37416491942985036,49.32394823626937,0.8283143070674388,4.943913716196178,0.09879916812354159,17.132843711883755,0.14542714407983817,-0.04495550260365566,0.07009345794392523,1.0,3.0,1.0,3.0,1.0,3.0,1.0,3.0,0.0,-22.0,,,0.0,-58.0,0.0,0.0,1.0,1.0,1.0,1.0,1.0,1.0,1.0,1.0,0.0,-36.0,,,0.0,-35.0,1.0,1.0
Male_Angry 05,Male,Angry,-6.0,6.0,4.0,4.0,-6.0,6.0,4.0,4.0,-6.0,6.0,4.0,4.0,-6.0,6.0,5.0,5.0,-10.0,10.0,11.0,11.0,,,,,-10.0,10.0,28.0,28.0,-24.0,24.0,20.0,20.0,-26.0,26.0,22.0,22.0,-26.0,26.0,22.0,22.0,0.2626076466012224,40.03100878278786,0.6781067794589238,5.337161021794532,0.10415085668693173,16.28460838528792,0.1503459168773777,-0.05936037282520366,0.2757009345794392,0.32026657601383246,44.840067266303805,0.755276867580191,5.5231661622839,0.10507970181441753,16.180538169201434,0.15325527061831276,-0.05637616949660756,0.19158878504672897,1.0,20.0,1.0,20.0,1.0,20.0,1.0,20.0,1.0,16.0,,,1.0,16.0,1.0,2.0,1.0,18.0,1.0,18.0,1.0,18.0,1.0,17.0,1.0,11.0,,,0.0,-6.0,1.0,2.0
Male_Anguish,Male,Anguish,-6.0,6.0,6.0,6.0,-6.0,6.0,6.0,6.0,-6.0,6.0,6.0,6.0,-6.0,6.0,5.0,5.0,-15.0,15.0,15.0,15.0,,,,,-15.0,15.0,15.0,15.0,-9.0,9.0,19.0,19.0,-9.0,9.0,19.0,19.0,-9.0,9.0,19.0,19.0,0.3192082041891936,45.435975152755454,0.7678297538762895,5.64646828125849,0.10834465414847967,15.242418921039738,0.1562567274876923,-0.04795718109496286,0.0794392523364486,0.37090172166022184,49.15041336612167,0.8257568029460506,5.439533736278242,0.10383307014670327,16.07032694628539,0.15105249926026137,-0.038428250317261596,0.17289719626168223,1.0,3.0,1.0,3.0,1.0,3.0,1.0,3.0,0.0,-6.0,,,0.0,-6.0,0.0,0.0,1.0,13.0,1.0,13.0,1.0,13.0,1.0,14.0,1.0,4.0,,,1.0,4.0,0.0,0.0
Male_Animosity Growl,Male,Animosity Growl,-7.0,7.0,1.0,1.0,-7.0,7.0,1.0,1.0,-7.0,7.0,1.0,1.0,-5.0,5.0,3.0,3.0,-53.0,53.0,85.0,85.0,,,,,-58.0,58.0,84.0,84.0,0.0,0.0,0.0,0.0,-1.0,1.0,21.0,21.0,-1.0,1.0,21.0,21.0,0.2468079910657116,39.38827957171146,0.6701538725016273,5.182387362521525,0.10396849599508744,15.888287167930164,0.152169637311742,-0.013632451262429495,0.4158878504672897,0.24617847883812735,39.696052649310815,0.6757633960414156,5.006786146262121,0.09591475303206488,16.065238835826857,0.13136599915769864,-0.017234338778201665,0.40654205607476634,0.0,-6.0,0.0,-6.0,0.0,-6.0,0.0,-4.0,0.0,-52.0,,,0.0,-57.0,1.0,1.0,1.0,20.0,1.0,20.0,1.0,20.0,1.0,18.0,0.0,-64.0,,,0.0,-63.0,1.0,21.0
Male_Animosity Rebellious,Male,Animosity Rebellious,-7.0,7.0,3.0,3.0,-7.0,7.0,3.0,3.0,-7.0,7.0,3.0,3.0,-6.0,6.0,4.0,4.0,-57.0,57.0,84.0,84.0,,,,,-58.0,58.0,84.0,84.0,-45.0,45.0,45.0,45.0,-45.0,45.0,45.0,45.0,-45.0,45.0,45.0,45.0,0.24776761888343596,38.94424426444223,0.6616234200649066,5.209434990327213,0.1037354502686352,15.627864522035978,0.1501823657385583,-0.00649359432336326,0.5934579439252337,0.25291877678621594,39.67479037347241,0.6738917987688574,5.172650678327011,0.10062541478426656,15.920117105145046,0.14154483708289434,-0.008834784415280707,0.5747663551401869,1.0,38.0,1.0,38.0,1.0,38.0,1.0,39.0,0.0,-12.0,,,0.0,-13.0,0.0,0.0,1.0,42.0,1.0,42.0,1.0,42.0,1.0,41.0,0.0,-39.0,,,0.0,-39.0,0.0,0.0
Male_Bored 01,Male,Bored,-6.0,6.0,7.0,7.0,-6.0,6.0,7.0,7.0,-6.0,6.0,7.0,7.0,-6.0,6.0,7.0,7.0,-65.0,65.0,65.0,65.0,,,,,-66.0,66.0,34.0,34.0,-9.0,9.0,9.0,9.0,-11.0,11.0,9.0,9.0,-11.0,11.0,9.0,9.0,0.3173305330989517,45.1382075559313,0.7624376171799464,4.864715260792976,0.10163149982690811,16.435689328673003,0.14769177325069904,-0.046126206762322756,0.09813084112149532,0.3664318259074309,48.702822801108674,0.8183230548122219,4.668814711046414,0.09401501276504214,17.61432283457223,0.13429016595319757,-0.043936782768953624,0.0794392523364486,1.0,5.0,1.0,5.0,1.0,5.0,1.0,5.0,0.0,-54.0,,,0.0,-55.0,1.0,2.0,1.0,2.0,1.0,2.0,1.0,2.0,1.0,2.0,0.0,-56.0,,,0.0,-25.0,0.0,0.0
Male_Bored 03,Male,Bored,-6.0,6.0,7.0,7.0,-6.0,6.0,7.0,7.0,-6.0,6.0,7.0,7.0,-6.0,6.0,7.0,7.0,-78.0,78.0,54.0,54.0,,,,,-37.0,37.0,37.0,37.0,-6.0,6.0,5.0,5.0,-7.0,7.0,7.0,7.0,-7.0,7.0,7.0,7.0,0.3129946246882465,44.76004631274214,0.7563327768834952,4.756986730827768,0.09608073339287965,17.47006021324593,0.139808700788977,-0.04869487366386663,0.06074766355140187,0.3399578962370614,46.26445397261147,0.7784600413151991,4.811698922365207,0.09821708646611632,17.150376190086156,0.14238989553502146,-0.03776213164641478,0.06074766355140187,1.0,1.0,1.0,1.0,1.0,1.0,1.0,1.0,0.0,-71.0,,,0.0,-30.0,1.0,1.0,0.0,0.0,0.0,0.0,0.0,0.0,0.0,0.0,0.0,-47.0,,,0.0,-30.0,1.0,2.0
Male_Bored 04,Male,Bored,-6.0,6.0,7.0,7.0,-6.0,6.0,7.0,7.0,-6.0,6.0,7.0,7.0,-7.0,7.0,7.0,7.0,-54.0,54.0,56.0,56.0,,,,,-55.0,55.0,32.0,32.0,-11.0,11.0,13.0,13.0,-11.0,11.0,22.0,22.0,-11.0,11.0,22.0,22.0,0.32902838247958743,45.99381524380122,0.7759692184604344,4.6884922962113516,0.09614276466012564,16.708325304389852,0.13531892265210738,-0.04607710325829337,0.09813084112149532,0.3740279482346829,48.863801913840746,0.8192206880873178,4.595808689647885,0.09324694645947942,18.19068083396935,0.13652671982516656,-0.036952339600179795,0.2102803738317757,1.0,5.0,1.0,5.0,1.0,5.0,1.0,4.0,0.0,-43.0,,,0.0,-44.0,0.0,0.0,1.0,15.0,1.0,15.0,1.0,15.0,1.0,15.0,0.0,-34.0,,,0.0,-10.0,1.0,9.0
Male_Bored 05,Male,Bored,-5.0,5.0,7.0,7.0,-5.0,5.0,7.0,7.0,-5.0,5.0,7.0,7.0,-6.0,6.0,7.0,7.0,-94.0,94.0,58.0,58.0,,,,,-100.0,100.0,54.0,54.0,-5.0,5.0,12.0,12.0,-6.0,6.0,13.0,13.0,-6.0,6.0,13.0,13.0,0.342116357288628,46.843592151303156,0.7888360437084077,4.604214541735911,0.0968621459631425,17.639722731843193,0.1403255794056744,-0.05223112602100194,0.0514018691588785,0.37581611180973945,49.11158137009522,0.8237265239783031,4.722204628130682,0.0955156078126943,17.579666584846954,0.13902690215914879,-0.043335678003658756,0.11682242990654206,1.0,1.0,1.0,1.0,1.0,1.0,0.0,0.0,0.0,-88.0,,,0.0,-94.0,1.0,1.0,1.0,6.0,1.0,6.0,1.0,6.0,1.0,6.0,0.0,-45.0,,,0.0,-41.0,1.0,1.0
Male_BreathTaking Over The Moon,Male,BreathTaking Over The Moon,-7.0,7.0,1.0,1.0,-7.0,7.0,1.0,1.0,-7.0,7.0,1.0,1.0,-5.0,5.0,3.0,3.0,-53.0,53.0,85.0,85.0,,,,,-58.0,58.0,84.0,84.0,0.0,0.0,0.0,0.0,-5.0,5.0,5.0,5.0,-5.0,5.0,5.0,5.0,0.24677614241002876,39.3855865514167,0.6701101707381623,5.195007638988372,0.10392355328460909,15.873773867886237,0.1521010989288114,-0.013696133254844452,0.411214953271028,0.2460318489052425,39.68177853343643,0.6755267568280764,5.006514206215321,0.09581116673963092,16.079564941359994,0.13109749274433785,-0.017176133171420232,0.38317757009345793,0.0,-2.0,0.0,-2.0,0.0,-2.0,0.0,0.0,0.0,-48.0,,,0.0,-53.0,1.0,5.0,1.0,4.0,1.0,4.0,1.0,4.0,1.0,2.0,0.0,-80.0,,,0.0,-79.0,1.0,5.0
Male_Chewing,Male,Chewing,-7.0,7.0,9.0,9.0,-7.0,7.0,9.0,9.0,-7.0,7.0,9.0,9.0,-7.0,7.0,7.0,7.0,-18.0,18.0,52.0,52.0,,,,,-67.0,67.0,51.0,51.0,-9.0,9.0,11.0,11.0,-11.0,11.0,11.0,11.0,-11.0,11.0,11.0,11.0,0.32193953523011964,45.26549905482854,0.7638641406442518,4.820043853492798,0.09915505887343073,16.25566396217911,0.13935068295389977,-0.050447025588739695,0.09813084112149532,0.3735964008580858,48.99404895194223,0.8223432826800882,4.579294333008127,0.09276227879329263,17.821432585758295,0.13325771130621433,-0.04567749101981938,0.09813084112149532,1.0,4.0,1.0,4.0,1.0,4.0,1.0,4.0,0.0,-7.0,,,0.0,-56.0,1.0,2.0,1.0,2.0,1.0,2.0,1.0,2.0,1.0,4.0,0.0,-41.0,,,0.0,-40.0,0.0,0.0
Male_Choking,Male,Choking,-7.0,7.0,5.0,5.0,-7.0,7.0,5.0,5.0,-7.0,7.0,5.0,5.0,-5.0,5.0,4.0,4.0,-7.0,7.0,28.0,28.0,,,,,-90.0,90.0,31.0,31.0,-22.0,22.0,22.0,22.0,-22.0,22.0,22.0,22.0,-22.0,22.0,22.0,22.0,0.2956714791672252,42.68761484199595,0.7208681224848414,5.531446889634723,0.10706926724117882,15.419743390719812,0.15171273565798435,-0.053769392527152446,0.3037383177570093,0.30602780959316506,43.6163315728446,0.7355757434977341,5.593959700699164,0.10587363366350949,15.059975208658207,0.1469870016400544,-0.06451001512670071,0.2570093457943925,1.0,15.0,1.0,15.0,1.0,15.0,1.0,17.0,1.0,15.0,,,0.0,-68.0,0.0,0.0,1.0,17.0,1.0,17.0,1.0,17.0,1.0,18.0,0.0,-6.0,,,0.0,-9.0,0.0,0.0
Male_Coughing,Male,Coughing,-7.0,7.0,6.0,6.0,-7.0,7.0,6.0,6.0,-7.0,7.0,6.0,6.0,-6.0,6.0,5.0,5.0,-15.0,15.0,18.0,18.0,,,,,-9.0,9.0,19.0,19.0,-6.0,6.0,8.0,8.0,-7.0,7.0,14.0,14.0,-7.0,7.0,14.0,14.0,0.27767791592072105,41.48985085086288,0.7026335333062079,5.519655852256534,0.10571946084218205,15.318769990733655,0.15242913182613985,-0.03406487433152778,0.3130841121495327,0.288174880999271,42.38471599828417,0.7167786964116779,5.579732556522728,0.10407774025034681,15.294717546162863,0.14516909104192033,-0.04165258822597076,0.3598130841121495,0.0,0.0,0.0,0.0,0.0,0.0,1.0,1.0,0.0,-8.0,,,0.0,-2.0,1.0,1.0,1.0,8.0,1.0,8.0,1.0,8.0,1.0,9.0,0.0,-4.0,,,0.0,-5.0,1.0,6.0
Male_Crazed,Male,Crazed,-7.0,7.0,2.0,2.0,-7.0,7.0,2.0,2.0,-7.0,7.0,2.0,2.0,-5.0,5.0,3.0,3.0,-12.0,12.0,11.0,11.0,,,,,-10.0,10.0,12.0,12.0,-49.0,49.0,58.0,58.0,-49.0,49.0,59.0,59.0,-49.0,49.0,59.0,59.0,0.2539826960207146,39.80467988843116,0.6762963218658993,5.302048885881483,0.10149344988167286,15.690343695670322,0.14112097706716015,-0.018215442232996502,0.49065420560747663,0.2669621555604667,41.0559377848545,0.6965557307554292,5.310166769600082,0.10081008964470614,16.586317185283388,0.14670142756318147,-0.02133619646045649,0.5654205607476636,1.0,42.0,1.0,42.0,1.0,42.0,1.0,44.0,1.0,37.0,,,1.0,39.0,0.0,0.0,1.0,57.0,1.0,57.0,1.0,57.0,1.0,56.0,1.0,48.0,,,1.0,47.0,1.0,1.0
Male_Crying,Male,Crying,-6.0,6.0,8.0,8.0,-6.0,6.0,8.0,8.0,-6.0,6.0,8.0,8.0,-7.0,7.0,8.0,8.0,-88.0,88.0,51.0,51.0,,,,,-67.0,67.0,51.0,51.0,-10.0,10.0,8.0,8.0,-10.0,10.0,9.0,9.0,-10.0,10.0,9.0,9.0,0.321391590844805,45.36884334377039,0.7660182905601007,4.667544838197738,0.09636986766994562,16.69809745604147,0.13670316377197797,-0.052820998792336364,0.08878504672897196,0.3721463184490382,48.87965034101611,0.8204465553373377,4.681936158058799,0.09427447503902645,17.301037360834062,0.13562460830610878,-0.04494434344434293,0.0794392523364486,1.0,4.0,1.0,4.0,1.0,4.0,1.0,3.0,0.0,-78.0,,,0.0,-57.0,0.0,0.0,1.0,1.0,1.0,1.0,1.0,1.0,1.0,1.0,0.0,-42.0,,,0.0,-42.0,1.0,1.0
Male_Cute 01,Male,Cute,-5.0,5.0,7.0,7.0,-5.0,5.0,7.0,7.0,-5.0,5.0,7.0,7.0,-6.0,6.0,7.0,7.0,-50.0,50.0,48.0,48.0,,,,,-64.0,64.0,48.0,48.0,-8.0,8.0,9.0,9.0,-10.0,10.0,10.0,10.0,-10.0,10.0,10.0,10.0,0.3253940004054631,45.66658339990634,0.7705721133775204,4.591324114057923,0.09902599875657063,17.29911356145001,0.14380429217697316,-0.05093413034332133,0.08878504672897196,0.3597215363912493,47.9204045745814,0.8051527865991932,4.825308458148458,0.09899685977496833,17.01922337280212,0.14476102024738519,-0.0451917669204908,0.08878504672897196,1.0,5.0,1.0,5.0,1.0,5.0,1.0,4.0,0.0,-40.0,,,0.0,-54.0,1.0,2.0,1.0,3.0,1.0,3.0,1.0,3.0,1.0,3.0,0.0,-38.0,,,0.0,-38.0,1.0,1.0
Male_Cute 02,Male,Cute,-6.0,6.0,7.0,7.0,-6.0,6.0,7.0,7.0,-6.0,6.0,7.0,7.0,-6.0,6.0,7.0,7.0,-55.0,55.0,54.0,54.0,,,,,-75.0,75.0,53.0,53.0,-3.0,3.0,5.0,5.0,-10.0,10.0,6.0,6.0,-10.0,10.0,6.0,6.0,0.32871159855450427,45.97017530860188,0.7756860415303262,4.798891691369152,0.09833792141937422,16.934525533230197,0.14034521027977737,-0.04761881165415327,0.08878504672897196,0.3523486100624655,47.6337016898895,0.8014899797946493,4.97699423390223,0.1010235044060745,16.947728993292287,0.14884622103341347,-0.039161139420259776,0.0514018691588785,1.0,4.0,1.0,4.0,1.0,4.0,1.0,4.0,0.0,-45.0,,,0.0,-65.0,1.0,7.0,0.0,-1.0,0.0,-1.0,0.0,-1.0,0.0,-1.0,0.0,-48.0,,,0.0,-47.0,1.0,1.0
Male_Cute 03,Male,Cute,-5.0,5.0,7.0,7.0,-5.0,5.0,7.0,7.0,-5.0,5.0,7.0,7.0,-6.0,6.0,7.0,7.0,-55.0,55.0,54.0,54.0,,,,,-79.0,79.0,53.0,53.0,-12.0,12.0,22.0,22.0,-13.0,13.0,25.0,25.0,-13.0,13.0,25.0,25.0,0.32003521000113444,45.25184117522195,0.7640441025946741,4.723207227868315,0.09796967287108584,16.67993998029585,0.1383128989979906,-0.033383295775573946,0.11682242990654206,0.3436895840078871,46.9367244689264,0.7904400767358107,4.888366509072274,0.0983018384915646,17.367080357726188,0.14535532919865735,-0.0196589514195362,0.22897196261682243,1.0,8.0,1.0,8.0,1.0,8.0,1.0,7.0,0.0,-42.0,,,0.0,-66.0,1.0,1.0,1.0,18.0,1.0,18.0,1.0,18.0,1.0,18.0,0.0,-29.0,,,0.0,-28.0,1.0,3.0
Male_Cute 04,Male,Cute,-6.0,6.0,8.0,8.0,-6.0,6.0,8.0,8.0,-6.0,6.0,8.0,8.0,-6.0,6.0,7.0,7.0,-56.0,56.0,100.0,100.0,,,,,-90.0,90.0,54.0,54.0,-10.0,10.0,11.0,11.0,-10.0,10.0,12.0,12.0,-10.0,10.0,12.0,12.0,0.32403469113545996,45.56063353012655,0.7689827694514088,4.659985495818274,0.09349887565059482,17.85289190036719,0.1375990185254025,-0.04652850315949627,0.08878504672897196,0.35898139905706744,47.95178512546504,0.8060350110319173,4.848974293881209,0.09758638510497931,17.179534102447207,0.14151072635684372,-0.0467178545822607,0.10747663551401869,1.0,4.0,1.0,4.0,1.0,4.0,1.0,4.0,0.0,-46.0,,,0.0,-80.0,0.0,0.0,1.0,4.0,1.0,4.0,1.0,4.0,1.0,5.0,0.0,-88.0,,,0.0,-42.0,1.0,1.0
Male_Cute 05,Male,Cute,-7.0,7.0,8.0,8.0,-7.0,7.0,8.0,8.0,-7.0,7.0,8.0,8.0,-7.0,7.0,7.0,7.0,-46.0,46.0,94.0,94.0,,,,,-47.0,47.0,60.0,60.0,-7.0,7.0,5.0,5.0,-11.0,11.0,7.0,7.0,-11.0,11.0,7.0,7.0,0.3339481027883904,46.06910836362393,0.776293022675223,4.582169949468748,0.09318852712804417,18.070398679853263,0.13668074008991132,-0.05510475702374895,0.09813084112149532,0.36613128508362813,48.24660182222028,0.8096989903586587,4.752815440976035,0.09530102440686984,17.831874606701895,0.13971544984938963,-0.05063628481927319,0.06074766355140187,1.0,4.0,1.0,4.0,1.0,4.0,1.0,4.0,0.0,-35.0,,,0.0,-36.0,1.0,4.0,0.0,-1.0,0.0,-1.0,0.0,-1.0,0.0,0.0,0.0,-87.0,,,0.0,-53.0,1.0,2.0
Male_Despise 01,Male,Despise,-5.0,5.0,5.0,5.0,-5.0,5.0,5.0,5.0,-5.0,5.0,5.0,5.0,-6.0,6.0,6.0,6.0,-79.0,79.0,54.0,54.0,,,,,-96.0,96.0,54.0,54.0,-5.0,5.0,10.0,10.0,-8.0,8.0,10.0,10.0,-8.0,8.0,10.0,10.0,0.333263721978553,46.47724732728762,0.784029395643858,4.629997511228947,0.09293177867975999,17.809286342089166,0.13396443876455416,-0.04285037099758041,0.07009345794392523,0.34960498876660784,47.37417495139292,0.797122175311436,4.918940785105958,0.09805708531742897,16.941222880778824,0.14280378270261693,-0.031924762876234324,0.08878504672897196,1.0,3.0,1.0,3.0,1.0,3.0,1.0,2.0,0.0,-71.0,,,0.0,-88.0,1.0,3.0,1.0,5.0,1.0,5.0,1.0,5.0,1.0,4.0,0.0,-44.0,,,0.0,-44.0,0.0,0.0
Male_Despise 02,Male,Despise,-5.0,5.0,5.0,5.0,-5.0,5.0,5.0,5.0,-5.0,5.0,5.0,5.0,-5.0,5.0,6.0,6.0,-78.0,78.0,38.0,38.0,,,,,-56.0,56.0,54.0,54.0,-21.0,21.0,30.0,30.0,-21.0,21.0,64.0,64.0,-21.0,21.0,64.0,64.0,0.3206591118718976,45.43932741379069,0.7672850310663196,4.588675091426088,0.09101397101328058,18.15212551121972,0.13150507011362966,-0.027415314010370558,0.22897196261682243,0.3318879760314371,45.99070816396553,0.7750910088141388,4.994116593256732,0.09958017826358849,16.359604441417464,0.14276367598125395,-0.012683258992489253,0.5186915887850467,1.0,16.0,1.0,16.0,1.0,16.0,1.0,16.0,0.0,-57.0,,,0.0,-35.0,0.0,0.0,1.0,59.0,1.0,59.0,1.0,59.0,1.0,58.0,1.0,26.0,,,1.0,10.0,1.0,34.0
Male_Despise 03,Male,Despise,-5.0,5.0,8.0,8.0,-5.0,5.0,8.0,8.0,-5.0,5.0,8.0,8.0,-6.0,6.0,6.0,6.0,-35.0,35.0,44.0,44.0,,,,,-36.0,36.0,43.0,43.0,-23.0,23.0,11.0,11.0,-23.0,23.0,16.0,16.0,-23.0,23.0,16.0,16.0,0.29704411091091476,43.550326387458874,0.7371932419939576,5.018666930722995,0.09976973975042128,16.379813287111215,0.14363966228545838,-0.027983175816937027,0.2383177570093458,0.32157133115786257,45.2018037421681,0.7629895190769267,4.809796498844696,0.09480663082588499,17.381112842106997,0.1373980463535156,-0.03073269184504714,0.14485981308411214,1.0,18.0,1.0,18.0,1.0,18.0,1.0,17.0,0.0,-12.0,,,0.0,-13.0,0.0,0.0,1.0,8.0,1.0,8.0,1.0,8.0,1.0,10.0,0.0,-28.0,,,0.0,-27.0,1.0,5.0
Male_Despise 04,Male,Despise,-7.0,7.0,6.0,6.0,-7.0,7.0,6.0,6.0,-7.0,7.0,6.0,6.0,-6.0,6.0,6.0,6.0,-89.0,89.0,90.0,90.0,,,,,-67.0,67.0,53.0,53.0,-11.0,11.0,13.0,13.0,-12.0,12.0,13.0,13.0,-12.0,12.0,13.0,13.0,0.336698455231212,46.54724767274946,0.7846388224964944,5.05922403158707,0.10392883578139656,15.74901669359407,0.1472877215523765,-0.052357828784211774,0.10747663551401869,0.3717842909777276,48.98259506492971,0.822327696657348,5.0186646588181505,0.10022137606533889,16.691194754986167,0.14621930358544835,-0.05342635233825612,0.10747663551401869,1.0,5.0,1.0,5.0,1.0,5.0,1.0,6.0,0.0,-77.0,,,0.0,-55.0,1.0,1.0,1.0,7.0,1.0,7.0,1.0,7.0,1.0,7.0,0.0,-77.0,,,0.0,-40.0,0.0,0.0
Male_Despise 05,Male,Despise,-6.0,6.0,7.0,7.0,-6.0,6.0,7.0,7.0,-6.0,6.0,7.0,7.0,-6.0,6.0,6.0,6.0,-100.0,100.0,37.0,37.0,,,,,-78.0,78.0,36.0,36.0,-6.0,6.0,4.0,4.0,-6.0,6.0,6.0,6.0,-6.0,6.0,6.0,6.0,0.3177398835944238,45.179649074500965,0.7632057928593359,4.681290029887562,0.09812843641441948,17.13677960961606,0.14091312091024416,-0.05222886828618629,0.0514018691588785,0.3466981799803048,46.912943639487864,0.7891657928300795,4.974032733815713,0.09921467119706011,17.318157217557143,0.1468466375515146,-0.046176918059866005,0.0514018691588785,0.0,0.0,0.0,0.0,0.0,0.0,0.0,0.0,0.0,-94.0,,,0.0,-72.0,0.0,0.0,0.0,-1.0,0.0,-1.0,0.0,-1.0,0.0,0.0,0.0,-31.0,,,0.0,-30.0,1.0,2.0
Male_Determined,Male,Determined,-6.0,6.0,1.0,1.0,-6.0,6.0,1.0,1.0,-6.0,6.0,1.0,1.0,-6.0,6.0,4.0,4.0,-85.0,85.0,80.0,80.0,,,,,-38.0,38.0,74.0,74.0,0.0,0.0,11.0,11.0,-8.0,8.0,11.0,11.0,-8.0,8.0,11.0,11.0,0.31812369405666246,45.1904797331195,0.7634051005904362,4.6616182177214425,0.09475388407777503,16.950578203709934,0.1347240926522129,-0.04795223920144767,0.056074766355140186,0.3017465082284446,44.11647878629025,0.7465639434685217,4.784917181705899,0.094619699048801,17.790552256595443,0.1369969779449814,-0.04208284324017641,0.09345794392523364,1.0,2.0,1.0,2.0,1.0,2.0,1.0,2.0,0.0,-77.0,,,0.0,-30.0,1.0,8.0,1.0,10.0,1.0,10.0,1.0,10.0,1.0,7.0,0.0,-69.0,,,0.0,-63.0,0.0,0.0
Male_Distrust 01,Male,Distrust,-6.0,6.0,7.0,7.0,-6.0,6.0,7.0,7.0,-6.0,6.0,7.0,7.0,-6.0,6.0,7.0,7.0,-90.0,90.0,40.0,40.0,,,,,-77.0,77.0,,,-5.0,5.0,10.0,10.0,-17.0,17.0,11.0,11.0,-17.0,17.0,11.0,11.0,0.3282213990933427,45.94309475711573,0.7751394799240282,4.691594105805749,0.09936205329338335,16.805820588539788,0.1424094711623664,-0.04790832770762043,0.1542056074766355,0.345938185665095,46.7653954786675,0.7863807850212694,4.87359128815827,0.09661171957850456,17.149039947709973,0.13989056305924677,-0.03410455584526062,0.14485981308411214,1.0,11.0,1.0,11.0,1.0,11.0,1.0,11.0,0.0,-73.0,,,0.0,-60.0,1.0,12.0,1.0,4.0,1.0,4.0,1.0,4.0,1.0,4.0,0.0,-29.0,,,,,1.0,1.0
Male_Distrust 02,Male,Distrust,-7.0,7.0,8.0,8.0,-7.0,7.0,8.0,8.0,-7.0,7.0,8.0,8.0,-6.0,6.0,7.0,7.0,-28.0,28.0,52.0,52.0,,,,,-91.0,91.0,72.0,72.0,-6.0,6.0,8.0,8.0,-8.0,8.0,9.0,9.0,-8.0,8.0,9.0,9.0,0.3287701868565283,45.88337333625722,0.7739971728525429,4.704837267818016,0.10105482506442745,16.97506124393606,0.1459345882582777,-0.051848772808770156,0.08878504672897196,0.3446085135513377,46.629527143228835,0.7843103784824086,4.751154751368912,0.09689365584995145,17.744376633518407,0.14322632871005894,-0.0444765384787711,0.0794392523364486,1.0,1.0,1.0,1.0,1.0,1.0,1.0,2.0,0.0,-20.0,,,0.0,-83.0,1.0,2.0,1.0,1.0,1.0,1.0,1.0,1.0,1.0,2.0,0.0,-43.0,,,0.0,-63.0,1.0,1.0
Male_Distrust 03,Male,Distrust,-5.0,5.0,6.0,6.0,-5.0,5.0,6.0,6.0,-5.0,5.0,6.0,6.0,-6.0,6.0,6.0,6.0,-98.0,98.0,91.0,91.0,,,,,-91.0,91.0,53.0,53.0,-4.0,4.0,8.0,8.0,-5.0,5.0,9.0,9.0,-5.0,5.0,9.0,9.0,0.3212180675190186,45.38970955955648,0.7663476710146833,4.720270500596717,0.10088879231996131,16.777336436402724,0.14498166233863471,-0.044835133112479594,0.04205607476635514,0.3540474117916321,47.55799027024028,0.7995401779624903,4.900467319065862,0.0974101214626125,17.397625825743077,0.14270376955282013,-0.03438209345407575,0.0794392523364486,0.0,0.0,0.0,0.0,0.0,0.0,0.0,-1.0,0.0,-93.0,,,0.0,-86.0,1.0,1.0,1.0,3.0,1.0,3.0,1.0,3.0,1.0,3.0,0.0,-82.0,,,0.0,-44.0,1.0,1.0
Male_Distrust 04,Male,Distrust,-7.0,7.0,7.0,7.0,-7.0,7.0,7.0,7.0,-7.0,7.0,7.0,7.0,-7.0,7.0,6.0,6.0,-79.0,79.0,54.0,54.0,,,,,-76.0,76.0,39.0,39.0,-6.0,6.0,4.0,4.0,-8.0,8.0,6.0,6.0,-8.0,8.0,6.0,6.0,0.3202929000988185,45.314150424761195,0.7653043585542206,4.696861044320966,0.10039629456850718,16.80289931035441,0.1430806011875283,-0.05713213158545093,0.07009345794392523,0.34489331735628787,46.63936995568677,0.784322854166276,4.779199752329944,0.09612857790611615,17.969464863317125,0.1415541659478309,-0.04652554827315785,0.0514018691588785,1.0,1.0,1.0,1.0,1.0,1.0,1.0,1.0,0.0,-71.0,,,0.0,-68.0,1.0,2.0,0.0,-1.0,0.0,-1.0,0.0,-1.0,0.0,0.0,0.0,-48.0,,,0.0,-33.0,1.0,2.0
Male_Distrust 05,Male,Distrust,-6.0,6.0,7.0,7.0,-6.0,6.0,7.0,7.0,-6.0,6.0,7.0,7.0,-6.0,6.0,7.0,7.0,-89.0,89.0,46.0,46.0,,,,,-77.0,77.0,46.0,46.0,-9.0,9.0,15.0,15.0,-10.0,10.0,16.0,16.0,-10.0,10.0,16.0,16.0,0.3227152523593368,45.5411478247598,0.7687829613824871,4.644158813023122,0.09911161801725063,17.145389961868222,0.14334166496289227,-0.04588479318908442,0.0794392523364486,0.3564069223738162,47.67133435356283,0.8011857985266458,4.898796969223942,0.09829754928979918,17.322713260471236,0.143508134796372,-0.036968579916196447,0.14485981308411214,1.0,4.0,1.0,4.0,1.0,4.0,1.0,4.0,0.0,-79.0,,,0.0,-67.0,1.0,1.0,1.0,9.0,1.0,9.0,1.0,9.0,1.0,9.0,0.0,-30.0,,,0.0,-30.0,1.0,1.0
Male_Empathy 01,Male,Empathy,-6.0,6.0,6.0,6.0,-6.0,6.0,6.0,6.0,-6.0,6.0,6.0,6.0,-7.0,7.0,7.0,7.0,-55.0,55.0,37.0,37.0,,,,,-99.0,99.0,37.0,37.0,-2.0,2.0,5.0,5.0,-8.0,8.0,6.0,6.0,-8.0,8.0,6.0,6.0,0.33062776059747856,46.154892268581925,0.7786355790830104,4.588788929926318,0.10006575992787783,16.98026234537694,0.14191186681108656,-0.04635633375043067,0.07009345794392523,0.36566811187245024,48.50780686262612,0.814809620833007,4.866128137161102,0.10014562085967198,17.11749990692178,0.14644777500685655,-0.04090697492394492,0.0514018691588785,1.0,2.0,1.0,2.0,1.0,2.0,1.0,1.0,0.0,-47.0,,,0.0,-91.0,1.0,6.0,0.0,0.0,0.0,0.0,0.0,0.0,0.0,-1.0,0.0,-31.0,,,0.0,-31.0,1.0,1.0
Male_Empathy 02,Male,Empathy,-7.0,7.0,8.0,8.0,-7.0,7.0,8.0,8.0,-7.0,7.0,8.0,8.0,-6.0,6.0,7.0,7.0,-57.0,57.0,57.0,57.0,,,,,-78.0,78.0,47.0,47.0,-9.0,9.0,10.0,10.0,-10.0,10.0,11.0,11.0,-10.0,10.0,11.0,11.0,0.31752699864244904,45.08984442960436,0.7616322901900684,4.942370659767468,0.0989712535421241,16.423708725360758,0.1414561290293932,-0.04936189977365119,0.08878504672897196,0.3473574597144795,47.192041125252985,0.7945432972824462,5.262384111009468,0.11074521180207485,15.613768255998307,0.16363474364691186,-0.043965413748660934,0.09813084112149532,1.0,3.0,1.0,3.0,1.0,3.0,1.0,4.0,0.0,-47.0,,,0.0,-68.0,1.0,1.0,1.0,3.0,1.0,3.0,1.0,3.0,1.0,4.0,0.0,-46.0,,,0.0,-36.0,1.0,1.0
Male_Empathy 03,Male,Empathy,-5.0,5.0,6.0,6.0,-5.0,5.0,6.0,6.0,-5.0,5.0,6.0,6.0,-5.0,5.0,6.0,6.0,-35.0,35.0,42.0,42.0,,,,,-20.0,20.0,65.0,65.0,-4.0,4.0,14.0,14.0,-10.0,10.0,14.0,14.0,-10.0,10.0,14.0,14.0,0.31226585568668686,44.91113522788075,0.7594446733454677,5.218513560455258,0.10184769912288999,16.156042163355792,0.14622238179985084,-0.038385850525347986,0.08878504672897196,0.359228053382624,48.19459512523402,0.8105552883418364,5.071112314465447,0.1013235310179608,16.51540292716152,0.14801372643911614,-0.033501223565262056,0.1261682242990654,1.0,5.0,1.0,5.0,1.0,5.0,1.0,5.0,0.0,-25.0,,,0.0,-10.0,1.0,6.0,1.0,8.0,1.0,8.0,1.0,8.0,1.0,8.0,0.0,-28.0,,,0.0,-51.0,0.0,0.0
Male_Empathy 04,Male,Empathy,-8.0,8.0,9.0,9.0,-8.0,8.0,9.0,9.0,-8.0,8.0,9.0,9.0,-7.0,7.0,7.0,7.0,-37.0,37.0,54.0,54.0,,,,,-78.0,78.0,99.0,99.0,-10.0,10.0,5.0,5.0,-12.0,12.0,9.0,9.0,-12.0,12.0,9.0,9.0,0.334407492497257,46.10741121523848,0.7768083407639343,4.510679942181456,0.09678764128178921,17.131353758638912,0.13691369461703976,-0.055671375210040085,0.10747663551401869,0.37449783226039923,48.73043396539777,0.8167309665652079,4.654251524430012,0.09630454470899617,17.657210519220467,0.1388721699070818,-0.06018625130163175,0.0794392523364486,1.0,4.0,1.0,4.0,1.0,4.0,1.0,5.0,0.0,-25.0,,,0.0,-66.0,1.0,2.0,0.0,0.0,0.0,0.0,0.0,0.0,1.0,2.0,0.0,-45.0,,,0.0,-90.0,1.0,4.0
Male_Empathy 05,Male,Empathy,-7.0,7.0,9.0,9.0,-7.0,7.0,9.0,9.0,-7.0,7.0,9.0,9.0,-6.0,6.0,6.0,6.0,-17.0,17.0,55.0,55.0,,,,,-38.0,38.0,37.0,37.0,-6.0,6.0,15.0,15.0,-8.0,8.0,15.0,15.0,-8.0,8.0,15.0,15.0,0.32922556801377056,45.73710042516762,0.7709779066042365,5.171015683996761,0.10345218752352696,16.064105852867094,0.1500408779478298,-0.05733121458058045,0.07009345794392523,0.3703920103122141,48.622815054153726,0.8158327020774377,5.284966574407348,0.1057858452131258,16.154369969405995,0.15553625897978837,-0.06326844981897657,0.13551401869158877,1.0,1.0,1.0,1.0,1.0,1.0,1.0,2.0,0.0,-9.0,,,0.0,-30.0,1.0,2.0,1.0,6.0,1.0,6.0,1.0,6.0,1.0,9.0,0.0,-40.0,,,0.0,-22.0,0.0,0.0
Male_Expressions Anger 01,Male,Expressions Anger,-5.0,5.0,9.0,9.0,-5.0,5.0,9.0,9.0,-5.0,5.0,9.0,9.0,-6.0,6.0,6.0,6.0,-89.0,89.0,23.0,23.0,,,,,-89.0,89.0,36.0,36.0,-10.0,10.0,11.0,11.0,-15.0,15.0,18.0,18.0,-15.0,15.0,18.0,18.0,0.3201068887643725,45.36519774989547,0.7661354314779567,4.827972069452299,0.1012007363562314,16.809942037266577,0.14750203360223546,-0.03771850397096616,0.11682242990654206,0.3380505450975115,46.052193806550214,0.7749538918800443,4.9356836051828115,0.09614918760467912,17.222189592458363,0.1381618478599022,-0.025839380711038536,0.17289719626168223,1.0,10.0,1.0,10.0,1.0,10.0,1.0,9.0,0.0,-74.0,,,0.0,-74.0,1.0,5.0,1.0,9.0,1.0,9.0,1.0,9.0,1.0,12.0,0.0,-5.0,,,0.0,-18.0,1.0,7.0
Male_Expressions Anger 02,Male,Expressions Anger,-5.0,5.0,6.0,6.0,-5.0,5.0,6.0,6.0,-5.0,5.0,6.0,6.0,-6.0,6.0,6.0,6.0,-77.0,77.0,23.0,23.0,,,,,-89.0,89.0,95.0,95.0,-33.0,33.0,11.0,11.0,-33.0,33.0,13.0,13.0,-33.0,33.0,13.0,13.0,0.2901854448229353,43.077006986208055,0.7298722143206641,4.7066461347287225,0.10011011147695892,16.817431688469497,0.1427690837672859,-0.01706652301494206,0.35046728971962615,0.3385701026314887,46.477803183493215,0.7828663024946908,4.917784427527652,0.09715559855799809,17.096057094681427,0.14054158572458997,-0.024165025659810716,0.11682242990654206,1.0,28.0,1.0,28.0,1.0,28.0,1.0,27.0,0.0,-44.0,,,0.0,-56.0,0.0,0.0,1.0,7.0,1.0,7.0,1.0,7.0,1.0,7.0,0.0,-10.0,,,0.0,-82.0,1.0,2.0
Male_Expressions Anger 03,Male,Expressions Anger,-6.0,6.0,7.0,7.0,-6.0,6.0,7.0,7.0,-6.0,6.0,7.0,7.0,-6.0,6.0,7.0,7.0,-28.0,28.0,100.0,100.0,,,,,-89.0,89.0,55.0,55.0,-7.0,7.0,8.0,8.0,-8.0,8.0,9.0,9.0,-8.0,8.0,9.0,9.0,0.3070894630155831,44.350618750135474,0.7500652908304027,5.0450988936055206,0.10029616695389433,16.50051244531074,0.14329225281780622,-0.043911516805675545,0.07009345794392523,0.3458226537593057,46.979107613875485,0.7906017657543454,5.160754317905162,0.10151940594627479,16.854091000032092,0.14864139399438533,-0.03961729139925164,0.0794392523364486,1.0,2.0,1.0,2.0,1.0,2.0,1.0,2.0,0.0,-20.0,,,0.0,-81.0,1.0,1.0,1.0,2.0,1.0,2.0,1.0,2.0,1.0,2.0,0.0,-91.0,,,0.0,-46.0,1.0,1.0
Male_Expressions Anger 04,Male,Expressions Anger,-9.0,9.0,5.0,5.0,-9.0,9.0,5.0,5.0,-9.0,9.0,5.0,5.0,-6.0,6.0,4.0,4.0,-7.0,7.0,6.0,6.0,,,,,-7.0,7.0,11.0,11.0,-21.0,21.0,12.0,12.0,-22.0,22.0,12.0,12.0,-22.0,22.0,12.0,12.0,0.26256075362178766,40.25421777172623,0.6828696329459966,5.501749289474476,0.10607579547279286,15.98446542257348,0.15551965198708032,-0.027533485092849374,0.20093457943925233,0.35319744036576456,47.49861453403936,0.7983209278399699,5.965146797735279,0.10970727803411885,15.61916430636255,0.16303591022513947,-0.05003337325336777,0.1261682242990654,1.0,13.0,1.0,13.0,1.0,13.0,1.0,16.0,1.0,15.0,,,1.0,15.0,1.0,1.0,1.0,7.0,1.0,7.0,1.0,7.0,1.0,8.0,1.0,6.0,,,1.0,1.0,0.0,0.0
Male_Expressions Anger 05,Male,Expressions Anger,-6.0,6.0,6.0,6.0,-6.0,6.0,6.0,6.0,-6.0,6.0,6.0,6.0,-6.0,6.0,7.0,7.0,-68.0,68.0,47.0,47.0,,,,,-82.0,82.0,47.0,47.0,-18.0,18.0,30.0,30.0,-18.0,18.0,30.0,30.0,-18.0,18.0,30.0,30.0,0.3148578165847564,44.79551657115188,0.7566715873708235,4.632734776082858,0.09741940075215304,17.611823974470195,0.14390482725399845,-0.04199089179529208,0.16355140186915887,0.3435167352729869,46.78487201494591,0.7873843299033486,5.141056110194632,0.1015399868521735,17.0984155943394,0.15304347950051417,-0.02846501266287866,0.29439252336448596,1.0,12.0,1.0,12.0,1.0,12.0,1.0,12.0,0.0,-50.0,,,0.0,-64.0,0.0,0.0,1.0,24.0,1.0,24.0,1.0,24.0,1.0,23.0,0.0,-17.0,,,0.0,-17.0,0.0,0.0
Male_Expressions Confusion 01,Male,Expressions Confusion,-4.0,4.0,5.0,5.0,-4.0,4.0,5.0,5.0,-4.0,4.0,5.0,5.0,-4.0,4.0,4.0,4.0,-13.0,13.0,0.0,0.0,,,,,-86.0,86.0,0.0,0.0,-23.0,23.0,10.0,10.0,-29.0,29.0,11.0,11.0,-29.0,29.0,11.0,11.0,0.29918139504495067,43.421581673844955,0.7340002501400832,5.654203171867912,0.10854912963959407,15.191109073107455,0.15707156659578378,-0.043137272663205585,0.3130841121495327,0.3757133542377258,49.58480492707725,0.8325697877139688,5.8530061439236745,0.11219716970330086,14.910307552923179,0.1630570409151743,-0.05566923236735513,0.19158878504672897,1.0,25.0,1.0,25.0,1.0,25.0,1.0,25.0,1.0,16.0,,,0.0,-57.0,1.0,6.0,1.0,6.0,1.0,6.0,1.0,6.0,1.0,7.0,1.0,11.0,,,1.0,11.0,1.0,1.0
Male_Expressions Confusion 02,Male,Expressions Confusion,-7.0,7.0,8.0,8.0,-7.0,7.0,8.0,8.0,-7.0,7.0,8.0,8.0,-6.0,6.0,7.0,7.0,-35.0,35.0,40.0,40.0,,,,,-78.0,78.0,88.0,88.0,-16.0,16.0,14.0,14.0,-17.0,17.0,14.0,14.0,-17.0,17.0,14.0,14.0,0.3277671147729749,45.60926944741579,0.7689316531765127,4.949359973074398,0.10142837861939422,16.525490787465106,0.1472186858783353,-0.05356828993726,0.1542056074766355,0.35669710591574694,47.450784999633505,0.79691212255264,4.786512140045378,0.0968579958045037,17.55396670701562,0.14098916455822172,-0.052130053533571905,0.1261682242990654,1.0,10.0,1.0,10.0,1.0,10.0,1.0,11.0,0.0,-18.0,,,0.0,-61.0,1.0,1.0,1.0,6.0,1.0,6.0,1.0,6.0,1.0,7.0,0.0,-26.0,,,0.0,-74.0,0.0,0.0
Male_Expressions Confusion 03,Male,Expressions Confusion,-6.0,6.0,7.0,7.0,-6.0,6.0,7.0,7.0,-6.0,6.0,7.0,7.0,-7.0,7.0,7.0,7.0,-69.0,69.0,77.0,77.0,,,,,-38.0,38.0,78.0,78.0,-8.0,8.0,7.0,7.0,-9.0,9.0,7.0,7.0,-9.0,9.0,7.0,7.0,0.33559869438688333,46.40139702324555,0.7820907520635105,4.678927546419273,0.09344697204190043,17.586798427751578,0.1337096153424596,-0.05686194010984118,0.0794392523364486,0.3788370311817276,49.43740067080917,0.8292834692608531,4.63509373224088,0.09704235667867639,17.29501637375899,0.14064604156422164,-0.05663106959556865,0.06074766355140187,1.0,3.0,1.0,3.0,1.0,3.0,1.0,2.0,0.0,-60.0,,,0.0,-29.0,1.0,1.0,0.0,0.0,0.0,0.0,0.0,0.0,0.0,0.0,0.0,-70.0,,,0.0,-71.0,0.0,0.0
Male_Expressions Confusion 04,Male,Expressions Confusion,-6.0,6.0,7.0,7.0,-6.0,6.0,7.0,7.0,-6.0,6.0,7.0,7.0,-6.0,6.0,7.0,7.0,-40.0,40.0,39.0,39.0,,,,,-100.0,100.0,36.0,36.0,-5.0,5.0,18.0,18.0,-9.0,9.0,18.0,18.0,-9.0,9.0,18.0,18.0,0.34628020602966025,47.172077272539944,0.7941805148653895,4.717408100473825,0.09499427908152905,17.3695236800305,0.13663142466179604,-0.06427817102347579,0.07009345794392523,0.3446052333461904,46.52382559419792,0.7822029465966136,4.995815091827344,0.09821559520107563,17.657512818493135,0.14505752074128053,-0.040929493781562166,0.17289719626168223,1.0,3.0,1.0,3.0,1.0,3.0,1.0,3.0,0.0,-31.0,,,0.0,-91.0,1.0,4.0,1.0,11.0,1.0,11.0,1.0,11.0,1.0,11.0,0.0,-21.0,,,0.0,-18.0,0.0,0.0
Male_Expressions Confusion 05,Male,Expressions Confusion,-5.0,5.0,9.0,9.0,-5.0,5.0,9.0,9.0,-5.0,5.0,9.0,9.0,-5.0,5.0,5.0,5.0,-31.0,31.0,35.0,35.0,,,,,-36.0,36.0,36.0,36.0,-18.0,18.0,10.0,10.0,-18.0,18.0,11.0,11.0,-18.0,18.0,11.0,11.0,0.3280107484799679,46.016677277110446,0.7764322112236067,5.347296332801196,0.10313108138177755,15.386683092091825,0.14346758262166437,-0.04738068413511615,0.16355140186915887,0.36192912308969233,48.07393124838856,0.8077091197961959,5.37851668222346,0.1055789244161031,16.068449707341188,0.1549394410455002,-0.058318301339015784,0.09813084112149532,1.0,13.0,1.0,13.0,1.0,13.0,1.0,13.0,0.0,-13.0,,,0.0,-18.0,0.0,0.0,1.0,2.0,1.0,2.0,1.0,2.0,1.0,6.0,0.0,-24.0,,,0.0,-25.0,1.0,1.0
Male_Expressions Contempt 01,Male,Expressions Contempt,-5.0,5.0,8.0,8.0,-5.0,5.0,8.0,8.0,-5.0,5.0,8.0,8.0,-6.0,6.0,7.0,7.0,-54.0,54.0,55.0,55.0,,,,,-100.0,100.0,99.0,99.0,-21.0,21.0,9.0,9.0,-21.0,21.0,10.0,10.0,-21.0,21.0,10.0,10.0,0.3027434641512755,43.75814271196027,0.7397929244091578,4.653732408586646,0.09699371031854513,17.3682493413348,0.14000629029184017,-0.023998502815995262,0.19158878504672897,0.3614345953286251,48.056168814685854,0.8074967528336516,4.548645629660688,0.09228145466925942,17.808330744363346,0.13071514778542068,-0.03953791695220448,0.08878504672897196,1.0,16.0,1.0,16.0,1.0,16.0,1.0,15.0,0.0,-33.0,,,0.0,-79.0,0.0,0.0,1.0,2.0,1.0,2.0,1.0,2.0,1.0,3.0,0.0,-45.0,,,0.0,-89.0,1.0,1.0
Male_Expressions Contempt 02,Male,Expressions Contempt,-5.0,5.0,7.0,7.0,-5.0,5.0,7.0,7.0,-5.0,5.0,7.0,7.0,-6.0,6.0,7.0,7.0,-78.0,78.0,96.0,96.0,,,,,-78.0,78.0,100.0,100.0,-6.0,6.0,18.0,18.0,-9.0,9.0,19.0,19.0,-9.0,9.0,19.0,19.0,0.3297014058193314,46.15042503526278,0.778886964179088,4.705397390595106,0.09712889857309044,17.111183408151238,0.1380077637732029,-0.03621717967162622,0.0794392523364486,0.3479309416262903,46.82392838736561,0.7872865201087198,4.646802651513124,0.09453716794046287,17.60763725703683,0.1353412557323024,-0.02643431110359798,0.17289719626168223,1.0,4.0,1.0,4.0,1.0,4.0,1.0,3.0,0.0,-69.0,,,0.0,-69.0,1.0,3.0,1.0,12.0,1.0,12.0,1.0,12.0,1.0,12.0,0.0,-77.0,,,0.0,-81.0,1.0,1.0
Male_Expressions Contempt 03,Male,Expressions Contempt,-5.0,5.0,8.0,8.0,-5.0,5.0,8.0,8.0,-5.0,5.0,8.0,8.0,-6.0,6.0,6.0,6.0,-78.0,78.0,,,,,,,-78.0,78.0,99.0,99.0,-18.0,18.0,10.0,10.0,-21.0,21.0,10.0,10.0,-21.0,21.0,10.0,10.0,0.31999058979693973,45.22592602489151,0.7634428863491968,5.069726321254378,0.10307527308897027,16.40854237703953,0.14915092626832566,-0.03912317223638018,0.17289719626168223,0.3589382594990953,47.880901849158455,0.8046706047988383,4.8360821143245305,0.09442299012547341,17.702928460543458,0.13670461645947313,-0.03502904867457452,0.08878504672897196,1.0,16.0,1.0,16.0,1.0,16.0,1.0,15.0,0.0,-57.0,,,0.0,-57.0,1.0,3.0,1.0,2.0,1.0,2.0,1.0,2.0,1.0,4.0,,,,,0.0,-89.0,0.0,0.0
Male_Expressions Contempt 04,Male,Expressions Contempt,-6.0,6.0,9.0,9.0,-6.0,6.0,9.0,9.0,-6.0,6.0,9.0,9.0,-6.0,6.0,7.0,7.0,-78.0,78.0,54.0,54.0,,,,,-78.0,78.0,99.0,99.0,-6.0,6.0,7.0,7.0,-9.0,9.0,7.0,7.0,-9.0,9.0,7.0,7.0,0.3368821823708365,46.53135854061519,0.784277597668572,4.601688150003135,0.0958772858358779,17.54960535238159,0.13697322658351008,-0.04457619535588773,0.07009345794392523,0.3549361836130374,47.389558591575266,0.7962071615680356,4.682459105728803,0.09530872952575996,17.848662707345486,0.13926775482887366,-0.04071377064580115,0.06074766355140187,1.0,3.0,1.0,3.0,1.0,3.0,1.0,3.0,0.0,-69.0,,,0.0,-69.0,1.0,3.0,0.0,-2.0,0.0,-2.0,0.0,-2.0,0.0,0.0,0.0,-47.0,,,0.0,-92.0,0.0,0.0
Male_Expressions Contempt 05,Male,Expressions Contempt,-6.0,6.0,7.0,7.0,-6.0,6.0,7.0,7.0,-6.0,6.0,7.0,7.0,-6.0,6.0,6.0,6.0,-37.0,37.0,56.0,56.0,,,,,-38.0,38.0,55.0,55.0,-21.0,21.0,83.0,83.0,-21.0,21.0,91.0,91.0,-21.0,21.0,91.0,91.0,0.30088360955782023,43.70983362197876,0.7393747468557313,4.648542659513861,0.09502488293878313,17.555585652723753,0.13675803786038226,-0.019805369533111003,0.2102803738317757,0.32870232836108343,45.74423716892706,0.7715239033938568,4.750312233395944,0.09279796418464073,18.444358794921158,0.13700827657473538,0.00242055047338254,0.8457943925233645,1.0,15.0,1.0,15.0,1.0,15.0,1.0,15.0,0.0,-16.0,,,0.0,-17.0,0.0,0.0,1.0,84.0,1.0,84.0,1.0,84.0,1.0,85.0,1.0,35.0,,,1.0,36.0,1.0,8.0
Male_Expressions Desire 01,Male,Expressions Desire,-6.0,6.0,8.0,8.0,-6.0,6.0,8.0,8.0,-6.0,6.0,8.0,8.0,-6.0,6.0,7.0,7.0,-79.0,79.0,101.0,101.0,,,,,-100.0,100.0,89.0,89.0,-5.0,5.0,9.0,9.0,-9.0,9.0,9.0,9.0,-9.0,9.0,9.0,9.0,0.328442683286756,45.81004225205038,0.7726687909077818,4.606305636099983,0.09544602140151667,17.423556021250892,0.1360229231276602,-0.05173135054445712,0.06074766355140187,0.387244398070273,49.843756221165165,0.8348931386788315,4.664214888065357,0.0923031897362426,18.37534358138152,0.1354450265051059,-0.05547045491566168,0.0794392523364486,1.0,3.0,1.0,3.0,1.0,3.0,1.0,3.0,0.0,-70.0,,,0.0,-91.0,1.0,4.0,1.0,1.0,1.0,1.0,1.0,1.0,1.0,2.0,0.0,-92.0,,,0.0,-80.0,0.0,0.0
Male_Expressions Desire 02,Male,Expressions Desire,-6.0,6.0,9.0,9.0,-6.0,6.0,9.0,9.0,-6.0,6.0,9.0,9.0,-7.0,7.0,7.0,7.0,-37.0,37.0,87.0,87.0,,,,,-54.0,54.0,17.0,17.0,-13.0,13.0,20.0,20.0,-13.0,13.0,23.0,23.0,-13.0,13.0,23.0,23.0,0.32833831833901805,45.75623165781253,0.7717571743877134,4.55949402508265,0.09642606608147891,17.579101090985944,0.13845715197330377,-0.027482555152099825,0.11682242990654206,0.3568651297382105,47.590085965450676,0.7997077312146392,4.712819429201501,0.09517128950106764,17.96965499350892,0.14126327377304715,-0.027864985655401353,0.1822429906542056,1.0,7.0,1.0,7.0,1.0,7.0,1.0,6.0,0.0,-24.0,,,0.0,-41.0,0.0,0.0,1.0,14.0,1.0,14.0,1.0,14.0,1.0,16.0,0.0,-64.0,,,1.0,6.0,1.0,3.0
Male_Expressions Desire 03,Male,Expressions Desire,-6.0,6.0,7.0,7.0,-6.0,6.0,7.0,7.0,-6.0,6.0,7.0,7.0,-6.0,6.0,7.0,7.0,-35.0,35.0,88.0,88.0,,,,,-16.0,16.0,69.0,69.0,-11.0,11.0,11.0,11.0,-13.0,13.0,12.0,12.0,-13.0,13.0,12.0,12.0,0.32035764550494256,45.29703148280349,0.7648741234894668,4.7882911024319235,0.10035387679653347,17.19570173288032,0.1466305698355976,-0.024934973254382053,0.11682242990654206,0.338189885716572,46.25802641271431,0.778897836456232,4.835106364581908,0.09566294798784167,18.038850507398912,0.14128264577461863,-0.026075444488881903,0.10747663551401869,1.0,7.0,1.0,7.0,1.0,7.0,1.0,7.0,0.0,-22.0,,,0.0,-3.0,1.0,2.0,1.0,5.0,1.0,5.0,1.0,5.0,1.0,5.0,0.0,-76.0,,,0.0,-57.0,1.0,1.0
Male_Expressions Desire 04,Male,Expressions Desire,-4.0,4.0,4.0,4.0,-4.0,4.0,4.0,4.0,-4.0,4.0,4.0,4.0,-3.0,3.0,3.0,3.0,0.0,0.0,0.0,0.0,,,,,0.0,0.0,0.0,0.0,-62.0,62.0,10.0,10.0,-74.0,74.0,10.0,10.0,-74.0,74.0,10.0,10.0,0.25772094420183483,39.919262074978555,0.6770839301225181,8.136467720930264,0.14016260136410874,11.81777356255611,0.20197337008309815,0.005148627908430367,0.6495327102803738,0.4433202278391223,54.296418216740975,0.9047800267689696,6.587114579122618,0.11811745817833971,14.758926165126862,0.17413417622447014,-0.10943800656594962,0.10747663551401869,1.0,70.0,1.0,70.0,1.0,70.0,1.0,71.0,1.0,74.0,,,1.0,74.0,1.0,12.0,1.0,6.0,1.0,6.0,1.0,6.0,1.0,7.0,1.0,10.0,,,1.0,10.0,0.0,0.0
Male_Expressions Desire 05,Male,Expressions Desire,-6.0,6.0,8.0,8.0,-6.0,6.0,8.0,8.0,-6.0,6.0,8.0,8.0,-6.0,6.0,6.0,6.0,-95.0,95.0,56.0,56.0,,,,,-78.0,78.0,55.0,55.0,-31.0,31.0,12.0,12.0,-34.0,34.0,13.0,13.0,-34.0,34.0,13.0,13.0,0.3019216595409073,43.655992806514845,0.7381899679932639,4.668577715110417,0.09776206061525165,17.376251080697934,0.14068273725515268,-0.012921033061553384,0.3037383177570093,0.3592267365099114,47.99914762015655,0.8069525062341556,4.806365498158837,0.0943115002989212,18.312670913200385,0.14026603647419866,-0.029915614941409815,0.11682242990654206,1.0,28.0,1.0,28.0,1.0,28.0,1.0,28.0,0.0,-61.0,,,0.0,-44.0,1.0,3.0,1.0,5.0,1.0,5.0,1.0,5.0,1.0,7.0,0.0,-43.0,,,0.0,-42.0,1.0,1.0
Male_Expressions Disgust 01,Male,Expressions Disgust,-7.0,7.0,7.0,7.0,-7.0,7.0,7.0,7.0,-7.0,7.0,7.0,7.0,-6.0,6.0,7.0,7.0,-37.0,37.0,79.0,79.0,,,,,-78.0,78.0,55.0,55.0,-10.0,10.0,13.0,13.0,-14.0,14.0,14.0,14.0,-14.0,14.0,14.0,14.0,0.32442017944059637,45.516793972977965,0.7681052071329589,4.908572337424783,0.10156629171292737,16.67793713635444,0.14585316634543663,-0.041489992186287857,0.11682242990654206,0.35647977568278805,47.75809331029375,0.8028828445299764,4.809186910479286,0.09603024009510736,17.44571670396972,0.13871207752458328,-0.03128291652581402,0.1261682242990654,1.0,7.0,1.0,7.0,1.0,7.0,1.0,8.0,0.0,-23.0,,,0.0,-64.0,1.0,4.0,1.0,7.0,1.0,7.0,1.0,7.0,1.0,7.0,0.0,-65.0,,,0.0,-41.0,1.0,1.0
Male_Expressions Disgust 02,Male,Expressions Disgust,-5.0,5.0,7.0,7.0,-5.0,5.0,7.0,7.0,-5.0,5.0,7.0,7.0,-6.0,6.0,7.0,7.0,-39.0,39.0,11.0,11.0,,,,,-38.0,38.0,55.0,55.0,-16.0,16.0,12.0,12.0,-18.0,18.0,13.0,13.0,-18.0,18.0,13.0,13.0,0.3199134959238712,45.20232201513843,0.7631358573578786,4.673093851934248,0.09706871211528778,17.5666036137769,0.14037237945452052,-0.02729164244972657,0.1822429906542056,0.35582380205671366,47.57952115691711,0.7997263317631784,4.660847798407635,0.0918404028933739,18.24000813684869,0.13322969445220703,-0.023705160506417817,0.11682242990654206,1.0,13.0,1.0,13.0,1.0,13.0,1.0,12.0,0.0,-21.0,,,0.0,-20.0,1.0,2.0,1.0,6.0,1.0,6.0,1.0,6.0,1.0,6.0,1.0,2.0,,,0.0,-42.0,1.0,1.0
Male_Expressions Disgust 03,Male,Expressions Disgust,-6.0,6.0,6.0,6.0,-6.0,6.0,6.0,6.0,-6.0,6.0,6.0,6.0,-7.0,7.0,7.0,7.0,-37.0,37.0,103.0,103.0,,,,,-100.0,100.0,67.0,67.0,-6.0,6.0,6.0,6.0,-8.0,8.0,7.0,7.0,-8.0,8.0,7.0,7.0,0.3371879330305296,46.51459629736214,0.7838726260603588,4.6843871045683585,0.09799203541973289,17.30239137124112,0.14080725005775127,-0.0546883376680802,0.07009345794392523,0.3675863597994653,48.49253507640874,0.8139255756390429,4.7837428572091545,0.09651764393479467,17.717508402173767,0.14297277332758004,-0.049048845316762124,0.06074766355140187,1.0,2.0,1.0,2.0,1.0,2.0,1.0,1.0,0.0,-29.0,,,0.0,-92.0,1.0,2.0,1.0,1.0,1.0,1.0,1.0,1.0,0.0,0.0,0.0,-96.0,,,0.0,-60.0,1.0,1.0
Male_Expressions Disgust 04,Male,Expressions Disgust,-5.0,5.0,6.0,6.0,-5.0,5.0,6.0,6.0,-5.0,5.0,6.0,6.0,-4.0,4.0,5.0,5.0,-40.0,40.0,90.0,90.0,,,,,0.0,0.0,76.0,76.0,-69.0,69.0,74.0,74.0,-69.0,69.0,74.0,74.0,-69.0,69.0,74.0,74.0,0.2187962122609682,36.610736214111895,0.6239594340881455,5.229577482651885,0.10467431539634489,15.214515155452542,0.14680882107536747,0.05289680851954166,0.6401869158878505,0.2435528090066999,38.88820898198636,0.6613688952872686,4.855372383354981,0.09673476191324608,16.995990014727003,0.13859943581639594,0.07913144308829977,0.6869158878504673,1.0,64.0,1.0,64.0,1.0,64.0,1.0,65.0,1.0,29.0,,,1.0,69.0,0.0,0.0,1.0,68.0,1.0,68.0,1.0,68.0,1.0,69.0,0.0,-16.0,,,0.0,-2.0,0.0,0.0
Male_Expressions Disgust 05,Male,Expressions Disgust,-6.0,6.0,6.0,6.0,-6.0,6.0,6.0,6.0,-6.0,6.0,6.0,6.0,-6.0,6.0,7.0,7.0,-89.0,89.0,11.0,11.0,,,,,-77.0,77.0,90.0,90.0,-12.0,12.0,12.0,12.0,-14.0,14.0,13.0,13.0,-14.0,14.0,13.0,13.0,0.3295411489834295,46.05967923191106,0.7770883964600964,4.748316391849908,0.0995529045544143,17.06242341849373,0.1433194469449655,-0.03428993241809239,0.1261682242990654,0.366087448931186,48.59457169960592,0.8164110141240548,4.883738809291308,0.09783631312512905,17.521135563730407,0.14481617636838048,-0.02592095704836266,0.11682242990654206,1.0,8.0,1.0,8.0,1.0,8.0,1.0,8.0,0.0,-75.0,,,0.0,-63.0,1.0,2.0,1.0,7.0,1.0,7.0,1.0,7.0,1.0,6.0,1.0,2.0,,,0.0,-77.0,1.0,1.0
Male_Expressions Excitement 01,Male,Expressions Excitement,-6.0,6.0,5.0,5.0,-6.0,6.0,5.0,5.0,-6.0,6.0,5.0,5.0,-5.0,5.0,5.0,5.0,-9.0,9.0,8.0,8.0,,,,,-26.0,26.0,16.0,16.0,-12.0,12.0,10.0,10.0,-16.0,16.0,11.0,11.0,-16.0,16.0,11.0,11.0,0.254799653436536,39.94048001833051,0.6787244859282101,5.58939119156833,0.10934600111026808,14.93718376302331,0.15264233233371996,-0.027827951674149417,0.1261682242990654,0.32588886072702494,45.59615090628651,0.7691698526249868,5.42223001870318,0.10782866984188,15.512979968707336,0.1550943460315466,-0.03905725325936469,0.09813084112149532,1.0,10.0,1.0,10.0,1.0,10.0,1.0,11.0,1.0,7.0,,,0.0,-10.0,1.0,4.0,1.0,6.0,1.0,6.0,1.0,6.0,1.0,6.0,1.0,3.0,,,0.0,-5.0,1.0,1.0
Male_Expressions Excitement 02,Male,Expressions Excitement,-5.0,5.0,6.0,6.0,-5.0,5.0,6.0,6.0,-5.0,5.0,6.0,6.0,-5.0,5.0,6.0,6.0,-36.0,36.0,26.0,26.0,,,,,-35.0,35.0,34.0,34.0,-18.0,18.0,13.0,13.0,-18.0,18.0,15.0,15.0,-18.0,18.0,15.0,15.0,0.2835073646540954,42.448845767529214,0.7197075470864216,5.142629720688423,0.10035891472449843,16.101281825629776,0.1420259594847009,-0.030648577436108455,0.16355140186915887,0.3274777303232211,45.523975390140144,0.7677145881978708,5.519860569056925,0.10961941796764035,15.696324342931781,0.16201824129049508,-0.04332619042040032,0.1261682242990654,1.0,13.0,1.0,13.0,1.0,13.0,1.0,13.0,0.0,-18.0,,,0.0,-17.0,0.0,0.0,1.0,9.0,1.0,9.0,1.0,9.0,1.0,9.0,0.0,-11.0,,,0.0,-19.0,1.0,2.0
Male_Expressions Excitement 03,Male,Expressions Excitement,-5.0,5.0,6.0,6.0,-5.0,5.0,6.0,6.0,-5.0,5.0,6.0,6.0,-6.0,6.0,7.0,7.0,-96.0,96.0,40.0,40.0,,,,,-100.0,100.0,39.0,39.0,-12.0,12.0,7.0,7.0,-12.0,12.0,13.0,13.0,-12.0,12.0,13.0,13.0,0.31358518973689214,44.761447193466616,0.7563456872077746,4.629586839578419,0.09486692637767431,17.564347333338926,0.1366614055872526,-0.03165942040559287,0.10747663551401869,0.34520926291697496,46.8414317157781,0.7883539683768682,4.70938578629257,0.09473976990747675,17.6005199061471,0.1369742203925578,-0.02890039367653499,0.11682242990654206,1.0,7.0,1.0,7.0,1.0,7.0,1.0,6.0,0.0,-84.0,,,0.0,-88.0,0.0,0.0,1.0,7.0,1.0,7.0,1.0,7.0,1.0,6.0,0.0,-27.0,,,0.0,-26.0,1.0,6.0
Male_Expressions Excitement 04,Male,Expressions Excitement,-5.0,5.0,7.0,7.0,-5.0,5.0,7.0,7.0,-5.0,5.0,7.0,7.0,-6.0,6.0,7.0,7.0,-37.0,37.0,56.0,56.0,,,,,-36.0,36.0,55.0,55.0,-7.0,7.0,8.0,8.0,-12.0,12.0,9.0,9.0,-12.0,12.0,9.0,9.0,0.3168090208668575,44.98329529806832,0.7597559680030724,4.7771438646574165,0.10010862810853517,17.117401745222132,0.1442003200217238,-0.02337921194941084,0.10747663551401869,0.3390413681480372,46.496596031099834,0.7832851874354844,4.628356978332049,0.09399283370960539,17.479047621690615,0.13385269144233666,-0.015917686519221725,0.0794392523364486,1.0,7.0,1.0,7.0,1.0,7.0,1.0,6.0,0.0,-25.0,,,0.0,-24.0,1.0,5.0,1.0,2.0,1.0,2.0,1.0,2.0,1.0,2.0,0.0,-47.0,,,0.0,-46.0,1.0,1.0
Male_Expressions Excitement 05,Male,Expressions Excitement,-7.0,7.0,8.0,8.0,-7.0,7.0,8.0,8.0,-7.0,7.0,8.0,8.0,-6.0,6.0,6.0,6.0,-82.0,82.0,78.0,78.0,,,,,-80.0,80.0,52.0,52.0,-12.0,12.0,17.0,17.0,-12.0,12.0,18.0,18.0,-12.0,12.0,18.0,18.0,0.3152884144649327,44.82082147687395,0.757168040295771,4.790640791286235,0.0967546643443265,17.41675408342472,0.1395946060008598,-0.03222097080444621,0.10747663551401869,0.3393436778928632,46.4244788160948,0.7819154425376249,5.114280455406303,0.10407678883905723,16.5694884681592,0.15539415672702608,-0.03618335083266285,0.16355140186915887,1.0,5.0,1.0,5.0,1.0,5.0,1.0,6.0,0.0,-70.0,,,0.0,-68.0,0.0,0.0,1.0,10.0,1.0,10.0,1.0,10.0,1.0,12.0,0.0,-60.0,,,0.0,-34.0,1.0,1.0
Male_Expressions Fear 01,Male,Expressions Fear,-7.0,7.0,7.0,7.0,-7.0,7.0,7.0,7.0,-7.0,7.0,7.0,7.0,-6.0,6.0,6.0,6.0,-73.0,73.0,59.0,59.0,,,,,-78.0,78.0,101.0,101.0,-13.0,13.0,9.0,9.0,-15.0,15.0,9.0,9.0,-15.0,15.0,9.0,9.0,0.3172184850010916,44.987710264241585,0.7598015624925355,4.890658765961634,0.10091502975039887,16.659096606680436,0.14536142356272014,-0.03696388702526271,0.13551401869158877,0.360633677968355,48.04563398450335,0.8073738958233985,4.925731822117188,0.09719336586438607,17.088628328201683,0.13867247800500887,-0.0556198946226423,0.0794392523364486,1.0,8.0,1.0,8.0,1.0,8.0,1.0,9.0,0.0,-58.0,,,0.0,-63.0,1.0,2.0,1.0,2.0,1.0,2.0,1.0,2.0,1.0,3.0,0.0,-50.0,,,0.0,-92.0,0.0,0.0
Male_Expressions Fear 02,Male,Expressions Fear,-5.0,5.0,6.0,6.0,-5.0,5.0,6.0,6.0,-5.0,5.0,6.0,6.0,-5.0,5.0,5.0,5.0,-21.0,21.0,18.0,18.0,,,,,-33.0,33.0,35.0,35.0,-14.0,14.0,15.0,15.0,-14.0,14.0,20.0,20.0,-14.0,14.0,20.0,20.0,0.27651914954185486,41.632730840522555,0.7054837581431754,5.318754618151862,0.10473346622344458,15.360929215668138,0.14542988736955625,-0.03165900609760641,0.26635514018691586,0.3426339849133358,46.78383915000987,0.7874629025425867,5.481372729222351,0.10891769046538344,15.395861936259335,0.15623555529230046,-0.04345735211238683,0.1542056074766355,1.0,9.0,1.0,9.0,1.0,9.0,1.0,9.0,0.0,-7.0,,,0.0,-19.0,0.0,0.0,1.0,14.0,1.0,14.0,1.0,14.0,1.0,15.0,1.0,2.0,,,0.0,-15.0,1.0,5.0
Male_Expressions Fear 03,Male,Expressions Fear,-7.0,7.0,7.0,7.0,-7.0,7.0,7.0,7.0,-7.0,7.0,7.0,7.0,-7.0,7.0,7.0,7.0,,,55.0,55.0,,,,,-99.0,99.0,55.0,55.0,-9.0,9.0,9.0,9.0,-10.0,10.0,9.0,9.0,-10.0,10.0,9.0,9.0,0.34309088069701865,46.7965658312646,0.7878373804911275,4.5817854056117415,0.09396339921315885,17.171543286128905,0.1329627798624196,-0.060966600603032335,0.08878504672897196,0.3817214587024439,49.424157463501544,0.8281578127051068,4.961693787738402,0.10206121293323062,16.314859640912513,0.14612826047781505,-0.06717620497552033,0.0794392523364486,1.0,3.0,1.0,3.0,1.0,3.0,1.0,3.0,,,,,0.0,-89.0,1.0,1.0,1.0,2.0,1.0,2.0,1.0,2.0,1.0,2.0,0.0,-46.0,,,0.0,-46.0,0.0,0.0
Male_Expressions Fear 04,Male,Expressions Fear,-7.0,7.0,7.0,7.0,-7.0,7.0,7.0,7.0,-7.0,7.0,7.0,7.0,-6.0,6.0,6.0,6.0,-79.0,79.0,52.0,52.0,,,,,-89.0,89.0,99.0,99.0,-7.0,7.0,6.0,6.0,-8.0,8.0,8.0,8.0,-8.0,8.0,8.0,8.0,0.3093276828805977,44.374311616487596,0.7500138655304909,4.995105766282182,0.1039950604778978,16.150272337728772,0.14934106114900336,-0.042908447646649084,0.07009345794392523,0.35829646676500265,47.743870717342766,0.8021485430893497,4.866064902760576,0.09850320867567419,17.105043322513275,0.14221101661898056,-0.05992105227207469,0.07009345794392523,1.0,1.0,1.0,1.0,1.0,1.0,1.0,2.0,0.0,-71.0,,,0.0,-81.0,1.0,1.0,1.0,1.0,1.0,1.0,1.0,1.0,1.0,2.0,0.0,-44.0,,,0.0,-91.0,1.0,2.0
Male_Expressions Fear 05,Male,Expressions Fear,-6.0,6.0,7.0,7.0,-6.0,6.0,7.0,7.0,-6.0,6.0,7.0,7.0,-6.0,6.0,7.0,7.0,-39.0,39.0,40.0,40.0,,,,,-78.0,78.0,39.0,39.0,-13.0,13.0,11.0,11.0,-16.0,16.0,13.0,13.0,-16.0,16.0,13.0,13.0,0.3327625530345418,46.18874853793706,0.7787105533703466,4.784696838479037,0.10212345705982649,16.857959264205217,0.14691857245030268,-0.03767049911423264,0.14485981308411214,0.3553336730627256,47.42640515131371,0.7967256903648376,4.675822410697692,0.09405919881624596,17.710358707883103,0.13460860243242867,-0.03555964588004852,0.11682242990654206,1.0,10.0,1.0,10.0,1.0,10.0,1.0,10.0,0.0,-23.0,,,0.0,-62.0,1.0,3.0,1.0,6.0,1.0,6.0,1.0,6.0,1.0,6.0,0.0,-27.0,,,0.0,-26.0,1.0,2.0
Male_Expressions Happiness 01,Male,Expressions Happiness,-5.0,5.0,8.0,8.0,-5.0,5.0,8.0,8.0,-5.0,5.0,8.0,8.0,-6.0,6.0,7.0,7.0,-56.0,56.0,52.0,52.0,,,,,-57.0,57.0,99.0,99.0,-18.0,18.0,9.0,9.0,-18.0,18.0,10.0,10.0,-18.0,18.0,10.0,10.0,0.31907429817681,45.04419155209978,0.760327505034821,4.834767146088253,0.10432038498374652,16.413687529287767,0.15051585769737666,-0.026592648474969595,0.16355140186915887,0.33509086058518595,46.074275404493385,0.7763504081309955,4.7481436599220075,0.09505903734782031,17.54907934094755,0.13754684636193626,-0.022395056541835035,0.08878504672897196,1.0,13.0,1.0,13.0,1.0,13.0,1.0,12.0,0.0,-38.0,,,0.0,-39.0,0.0,0.0,1.0,2.0,1.0,2.0,1.0,2.0,1.0,3.0,0.0,-42.0,,,0.0,-89.0,1.0,1.0
Male_Expressions Happiness 02,Male,Expressions Happiness,-6.0,6.0,7.0,7.0,-6.0,6.0,7.0,7.0,-6.0,6.0,7.0,7.0,-7.0,7.0,6.0,6.0,-54.0,54.0,52.0,52.0,,,,,-54.0,54.0,38.0,38.0,-21.0,21.0,13.0,13.0,-23.0,23.0,16.0,16.0,-23.0,23.0,16.0,16.0,0.30519487701843834,43.798009547117715,0.7400827239328456,4.644205764841254,0.09967856646849299,17.01428917486435,0.14284992762753423,-0.02822553888659611,0.2102803738317757,0.34957672808771934,47.381312771378276,0.7976065629692836,4.704797924052332,0.09548074059257998,17.59702994086233,0.13762464145866204,-0.017613437827502455,0.14485981308411214,1.0,17.0,1.0,17.0,1.0,17.0,1.0,16.0,0.0,-31.0,,,0.0,-31.0,1.0,2.0,1.0,9.0,1.0,9.0,1.0,9.0,1.0,10.0,0.0,-36.0,,,0.0,-22.0,1.0,3.0
Male_Expressions Happiness 03,Male,Expressions Happiness,-6.0,6.0,8.0,8.0,-6.0,6.0,8.0,8.0,-6.0,6.0,8.0,8.0,-5.0,5.0,5.0,5.0,-23.0,23.0,16.0,16.0,,,,,-25.0,25.0,16.0,16.0,-37.0,37.0,16.0,16.0,-39.0,39.0,16.0,16.0,-39.0,39.0,16.0,16.0,0.26161884370251237,40.68842813901812,0.6913859583785601,5.663468457027295,0.11035829585678172,14.705731777118588,0.1530355007018683,-0.01202940021719888,0.35046728971962615,0.31436272647893315,44.63881612938141,0.7539283394395748,5.289893937862922,0.10725264411384815,15.708220494558756,0.1542682299074137,-0.021522576006773476,0.13551401869158877,1.0,33.0,1.0,33.0,1.0,33.0,1.0,34.0,1.0,16.0,,,1.0,14.0,1.0,2.0,1.0,8.0,1.0,8.0,1.0,8.0,1.0,11.0,0.0,0.0,,,0.0,0.0,0.0,0.0
Male_Expressions Happiness 04,Male,Expressions Happiness,-6.0,6.0,9.0,9.0,-6.0,6.0,9.0,9.0,-6.0,6.0,9.0,9.0,-6.0,6.0,6.0,6.0,-95.0,95.0,56.0,56.0,,,,,-39.0,39.0,39.0,39.0,-14.0,14.0,14.0,14.0,-14.0,14.0,16.0,16.0,-14.0,14.0,16.0,16.0,0.3099669257057047,44.39336003098533,0.7501692290060988,4.755745271638593,0.09757367539096554,17.417916051805815,0.14234626996067334,-0.037855528643198105,0.1261682242990654,0.3155670483535695,44.23852926325575,0.7462085387277826,4.843135922450886,0.09795470849097332,17.885360756225015,0.1475536476047534,-0.027778766979680996,0.13551401869158877,1.0,8.0,1.0,8.0,1.0,8.0,1.0,8.0,0.0,-81.0,,,0.0,-25.0,0.0,0.0,1.0,7.0,1.0,7.0,1.0,7.0,1.0,10.0,0.0,-40.0,,,0.0,-23.0,1.0,2.0
Male_Expressions Happiness 05,Male,Expressions Happiness,-6.0,6.0,8.0,8.0,-6.0,6.0,8.0,8.0,-6.0,6.0,8.0,8.0,-6.0,6.0,6.0,6.0,-57.0,57.0,39.0,39.0,,,,,-96.0,96.0,39.0,39.0,-27.0,27.0,48.0,48.0,-29.0,29.0,51.0,51.0,-29.0,29.0,51.0,51.0,0.301893613048803,43.84141365389958,0.7416855401107084,4.646331054254253,0.09522104941589653,17.705911469324928,0.1384393037208971,-0.023613169092998328,0.26635514018691586,0.3214329921196554,45.01588823639344,0.7596431811139962,4.796897746605154,0.09614207606031516,18.05463802620311,0.14354431460488518,-0.003008421475642195,0.6588785046728972,1.0,23.0,1.0,23.0,1.0,23.0,1.0,23.0,0.0,-28.0,,,0.0,-67.0,1.0,2.0,1.0,43.0,1.0,43.0,1.0,43.0,1.0,45.0,1.0,12.0,,,1.0,12.0,1.0,3.0
Male_Expressions Sadness 01,Male,Expressions Sadness,-6.0,6.0,10.0,10.0,-6.0,6.0,10.0,10.0,-6.0,6.0,10.0,10.0,-6.0,6.0,7.0,7.0,-35.0,35.0,55.0,55.0,,,,,-35.0,35.0,39.0,39.0,-15.0,15.0,11.0,11.0,-15.0,15.0,13.0,13.0,-15.0,15.0,13.0,13.0,0.3332930583263112,46.131021169858556,0.7774863439042927,4.8165650700575835,0.09790615992234,17.23151176823716,0.143352889895158,-0.06040481568496918,0.13551401869158877,0.36805289788780926,48.27547458399122,0.8097186452662212,4.629306747360486,0.09365610915854156,18.31955481331807,0.13992855434288393,-0.05444930883768563,0.11682242990654206,1.0,9.0,1.0,9.0,1.0,9.0,1.0,9.0,0.0,-20.0,,,0.0,-20.0,0.0,0.0,1.0,3.0,1.0,3.0,1.0,3.0,1.0,6.0,0.0,-42.0,,,0.0,-26.0,1.0,2.0
Male_Expressions Sadness 02,Male,Expressions Sadness,-6.0,6.0,6.0,6.0,-6.0,6.0,6.0,6.0,-6.0,6.0,6.0,6.0,-6.0,6.0,6.0,6.0,-99.0,99.0,40.0,40.0,,,,,-100.0,100.0,39.0,39.0,-16.0,16.0,10.0,10.0,-16.0,16.0,16.0,16.0,-16.0,16.0,16.0,16.0,0.32808301131301953,45.7845148193502,0.7722022684517308,4.619746243407096,0.09350591683584564,17.99527307835073,0.13655376216431833,-0.027833545597914223,0.1822429906542056,0.37453006528248295,49.01059988503144,0.8221674119339926,4.924973254901505,0.09769846700897841,17.591898008148767,0.14496794820956463,-0.04448164957706059,0.1261682242990654,1.0,10.0,1.0,10.0,1.0,10.0,1.0,10.0,0.0,-83.0,,,0.0,-84.0,0.0,0.0,1.0,10.0,1.0,10.0,1.0,10.0,1.0,10.0,0.0,-24.0,,,0.0,-23.0,1.0,6.0
Male_Expressions Sadness 03,Male,Expressions Sadness,-5.0,5.0,7.0,7.0,-5.0,5.0,7.0,7.0,-5.0,5.0,7.0,7.0,-6.0,6.0,6.0,6.0,-38.0,38.0,40.0,40.0,,,,,-35.0,35.0,39.0,39.0,-12.0,12.0,7.0,7.0,-15.0,15.0,11.0,11.0,-15.0,15.0,11.0,11.0,0.3403075239925741,46.77252994519528,0.7879006889796702,4.7987547533882555,0.09702139266959901,17.25650300258722,0.14128295251361603,-0.05527977269386577,0.1261682242990654,0.3771152819428488,49.14316575772295,0.8239230090212599,4.893632814427402,0.0958401193476726,17.9750587023949,0.14339213231402748,-0.049942107958214306,0.08878504672897196,1.0,10.0,1.0,10.0,1.0,10.0,1.0,9.0,0.0,-23.0,,,0.0,-20.0,1.0,3.0,1.0,4.0,1.0,4.0,1.0,4.0,1.0,5.0,0.0,-29.0,,,0.0,-28.0,1.0,4.0
Male_Expressions Sadness 04,Male,Expressions Sadness,-6.0,6.0,8.0,8.0,-6.0,6.0,8.0,8.0,-6.0,6.0,8.0,8.0,-7.0,7.0,7.0,7.0,-39.0,39.0,55.0,55.0,,,,,-100.0,100.0,54.0,54.0,-7.0,7.0,9.0,9.0,-8.0,8.0,10.0,10.0,-8.0,8.0,10.0,10.0,0.34083839081158146,46.86374899828545,0.7895801871531902,4.731780464038532,0.09552571033391188,17.63725783198576,0.14002921028097845,-0.06694443384620631,0.07009345794392523,0.37944132925194,49.28126815100697,0.8260960993509294,4.681077000902635,0.09834995653445476,17.193251576541215,0.14122990409861197,-0.06714155629416492,0.08878504672897196,1.0,2.0,1.0,2.0,1.0,2.0,1.0,1.0,0.0,-31.0,,,0.0,-92.0,1.0,1.0,1.0,2.0,1.0,2.0,1.0,2.0,1.0,3.0,0.0,-45.0,,,0.0,-44.0,1.0,1.0
Male_Expressions Sadness 05,Male,Expressions Sadness,-6.0,6.0,8.0,8.0,-6.0,6.0,8.0,8.0,-6.0,6.0,8.0,8.0,-6.0,6.0,6.0,6.0,-39.0,39.0,56.0,56.0,,,,,-99.0,99.0,55.0,55.0,-18.0,18.0,13.0,13.0,-20.0,20.0,13.0,13.0,-20.0,20.0,13.0,13.0,0.3337210990558161,46.264956581258325,0.7798488401833125,4.763322465226193,0.09711845162904488,17.33037401653467,0.14193846584069278,-0.042693233378579686,0.17289719626168223,0.38533379875610924,49.809475555598176,0.8346512823094975,4.8188031287602735,0.10025692591878856,16.564575332753854,0.14213755744386394,-0.05506264230358266,0.11682242990654206,1.0,14.0,1.0,14.0,1.0,14.0,1.0,14.0,0.0,-19.0,,,0.0,-79.0,1.0,2.0,1.0,5.0,1.0,5.0,1.0,5.0,1.0,7.0,0.0,-43.0,,,0.0,-42.0,0.0,0.0
Male_Expressions Surprise 01,Male,Expressions Surprise,-8.0,8.0,7.0,7.0,-8.0,8.0,7.0,7.0,-8.0,8.0,7.0,7.0,-5.0,5.0,6.0,6.0,-34.0,34.0,21.0,21.0,,,,,-32.0,32.0,19.0,19.0,-22.0,22.0,22.0,22.0,-31.0,31.0,23.0,23.0,-31.0,31.0,23.0,23.0,0.2845297542130836,41.8295461886397,0.7072652306790664,5.501847766600897,0.10995456007010532,15.809984028233371,0.16351946221910557,-0.04292434551448465,0.24766355140186916,0.3316567657149841,45.572455836233694,0.7670118209914626,5.347031195691534,0.10579380358212462,15.88907847927415,0.1554505439510323,-0.04886699168481559,0.2102803738317757,1.0,23.0,1.0,23.0,1.0,23.0,1.0,26.0,0.0,-3.0,,,0.0,-1.0,1.0,9.0,1.0,16.0,1.0,16.0,1.0,16.0,1.0,17.0,1.0,2.0,,,1.0,4.0,1.0,1.0
Male_Expressions Surprise 02,Male,Expressions Surprise,-5.0,5.0,7.0,7.0,-5.0,5.0,7.0,7.0,-5.0,5.0,7.0,7.0,-5.0,5.0,6.0,6.0,-100.0,100.0,56.0,56.0,,,,,-92.0,92.0,55.0,55.0,-14.0,14.0,13.0,13.0,-20.0,20.0,14.0,14.0,-20.0,20.0,14.0,14.0,0.3200207196663473,45.162944165345664,0.7621670411990129,4.93962229609002,0.09892734340479914,16.56632201999128,0.1425627028253281,-0.03666487322232433,0.1542056074766355,0.3649106131535824,48.259546097193926,0.8102677557098593,5.025742390166934,0.10294820270805716,16.441849571103646,0.14982170179345697,-0.05294138945151712,0.1261682242990654,1.0,15.0,1.0,15.0,1.0,15.0,1.0,15.0,0.0,-80.0,,,0.0,-72.0,1.0,6.0,1.0,7.0,1.0,7.0,1.0,7.0,1.0,8.0,0.0,-42.0,,,0.0,-41.0,1.0,1.0
Male_Expressions Surprise 03,Male,Expressions Surprise,-7.0,7.0,9.0,9.0,-7.0,7.0,9.0,9.0,-7.0,7.0,9.0,9.0,-7.0,7.0,7.0,7.0,-34.0,34.0,35.0,35.0,,,,,-35.0,35.0,20.0,20.0,-10.0,10.0,13.0,13.0,-10.0,10.0,15.0,15.0,-10.0,10.0,15.0,15.0,0.3112390085915539,44.62136808511253,0.7544481000075011,4.807334783948331,0.09655259539074493,17.56667562344451,0.1414856762045397,-0.04832083042536941,0.08878504672897196,0.3526277180029967,47.33024204111545,0.7959122821640482,5.158518192332203,0.10433424358195234,16.611065037434148,0.1544848986602617,-0.05441130377421869,0.13551401869158877,1.0,3.0,1.0,3.0,1.0,3.0,1.0,3.0,0.0,-24.0,,,0.0,-25.0,0.0,0.0,1.0,6.0,1.0,6.0,1.0,6.0,1.0,8.0,0.0,-20.0,,,0.0,-5.0,1.0,2.0
Male_Expressions Surprise 04,Male,Expressions Surprise,-8.0,8.0,10.0,10.0,-8.0,8.0,10.0,10.0,-8.0,8.0,10.0,10.0,-6.0,6.0,7.0,7.0,-79.0,79.0,54.0,54.0,,,,,-91.0,91.0,48.0,48.0,-15.0,15.0,17.0,17.0,-17.0,17.0,23.0,23.0,-17.0,17.0,23.0,23.0,0.31138341866921043,44.26803581068449,0.7476271371069912,4.7281408148043065,0.09765456927905106,17.35853586744264,0.14216953579266117,-0.03556087780221601,0.1542056074766355,0.3547720329783787,46.945368118375264,0.7878458036162029,4.637652257074402,0.0969047320954432,17.640390408920503,0.14015953889432944,-0.04069675964729808,0.2102803738317757,1.0,9.0,1.0,9.0,1.0,9.0,1.0,11.0,0.0,-62.0,,,0.0,-74.0,1.0,2.0,1.0,13.0,1.0,13.0,1.0,13.0,1.0,16.0,0.0,-31.0,,,0.0,-25.0,1.0,6.0
Male_Expressions Surprise 05,Male,Expressions Surprise,-5.0,5.0,9.0,9.0,-5.0,5.0,9.0,9.0,-5.0,5.0,9.0,9.0,-6.0,6.0,6.0,6.0,-14.0,14.0,11.0,11.0,,,,,-14.0,14.0,53.0,53.0,-55.0,55.0,29.0,29.0,-56.0,56.0,29.0,29.0,-56.0,56.0,29.0,29.0,0.28295741209359926,42.464564278861076,0.720018799059859,5.521999706714371,0.1093116431444321,15.533027631011835,0.15746968021651483,-0.012062050611059243,0.5093457943925234,0.3331013344158636,46.10904669093195,0.777401975242891,5.226295483220264,0.10023235898708628,16.510367916104123,0.14295085129451077,-0.024405917970933645,0.26635514018691586,1.0,51.0,1.0,51.0,1.0,51.0,1.0,50.0,1.0,42.0,,,1.0,42.0,1.0,1.0,1.0,20.0,1.0,20.0,1.0,20.0,1.0,23.0,1.0,18.0,,,0.0,-24.0,0.0,0.0
Male_Eyeglasses 1,Male,Eyeglasses,-4.0,4.0,1.0,1.0,-4.0,4.0,1.0,1.0,-4.0,4.0,1.0,1.0,-4.0,4.0,3.0,3.0,-4.0,4.0,0.0,0.0,,,,,-59.0,59.0,61.0,61.0,-88.0,88.0,101.0,101.0,-99.0,99.0,101.0,101.0,-99.0,99.0,101.0,101.0,0.3293721684228594,46.34498604658608,0.7822553869152084,5.8100515989081885,0.11585328538181647,13.768271458506334,0.1636555845726211,0.045197078836298435,0.8738317757009346,0.3334103377065926,46.87591403889879,0.7912351151343164,5.8521347900626255,0.11708427231027702,13.490601830186776,0.16111590403993176,0.04802504237567153,0.9065420560747663,1.0,95.0,1.0,95.0,1.0,95.0,1.0,95.0,1.0,95.0,,,1.0,40.0,1.0,11.0,1.0,100.0,1.0,100.0,1.0,100.0,1.0,98.0,1.0,101.0,,,1.0,40.0,0.0,0.0
Male_Fear 01,Male,Fear,-8.0,8.0,8.0,8.0,-8.0,8.0,8.0,8.0,-8.0,8.0,8.0,8.0,-6.0,6.0,6.0,6.0,-10.0,10.0,20.0,20.0,,,,,,,31.0,31.0,-18.0,18.0,20.0,20.0,-22.0,22.0,20.0,20.0,-22.0,22.0,20.0,20.0,0.2948171986597721,42.55919094174822,0.7187877690123621,5.238718149435019,0.1016593882989771,16.07720418234399,0.14360857023945395,-0.05339655447229047,0.2850467289719626,0.3554804804169129,47.31150626244946,0.7941828024721591,5.570899938294124,0.10737367092727501,15.493521123242171,0.15356982717255377,-0.06634301782768463,0.2102803738317757,1.0,14.0,1.0,14.0,1.0,14.0,1.0,16.0,1.0,12.0,,,,,1.0,4.0,1.0,12.0,1.0,12.0,1.0,12.0,1.0,14.0,0.0,0.0,,,0.0,-11.0,0.0,0.0
Male_Fear 02,Male,Fear,-6.0,6.0,7.0,7.0,-6.0,6.0,7.0,7.0,-6.0,6.0,7.0,7.0,-7.0,7.0,7.0,7.0,-79.0,79.0,45.0,45.0,,,,,-99.0,99.0,45.0,45.0,-15.0,15.0,17.0,17.0,-16.0,16.0,19.0,19.0,-16.0,16.0,19.0,19.0,0.312633006093658,44.632364181714635,0.7541843733149711,4.768871009959099,0.0980169069689681,16.813430164325514,0.13992339442923385,-0.046373122624147715,0.14485981308411214,0.3425676875582365,46.402956104724204,0.7804512297299421,4.720470137702667,0.09509403786021416,17.75274204960156,0.13899439221845483,-0.036674570535945,0.1542056074766355,1.0,10.0,1.0,10.0,1.0,10.0,1.0,9.0,0.0,-63.0,,,0.0,-83.0,1.0,1.0,1.0,12.0,1.0,12.0,1.0,12.0,1.0,12.0,0.0,-26.0,,,0.0,-26.0,1.0,2.0
Male_Fear 03,Male,Fear,-6.0,6.0,6.0,6.0,-6.0,6.0,6.0,6.0,-6.0,6.0,6.0,6.0,-6.0,6.0,6.0,6.0,-96.0,96.0,17.0,17.0,,,,,-40.0,40.0,16.0,16.0,-19.0,19.0,17.0,17.0,-20.0,20.0,17.0,17.0,-20.0,20.0,17.0,17.0,0.3059247077625489,44.04458494721172,0.7445136567699575,4.769757617108315,0.09787895569120938,16.85974666843527,0.14204494504012027,-0.02765609226494192,0.26635514018691586,0.3423866406779423,46.60431937636616,0.784259182827495,5.205507157579343,0.1046563945710659,16.168355362748557,0.15255836021365984,-0.032575111105063254,0.17289719626168223,1.0,14.0,1.0,14.0,1.0,14.0,1.0,14.0,0.0,-76.0,,,0.0,-20.0,1.0,1.0,1.0,11.0,1.0,11.0,1.0,11.0,1.0,11.0,0.0,0.0,,,1.0,1.0,0.0,0.0
Male_Fear 04,Male,Fear,-7.0,7.0,9.0,9.0,-7.0,7.0,9.0,9.0,-7.0,7.0,9.0,9.0,-7.0,7.0,7.0,7.0,-66.0,66.0,39.0,39.0,,,,,-68.0,68.0,52.0,52.0,-15.0,15.0,5.0,5.0,-21.0,21.0,10.0,10.0,-21.0,21.0,10.0,10.0,0.316405799901374,44.79667360983162,0.7563628415688677,4.657022674141504,0.09857059361518554,16.712522787289295,0.14044270407900494,-0.049339762636434255,0.17289719626168223,0.3427874905483745,46.43551386628196,0.7810949131270379,5.070369819962533,0.10120240623288065,17.291271775503553,0.15173002019665152,-0.04309442583645615,0.08878504672897196,1.0,14.0,1.0,14.0,1.0,14.0,1.0,14.0,0.0,-45.0,,,0.0,-47.0,1.0,6.0,1.0,1.0,1.0,1.0,1.0,1.0,1.0,3.0,0.0,-29.0,,,0.0,-42.0,1.0,5.0
Male_Fear 05,Male,Fear,-8.0,8.0,10.0,10.0,-8.0,8.0,10.0,10.0,-8.0,8.0,10.0,10.0,-6.0,6.0,6.0,6.0,-21.0,21.0,13.0,13.0,,,,,-29.0,29.0,14.0,14.0,-16.0,16.0,24.0,24.0,-27.0,27.0,26.0,26.0,-27.0,27.0,26.0,26.0,0.27740162416039227,41.04659323380372,0.6942476043216536,5.234457883896811,0.10417528953051793,16.347043584713695,0.15243258242899516,-0.055207292331713384,0.22897196261682243,0.30896911359278956,43.52592957131216,0.7338094915324282,5.572360564058072,0.10482570734397273,15.66602839865097,0.14938828672440546,-0.048470025586190624,0.2383177570093458,1.0,19.0,1.0,19.0,1.0,19.0,1.0,21.0,1.0,6.0,,,0.0,-2.0,1.0,11.0,1.0,16.0,1.0,16.0,1.0,16.0,1.0,20.0,1.0,13.0,,,1.0,12.0,1.0,2.0
Male_Fierce Cutthroat,Male,Fierce Cutthroat,-9.0,9.0,2.0,2.0,-9.0,9.0,2.0,2.0,-9.0,9.0,2.0,2.0,-3.0,3.0,3.0,3.0,0.0,0.0,0.0,0.0,,,,,-14.0,14.0,0.0,0.0,-6.0,6.0,7.0,7.0,-32.0,32.0,8.0,8.0,-32.0,32.0,8.0,8.0,0.2779400772023424,41.43800774690147,0.7013692091280055,5.285415111092206,0.10291633129401027,15.665436357824506,0.14572887818487185,-0.046175496182709094,0.2757009345794392,0.2819437122790613,41.83031511752405,0.7074329110785066,5.485110606475968,0.10202154315242143,16.118730044776733,0.14331986951940465,-0.04718151535386237,0.22897196261682243,1.0,23.0,1.0,23.0,1.0,23.0,1.0,29.0,1.0,32.0,,,1.0,18.0,1.0,26.0,1.0,6.0,1.0,6.0,1.0,6.0,1.0,5.0,1.0,8.0,,,1.0,8.0,1.0,1.0
Male_Fierce Fiery,Male,Fierce Fiery,-5.0,5.0,1.0,1.0,-5.0,5.0,1.0,1.0,-5.0,5.0,1.0,1.0,-6.0,6.0,4.0,4.0,-91.0,91.0,92.0,92.0,,,,,-93.0,93.0,72.0,72.0,-19.0,19.0,14.0,14.0,-19.0,19.0,15.0,15.0,-19.0,19.0,15.0,15.0,0.30147192104954584,44.05771148093393,0.7457690581540081,5.119189088589677,0.09967001204220753,16.02827701330504,0.14167918995866235,-0.02997638702949631,0.24299065420560748,0.2938527999637283,43.664438408111856,0.7397712574940976,5.143708698817085,0.100033960017924,16.878295274772057,0.14622457592554813,-0.022079856456997237,0.411214953271028,1.0,14.0,1.0,14.0,1.0,14.0,1.0,13.0,0.0,-72.0,,,0.0,-74.0,0.0,0.0,1.0,14.0,1.0,14.0,1.0,14.0,1.0,11.0,0.0,-77.0,,,0.0,-57.0,1.0,1.0
Male_Fierce Savage,Male,Fierce Savage,-6.0,6.0,1.0,1.0,-6.0,6.0,1.0,1.0,-6.0,6.0,1.0,1.0,-7.0,7.0,4.0,4.0,-47.0,47.0,82.0,82.0,,,,,-65.0,65.0,54.0,54.0,0.0,0.0,23.0,23.0,0.0,0.0,24.0,24.0,0.0,0.0,24.0,24.0,0.3188593927944932,45.27829365195515,0.7648460663089128,4.721439786795004,0.09552876394734068,16.585951266934917,0.13509118564005168,-0.04045212129566157,0.04672897196261682,0.30306521503724787,44.32373756337389,0.7500763563352211,4.571895765088429,0.09160132810612705,18.344548346385217,0.13390563962594518,-0.027110989127203684,0.21495327102803738,0.0,-6.0,0.0,-6.0,0.0,-6.0,0.0,-7.0,0.0,-47.0,,,0.0,-65.0,0.0,0.0,1.0,23.0,1.0,23.0,1.0,23.0,1.0,20.0,0.0,-58.0,,,0.0,-30.0,1.0,1.0
Male_Happy 01,Male,Happy,-6.0,6.0,7.0,7.0,-6.0,6.0,7.0,7.0,-6.0,6.0,7.0,7.0,-6.0,6.0,6.0,6.0,-35.0,35.0,90.0,90.0,,,,,-99.0,99.0,66.0,66.0,-52.0,52.0,13.0,13.0,-53.0,53.0,17.0,17.0,-53.0,53.0,17.0,17.0,0.27732038999272285,41.9389685648624,0.7114497210099319,5.210334965593625,0.10292408566148777,15.774457696767831,0.1460362194141127,-0.011820264508791058,0.4719626168224299,0.34209631926545475,46.76099135496906,0.7875334180404092,5.352750377102851,0.10459186561475291,16.623188907161516,0.15632612968109688,-0.021271227676177694,0.17289719626168223,1.0,47.0,1.0,47.0,1.0,47.0,1.0,47.0,1.0,18.0,,,0.0,-46.0,1.0,1.0,1.0,10.0,1.0,10.0,1.0,10.0,1.0,11.0,0.0,-73.0,,,0.0,-49.0,1.0,4.0
Male_Happy 02,Male,Happy,-5.0,5.0,6.0,6.0,-5.0,5.0,6.0,6.0,-5.0,5.0,6.0,6.0,-6.0,6.0,7.0,7.0,-78.0,78.0,79.0,79.0,,,,,-100.0,100.0,89.0,89.0,-8.0,8.0,6.0,6.0,-12.0,12.0,6.0,6.0,-12.0,12.0,6.0,6.0,0.3336692257462261,46.3689171710861,0.7819396693228303,4.719551342443745,0.09871448147690522,16.85575730274921,0.14064747253257148,-0.04710820999657996,0.10747663551401869,0.37979502794898556,49.63826540920222,0.8327868076619442,4.80069565360443,0.09582611921930982,17.531216205414044,0.13982423570639682,-0.0448501064120052,0.0514018691588785,1.0,7.0,1.0,7.0,1.0,7.0,1.0,6.0,0.0,-66.0,,,0.0,-88.0,1.0,4.0,0.0,0.0,0.0,0.0,0.0,0.0,0.0,-1.0,0.0,-73.0,,,0.0,-83.0,0.0,0.0
Male_Happy 03,Male,Happy,-5.0,5.0,6.0,6.0,-5.0,5.0,6.0,6.0,-5.0,5.0,6.0,6.0,-6.0,6.0,6.0,6.0,-95.0,95.0,22.0,22.0,,,,,-100.0,100.0,39.0,39.0,-5.0,5.0,14.0,14.0,-14.0,14.0,16.0,16.0,-14.0,14.0,16.0,16.0,0.3241293525027337,45.64285438751506,0.7704915119526542,4.674986392085518,0.09641904299551586,17.248780660246624,0.13962810971545722,-0.039449213821197225,0.1261682242990654,0.34699705103847467,47.14269350845123,0.7934404918662855,5.222630111065423,0.09998342224231391,17.296783403443705,0.1490919848658004,-0.027287056234395392,0.14485981308411214,1.0,9.0,1.0,9.0,1.0,9.0,1.0,8.0,0.0,-81.0,,,0.0,-86.0,1.0,9.0,1.0,10.0,1.0,10.0,1.0,10.0,1.0,10.0,0.0,-6.0,,,0.0,-23.0,1.0,2.0
Male_Happy 04,Male,Happy,-6.0,6.0,7.0,7.0,-6.0,6.0,7.0,7.0,-6.0,6.0,7.0,7.0,-6.0,6.0,7.0,7.0,-39.0,39.0,52.0,52.0,,,,,-78.0,78.0,55.0,55.0,-9.0,9.0,8.0,8.0,-13.0,13.0,9.0,9.0,-13.0,13.0,9.0,9.0,0.32650192764317876,45.8519103705326,0.7738639303248063,4.716914323915805,0.10076831065048024,17.000557430954665,0.145639310186764,-0.037305192969669804,0.11682242990654206,0.3677685990511814,48.694677274917886,0.8179738944239705,4.796904131039002,0.09672834691112843,17.427665301965217,0.13985572699105964,-0.03585249672983294,0.0794392523364486,1.0,7.0,1.0,7.0,1.0,7.0,1.0,7.0,0.0,-26.0,,,0.0,-65.0,1.0,4.0,1.0,2.0,1.0,2.0,1.0,2.0,1.0,2.0,0.0,-43.0,,,0.0,-46.0,1.0,1.0
Male_Happy 05,Male,Happy,-8.0,8.0,9.0,9.0,-8.0,8.0,9.0,9.0,-8.0,8.0,9.0,9.0,-7.0,7.0,8.0,8.0,-37.0,37.0,24.0,24.0,,,,,-76.0,76.0,55.0,55.0,-21.0,21.0,21.0,21.0,-21.0,21.0,24.0,24.0,-21.0,21.0,24.0,24.0,0.3313423679253765,45.996019813501945,0.7757199781589976,4.712431828465278,0.0995107034994465,16.828390775518145,0.14250745427496028,-0.02594053257848615,0.2102803738317757,0.35729178619161944,47.690387482955074,0.8014677078158499,4.7184906002377796,0.0952546418096139,18.147480626981842,0.139560050172907,-0.01912554931417804,0.24766355140186916,1.0,13.0,1.0,13.0,1.0,13.0,1.0,14.0,0.0,-16.0,,,0.0,-55.0,0.0,0.0,1.0,15.0,1.0,15.0,1.0,15.0,1.0,16.0,0.0,0.0,,,0.0,-31.0,1.0,3.0
Male_Happy Elated,Male,Happy Elated,-6.0,6.0,1.0,1.0,-6.0,6.0,1.0,1.0,-6.0,6.0,1.0,1.0,-6.0,6.0,4.0,4.0,-35.0,35.0,80.0,80.0,,,,,-35.0,35.0,87.0,87.0,-18.0,18.0,52.0,52.0,-18.0,18.0,53.0,53.0,-18.0,18.0,53.0,53.0,0.29751350528725956,43.60696861677081,0.7383136116316386,4.6561758942449485,0.09391315889386635,16.825548242956536,0.1314585857655642,-0.011760393035746067,0.3411214953271028,0.28151017316033905,42.6356892897704,0.7232598848989077,4.731490097957376,0.09358131227509997,17.75456342214822,0.13366224412929337,-0.007118933668760496,0.6214953271028038,1.0,12.0,1.0,12.0,1.0,12.0,1.0,12.0,0.0,-17.0,,,0.0,-17.0,0.0,0.0,1.0,52.0,1.0,52.0,1.0,52.0,1.0,49.0,0.0,-27.0,,,0.0,-34.0,1.0,1.0
Male_Happy Perky,Male,Happy Perky,-6.0,6.0,1.0,1.0,-6.0,6.0,1.0,1.0,-6.0,6.0,1.0,1.0,-7.0,7.0,4.0,4.0,-64.0,64.0,30.0,30.0,,,,,-64.0,64.0,41.0,41.0,-18.0,18.0,11.0,11.0,-27.0,27.0,23.0,23.0,-27.0,27.0,23.0,23.0,0.28163010522583937,42.27732552991849,0.7169007516406929,5.05816459753246,0.10121436548893745,15.850060598934515,0.1424177052136862,-0.019270614485874353,0.2803738317757009,0.28079573907584787,42.5231954628062,0.721333195239692,5.204842742445452,0.10002371022982576,16.853882664019896,0.14470771629855317,-0.01997782624213495,0.308411214953271,1.0,21.0,1.0,21.0,1.0,21.0,1.0,20.0,0.0,-37.0,,,0.0,-37.0,1.0,9.0,1.0,22.0,1.0,22.0,1.0,22.0,1.0,19.0,0.0,-7.0,,,0.0,-18.0,1.0,12.0
Male_Happy So Peaceful,Male,Happy So Peaceful,-7.0,7.0,3.0,3.0,-7.0,7.0,3.0,3.0,-7.0,7.0,3.0,3.0,-7.0,7.0,5.0,5.0,-27.0,27.0,39.0,39.0,,,,,-27.0,27.0,37.0,37.0,-58.0,58.0,66.0,66.0,-63.0,63.0,66.0,66.0,-63.0,63.0,66.0,66.0,0.3157939924814991,44.74422181209671,0.7556170015204176,4.699037656257643,0.1008260110744609,16.885955233234466,0.14437061520117633,-0.011500642678447973,0.5467289719626168,0.30027264746550086,43.734329553408045,0.7397905639677405,4.713721046711657,0.09350900263220907,18.27563671549212,0.13698974244718282,-0.00721965521295494,0.602803738317757,1.0,56.0,1.0,56.0,1.0,56.0,1.0,56.0,1.0,36.0,,,1.0,36.0,1.0,5.0,1.0,63.0,1.0,63.0,1.0,63.0,1.0,61.0,1.0,27.0,,,1.0,29.0,0.0,0.0
Male_Humiliated,Male,Humiliated,-8.0,8.0,8.0,8.0,-8.0,8.0,8.0,8.0,-8.0,8.0,8.0,8.0,-5.0,5.0,3.0,3.0,-7.0,7.0,0.0,0.0,,,,,-31.0,31.0,14.0,14.0,-12.0,12.0,14.0,14.0,-21.0,21.0,16.0,16.0,-21.0,21.0,16.0,16.0,0.3137861582163338,44.19073680628126,0.7452492962513014,5.355537165826727,0.10326183309673138,15.567893081757365,0.14704090560663421,-0.05718335871384523,0.1822429906542056,0.38180769659648434,49.64020090905306,0.8320069431423027,5.93655723977451,0.10960990395919185,15.24950405515945,0.15966131278085258,-0.06749816169248563,0.14485981308411214,1.0,13.0,1.0,13.0,1.0,13.0,1.0,16.0,1.0,14.0,,,0.0,-10.0,1.0,9.0,1.0,8.0,1.0,8.0,1.0,8.0,1.0,13.0,1.0,16.0,,,1.0,2.0,1.0,2.0
Male_Insanity Deranged,Male,Insanity Deranged,-6.0,6.0,1.0,1.0,-6.0,6.0,1.0,1.0,-6.0,6.0,1.0,1.0,-5.0,5.0,4.0,4.0,-14.0,14.0,79.0,79.0,,,,,-66.0,66.0,49.0,49.0,-16.0,16.0,33.0,33.0,-16.0,16.0,41.0,41.0,-16.0,16.0,41.0,41.0,0.28621199922026874,42.59273207744705,0.7216040054771388,5.210313849377437,0.10462756497117709,15.353212738364288,0.14821371928138552,-0.018473232878702825,0.2570093457943925,0.295717598121857,43.66524277446426,0.7393219947257889,5.322858843395364,0.10591086498069986,16.04200411746198,0.15630262063921624,-0.015668607760812636,0.397196261682243,1.0,10.0,1.0,10.0,1.0,10.0,1.0,11.0,1.0,2.0,,,0.0,-50.0,0.0,0.0,1.0,40.0,1.0,40.0,1.0,40.0,1.0,37.0,0.0,-38.0,,,0.0,-8.0,1.0,8.0
Male_Insanity Go Cucko,Male,Insanity Go Cucko,-4.0,4.0,1.0,1.0,-4.0,4.0,1.0,1.0,-4.0,4.0,1.0,1.0,-3.0,3.0,2.0,2.0,-1.0,1.0,1.0,1.0,,,,,0.0,0.0,0.0,0.0,-23.0,23.0,17.0,17.0,-30.0,30.0,18.0,18.0,-30.0,30.0,18.0,18.0,0.29549879281320307,43.62404974821572,0.7390658361679049,6.214219784834118,0.10902344305419696,15.6228002896123,0.16011910375980837,-0.03486083378301603,0.2570093457943925,0.33720198022985015,46.81472638388661,0.7891911036289865,5.558467647913739,0.10295443344756822,16.54291656419715,0.14868828415308358,-0.026100587064974777,0.21962616822429906,1.0,26.0,1.0,26.0,1.0,26.0,1.0,27.0,1.0,29.0,,,1.0,30.0,1.0,7.0,1.0,17.0,1.0,17.0,1.0,17.0,1.0,16.0,1.0,17.0,,,1.0,18.0,1.0,1.0
Male_Insanity Going Crazy,Male,Insanity Going Crazy,-10.0,10.0,5.0,5.0,-10.0,10.0,5.0,5.0,-10.0,10.0,5.0,5.0,-5.0,5.0,4.0,4.0,-12.0,12.0,13.0,13.0,,,,,-29.0,29.0,9.0,9.0,-36.0,36.0,39.0,39.0,-37.0,37.0,39.0,39.0,-37.0,37.0,39.0,39.0,0.25000653144355134,38.68562943021828,0.6559821385368009,5.660001670332434,0.11036172797376255,14.866823031641463,0.1552446741118746,-0.040458409585685376,0.3130841121495327,0.25483852513482635,39.297969755725326,0.6659877896308899,5.933512590181466,0.10855621590374787,14.839664682891618,0.15149607143874438,-0.037200399648363344,0.3598130841121495,1.0,27.0,1.0,27.0,1.0,27.0,1.0,32.0,1.0,25.0,,,1.0,8.0,1.0,1.0,1.0,34.0,1.0,34.0,1.0,34.0,1.0,35.0,1.0,26.0,,,1.0,30.0,0.0,0.0
Male_Insanity Hostile,Male,Insanity Hostile,-7.0,7.0,3.0,3.0,-7.0,7.0,3.0,3.0,-7.0,7.0,3.0,3.0,-6.0,6.0,4.0,4.0,-6.0,6.0,22.0,22.0,,,,,-89.0,89.0,20.0,20.0,-25.0,25.0,34.0,34.0,-26.0,26.0,38.0,38.0,-26.0,26.0,38.0,38.0,0.2269614065918967,37.55673378650273,0.6401888415495925,5.286242078380468,0.10281860810827534,15.914579731335206,0.1469036102435499,-0.014429853898342525,0.2383177570093458,0.23583574272761834,38.557752725119904,0.6566030866353312,5.550664946819856,0.10459588680451161,16.118511591973256,0.15196934728971068,-0.015367293051470107,0.3691588785046729,1.0,19.0,1.0,19.0,1.0,19.0,1.0,20.0,1.0,20.0,,,0.0,-63.0,1.0,1.0,1.0,35.0,1.0,35.0,1.0,35.0,1.0,34.0,1.0,16.0,,,1.0,18.0,1.0,4.0
Male_Insanity Lunatic,Male,Insanity Lunatic,-6.0,6.0,1.0,1.0,-6.0,6.0,1.0,1.0,-6.0,6.0,1.0,1.0,-6.0,6.0,3.0,3.0,-66.0,66.0,79.0,79.0,,,,,-78.0,78.0,88.0,88.0,-6.0,6.0,36.0,36.0,-9.0,9.0,41.0,41.0,-9.0,9.0,41.0,41.0,0.30145561277309313,43.86228798610968,0.7420763259749071,4.897415967118517,0.0997937890999722,16.599554850331675,0.14376621159180156,-0.03221879983059714,0.08411214953271028,0.2902872554052656,43.21436058154556,0.7320283954819311,4.972634370830432,0.10166644270174971,16.854718419095036,0.14742551680724575,-0.022913762759939532,0.35514018691588783,1.0,3.0,1.0,3.0,1.0,3.0,1.0,3.0,0.0,-57.0,,,0.0,-69.0,1.0,3.0,1.0,40.0,1.0,40.0,1.0,40.0,1.0,38.0,0.0,-38.0,,,0.0,-47.0,1.0,5.0
Male_Joy 01,Male,Joy,-5.0,5.0,6.0,6.0,-5.0,5.0,6.0,6.0,-5.0,5.0,6.0,6.0,-6.0,6.0,6.0,6.0,,,55.0,55.0,,,,,-18.0,18.0,66.0,66.0,-11.0,11.0,10.0,10.0,-12.0,12.0,12.0,12.0,-12.0,12.0,12.0,12.0,0.3025733143369728,44.11688670042519,0.7467620353971687,5.007876524875794,0.09763787637622852,16.677984487766164,0.13912381446164734,-0.02939711733956203,0.10747663551401869,0.35276236963049273,47.677371109757466,0.8024231197886935,4.918084648655396,0.10076062193262243,16.50434059695824,0.14509585222123927,-0.028211333902082712,0.10747663551401869,1.0,7.0,1.0,7.0,1.0,7.0,1.0,6.0,,,,,0.0,-6.0,1.0,1.0,1.0,6.0,1.0,6.0,1.0,6.0,1.0,6.0,0.0,-43.0,,,0.0,-54.0,1.0,2.0
Male_Joy 02,Male,Joy,-4.0,4.0,6.0,6.0,-4.0,4.0,6.0,6.0,-4.0,4.0,6.0,6.0,-5.0,5.0,5.0,5.0,-23.0,23.0,56.0,56.0,,,,,-36.0,36.0,18.0,18.0,-21.0,21.0,20.0,20.0,-32.0,32.0,21.0,21.0,-32.0,32.0,21.0,21.0,0.2763079081740335,41.94403090432426,0.7115807006849306,5.336149770383523,0.10555502603638847,15.68273164424604,0.1518411396668767,-0.014303402087398779,0.2850467289719626,0.3201715918344872,45.18103984137562,0.762644968857275,5.188664175378524,0.10547093458682577,16.310577663722093,0.15579134401566577,-0.008844441203313453,0.5,1.0,28.0,1.0,28.0,1.0,28.0,1.0,27.0,1.0,9.0,,,0.0,-4.0,1.0,11.0,1.0,15.0,1.0,15.0,1.0,15.0,1.0,16.0,0.0,-35.0,,,1.0,3.0,1.0,1.0
Male_Joy 03,Male,Joy,-10.0,10.0,10.0,10.0,-10.0,10.0,10.0,10.0,-10.0,10.0,10.0,10.0,-7.0,7.0,7.0,7.0,-100.0,100.0,55.0,55.0,,,,,-74.0,74.0,54.0,54.0,-86.0,86.0,46.0,46.0,-86.0,86.0,48.0,48.0,-86.0,86.0,48.0,48.0,0.28869260917200107,42.471769860971754,0.7191098291670608,4.634746857213779,0.09968012636351697,17.674739102918405,0.14476883906941368,0.000864220835338129,0.7990654205607477,0.34923202467856007,46.91981094128618,0.7888839973537164,4.703785182629651,0.09723427319011399,17.785634167157536,0.14401730322191175,-0.00799566005991998,0.5560747663551402,1.0,76.0,1.0,76.0,1.0,76.0,1.0,79.0,0.0,-14.0,,,1.0,12.0,0.0,0.0,1.0,38.0,1.0,38.0,1.0,38.0,1.0,41.0,0.0,-7.0,,,0.0,-6.0,1.0,2.0
Male_Joy 04,Male,Joy,-7.0,7.0,9.0,9.0,-7.0,7.0,9.0,9.0,-7.0,7.0,9.0,9.0,-6.0,6.0,6.0,6.0,-33.0,33.0,87.0,87.0,,,,,-35.0,35.0,20.0,20.0,-12.0,12.0,14.0,14.0,-13.0,13.0,14.0,14.0,-13.0,13.0,14.0,14.0,0.2909475381129256,43.0563058764021,0.7295329875060331,4.998439578322049,0.0979696864367656,16.772934397528076,0.1401449977508131,-0.023867854726648777,0.11682242990654206,0.32583459348322075,45.43261532248738,0.7663999231897782,4.998735707375073,0.10025521089261938,17.178146694924877,0.1483049435576178,-0.02151397539076404,0.1261682242990654,1.0,6.0,1.0,6.0,1.0,6.0,1.0,7.0,0.0,-20.0,,,0.0,-22.0,1.0,1.0,1.0,5.0,1.0,5.0,1.0,5.0,1.0,8.0,0.0,-73.0,,,0.0,-6.0,0.0,0.0
Male_Joy 05,Male,Joy,-8.0,8.0,10.0,10.0,-8.0,8.0,10.0,10.0,-8.0,8.0,10.0,10.0,-6.0,6.0,7.0,7.0,-21.0,21.0,38.0,38.0,,,,,-82.0,82.0,56.0,56.0,-21.0,21.0,14.0,14.0,-31.0,31.0,15.0,15.0,-31.0,31.0,15.0,15.0,0.23792159752310993,38.290944598545536,0.6515911818943291,5.063805140589721,0.10205943415046863,16.637667322562933,0.14709874453409663,-0.010100492946455411,0.37850467289719625,0.3097114961281001,44.057313377612104,0.7441807795559692,4.9340746251814,0.09910400340629515,17.001842118846902,0.14446573774769622,-0.016902355668700745,0.11682242990654206,1.0,23.0,1.0,23.0,1.0,23.0,1.0,25.0,1.0,10.0,,,0.0,-51.0,1.0,10.0,1.0,5.0,1.0,5.0,1.0,5.0,1.0,8.0,0.0,-23.0,,,0.0,-41.0,1.0,1.0
Male_Judgemental 01,Male,Judgemental,-9.0,9.0,10.0,10.0,-9.0,9.0,10.0,10.0,-9.0,9.0,10.0,10.0,-6.0,6.0,6.0,6.0,-72.0,72.0,36.0,36.0,,,,,-79.0,79.0,56.0,56.0,-11.0,11.0,17.0,17.0,-11.0,11.0,20.0,20.0,-11.0,11.0,20.0,20.0,0.2976576284827473,42.94917842383697,0.7256544894564931,4.8567980742865355,0.10197062576013916,16.554712507144355,0.14929737154183523,-0.055103826327858686,0.09813084112149532,0.35988850515579507,47.60418861380247,0.7989091848797887,5.197424686609585,0.10217242980393294,16.457510103934144,0.14992310707720946,-0.06043657186989472,0.19158878504672897,1.0,2.0,1.0,2.0,1.0,2.0,1.0,5.0,0.0,-61.0,,,0.0,-68.0,0.0,0.0,1.0,10.0,1.0,10.0,1.0,10.0,1.0,14.0,0.0,-16.0,,,0.0,-36.0,1.0,3.0
Male_Judgemental 02,Male,Judgemental,-7.0,7.0,7.0,7.0,-7.0,7.0,7.0,7.0,-7.0,7.0,7.0,7.0,-7.0,7.0,7.0,7.0,-97.0,97.0,36.0,36.0,,,,,-99.0,99.0,36.0,36.0,-16.0,16.0,5.0,5.0,-18.0,18.0,7.0,7.0,-18.0,18.0,7.0,7.0,0.3211312388705316,45.24199299723188,0.7636695004922892,4.540176363905596,0.09762103778292548,17.04057178444226,0.13586828305895599,-0.05003737205656889,0.16355140186915887,0.35521090782691384,47.48039448149851,0.797694450609162,4.889719330139946,0.09745042833769432,17.797675738675593,0.14528277034888853,-0.045155811254109175,0.06074766355140187,1.0,11.0,1.0,11.0,1.0,11.0,1.0,11.0,0.0,-79.0,,,0.0,-81.0,1.0,2.0,0.0,0.0,0.0,0.0,0.0,0.0,0.0,0.0,0.0,-29.0,,,0.0,-29.0,1.0,2.0
Male_Judgemental 03,Male,Judgemental,-7.0,7.0,8.0,8.0,-7.0,7.0,8.0,8.0,-7.0,7.0,8.0,8.0,-7.0,7.0,7.0,7.0,-89.0,89.0,57.0,57.0,,,,,-99.0,99.0,42.0,42.0,-16.0,16.0,19.0,19.0,-16.0,16.0,20.0,20.0,-16.0,16.0,20.0,20.0,0.31401051316305856,44.75519614130537,0.7562232947098875,4.682205507688433,0.09802282981152804,16.83235064339242,0.13762090636311836,-0.05094316615679554,0.14485981308411214,0.33404754311124857,45.76857549007808,0.7704484052607946,4.983775341674407,0.10021252881422221,17.499942570917778,0.15137232270724368,-0.03639212626720143,0.21962616822429906,1.0,9.0,1.0,9.0,1.0,9.0,1.0,9.0,0.0,-73.0,,,0.0,-83.0,0.0,0.0,1.0,12.0,1.0,12.0,1.0,12.0,1.0,13.0,0.0,-37.0,,,0.0,-22.0,1.0,1.0
Male_Judgemental 04,Male,Judgemental,-6.0,6.0,7.0,7.0,-6.0,6.0,7.0,7.0,-6.0,6.0,7.0,7.0,-6.0,6.0,7.0,7.0,-96.0,96.0,101.0,101.0,,,,,-100.0,100.0,91.0,91.0,-9.0,9.0,14.0,14.0,-10.0,10.0,17.0,17.0,-10.0,10.0,17.0,17.0,0.34172506950726017,46.8195059299469,0.7885023901743866,4.928858457098358,0.09858172599507391,17.002278237493435,0.14346928497389802,-0.04778226652992106,0.08878504672897196,0.3791038505384855,49.310419817951235,0.8266409851401766,4.650287626206736,0.09495002729383027,17.352627934149737,0.13737801817368786,-0.044371502282463504,0.1542056074766355,1.0,4.0,1.0,4.0,1.0,4.0,1.0,4.0,0.0,-86.0,,,0.0,-90.0,1.0,1.0,1.0,10.0,1.0,10.0,1.0,10.0,1.0,10.0,0.0,-84.0,,,0.0,-74.0,1.0,3.0
Male_Judgemental 05,Male,Judgemental,-8.0,8.0,10.0,10.0,-8.0,8.0,10.0,10.0,-8.0,8.0,10.0,10.0,-5.0,5.0,5.0,5.0,-10.0,10.0,20.0,20.0,,,,,-10.0,10.0,30.0,30.0,-8.0,8.0,27.0,27.0,-16.0,16.0,27.0,27.0,-16.0,16.0,27.0,27.0,0.30979953023874873,44.14129217985634,0.745270546142743,5.438905991927207,0.10685799667998305,15.538470089616656,0.15265169704578957,-0.051274618673547406,0.11682242990654206,0.36129448124181446,47.93420593315196,0.8049358616226188,5.582731489997323,0.10622246657437254,16.149097279513708,0.15789537743296264,-0.05279675683128499,0.2757009345794392,1.0,8.0,1.0,8.0,1.0,8.0,1.0,11.0,1.0,6.0,,,1.0,6.0,1.0,8.0,1.0,17.0,1.0,17.0,1.0,17.0,1.0,22.0,1.0,7.0,,,0.0,-3.0,0.0,0.0
Male_Nervous,Male,Nervous,-6.0,6.0,8.0,8.0,-6.0,6.0,8.0,8.0,-6.0,6.0,8.0,8.0,-6.0,6.0,7.0,7.0,-89.0,89.0,52.0,52.0,,,,,-90.0,90.0,51.0,51.0,-13.0,13.0,12.0,12.0,-15.0,15.0,12.0,12.0,-15.0,15.0,12.0,12.0,0.3019617244461987,44.047419817648205,0.7455527365346936,4.796023130382054,0.09596510417759418,16.85385454991312,0.13632202299557766,-0.03740918441353557,0.13551401869158877,0.3421293455306615,46.83929851344813,0.78925734427627,5.0074655410146045,0.0987358460916537,17.226313345167664,0.1458335268961371,-0.03169633322787062,0.10747663551401869,1.0,9.0,1.0,9.0,1.0,9.0,1.0,9.0,0.0,-74.0,,,0.0,-75.0,1.0,2.0,1.0,4.0,1.0,4.0,1.0,4.0,1.0,5.0,0.0,-40.0,,,0.0,-39.0,0.0,0.0
Male_Pain 01,Male,Pain,-7.0,7.0,6.0,6.0,-7.0,7.0,6.0,6.0,-7.0,7.0,6.0,6.0,-5.0,5.0,6.0,6.0,-50.0,50.0,19.0,19.0,,,,,-51.0,51.0,18.0,18.0,-16.0,16.0,22.0,22.0,-16.0,16.0,22.0,22.0,-16.0,16.0,22.0,22.0,0.30982718790803,44.30890274939136,0.7484642836117299,5.254144645391781,0.10323551701346659,15.8720875777709,0.14786714248640356,-0.04624280667750635,0.16355140186915887,0.34607992940974014,47.01586524348393,0.7914124451508032,5.548923228893464,0.10761052042802918,15.413098017599037,0.15586450319948061,-0.047511777309613805,0.20093457943925233,1.0,9.0,1.0,9.0,1.0,9.0,1.0,11.0,0.0,-34.0,,,0.0,-35.0,0.0,0.0,1.0,16.0,1.0,16.0,1.0,16.0,1.0,16.0,1.0,3.0,,,1.0,4.0,0.0,0.0
Male_Pain 02,Male,Pain,-2.0,2.0,3.0,3.0,-2.0,2.0,3.0,3.0,-2.0,2.0,3.0,3.0,-4.0,4.0,4.0,4.0,-5.0,5.0,41.0,41.0,,,,,-34.0,34.0,0.0,0.0,-45.0,45.0,29.0,29.0,-45.0,45.0,43.0,43.0,-45.0,45.0,43.0,43.0,0.30856623605032946,44.71680691086243,0.7564797994568593,5.389934105781194,0.10451289512357621,16.074356611998592,0.1502530996529561,-0.008983497029152986,0.49065420560747663,0.34600112148534473,47.265947867776745,0.7960036624554786,5.699562958676681,0.10785815279896015,15.350905277449996,0.15421218832708755,-0.013003837839465276,0.37850467289719625,1.0,43.0,1.0,43.0,1.0,43.0,1.0,41.0,1.0,40.0,,,1.0,11.0,0.0,0.0,1.0,40.0,1.0,40.0,1.0,40.0,1.0,39.0,1.0,2.0,,,1.0,43.0,1.0,14.0
Male_Pain 03,Male,Pain,-7.0,7.0,7.0,7.0,-7.0,7.0,7.0,7.0,-7.0,7.0,7.0,7.0,-6.0,6.0,6.0,6.0,-48.0,48.0,37.0,37.0,,,,,-62.0,62.0,63.0,63.0,-12.0,12.0,13.0,13.0,-14.0,14.0,13.0,13.0,-14.0,14.0,13.0,13.0,0.32218000933388685,45.2595074711559,0.7636743689948153,5.115994747136241,0.10244416528082681,16.21967622425122,0.14775071908139958,-0.07095489323696244,0.1261682242990654,0.3725302032778196,48.829053357382804,0.8191475127344934,5.07678958301859,0.1018933900153247,16.368896571789634,0.148759242112063,-0.07252454660206198,0.11682242990654206,1.0,7.0,1.0,7.0,1.0,7.0,1.0,8.0,0.0,-34.0,,,0.0,-48.0,1.0,2.0,1.0,6.0,1.0,6.0,1.0,6.0,1.0,7.0,0.0,-24.0,,,0.0,-50.0,0.0,0.0
Male_Pain 04,Male,Pain,-7.0,7.0,7.0,7.0,-7.0,7.0,7.0,7.0,-7.0,7.0,7.0,7.0,-4.0,4.0,5.0,5.0,0.0,0.0,9.0,9.0,,,,,-12.0,12.0,9.0,9.0,-40.0,40.0,32.0,32.0,-40.0,40.0,33.0,33.0,-40.0,40.0,33.0,33.0,0.26651503744526445,40.68359737752754,0.689929074007217,5.456552217462074,0.1063128273652972,15.910073526434736,0.15366999734685105,-0.03919410956240146,0.3691588785046729,0.3138670754209857,44.45404262631853,0.7503794785414901,5.555470248562432,0.10593284948546196,15.497064394308381,0.1528962233437682,-0.03946837657522932,0.29439252336448596,1.0,33.0,1.0,33.0,1.0,33.0,1.0,36.0,1.0,40.0,,,1.0,28.0,0.0,0.0,1.0,26.0,1.0,26.0,1.0,26.0,1.0,28.0,1.0,24.0,,,1.0,24.0,1.0,1.0
Male_Pain 05,Male,Pain,-7.0,7.0,10.0,10.0,-7.0,7.0,10.0,10.0,-7.0,7.0,10.0,10.0,-7.0,7.0,7.0,7.0,-39.0,39.0,56.0,56.0,,,,,-89.0,89.0,16.0,16.0,-20.0,20.0,20.0,20.0,-20.0,20.0,20.0,20.0,-20.0,20.0,20.0,20.0,0.31075810327708164,44.51255875881587,0.7525223748427685,4.742378646229333,0.0955193159785473,16.938101934125754,0.13338325134004062,-0.0118562891104511,0.3037383177570093,0.3272882401943207,45.49299979878363,0.7673464298387555,5.141083411576453,0.10420682615487376,16.97864459730006,0.15728630051719691,-0.0065067516309078605,0.4439252336448598,1.0,13.0,1.0,13.0,1.0,13.0,1.0,13.0,0.0,-19.0,,,0.0,-69.0,0.0,0.0,1.0,10.0,1.0,10.0,1.0,10.0,1.0,13.0,0.0,-36.0,,,1.0,4.0,0.0,0.0
Male_Pain Illness,Male,Pain Illness,-7.0,7.0,1.0,1.0,-7.0,7.0,1.0,1.0,-7.0,7.0,1.0,1.0,-7.0,7.0,4.0,4.0,-99.0,99.0,38.0,38.0,,,,,-58.0,58.0,38.0,38.0,-19.0,19.0,45.0,45.0,-19.0,19.0,45.0,45.0,-19.0,19.0,45.0,45.0,0.31152174322404597,44.4905606497114,0.7519358681323373,4.943547583420143,0.10082609389188155,16.87931026376909,0.146966676315609,-0.032575650053603626,0.2757009345794392,0.29294219780191083,43.33216002277125,0.7339225311145604,5.141589374237946,0.10295310936798559,16.85599577218847,0.15192796100141867,-0.018277581467806735,0.4158878504672897,1.0,12.0,1.0,12.0,1.0,12.0,1.0,12.0,0.0,-80.0,,,0.0,-39.0,0.0,0.0,1.0,44.0,1.0,44.0,1.0,44.0,1.0,41.0,1.0,7.0,,,1.0,7.0,0.0,0.0
Male_Playful 01,Male,Playful,-8.0,8.0,7.0,7.0,-8.0,8.0,7.0,7.0,-8.0,8.0,7.0,7.0,-6.0,6.0,7.0,7.0,-35.0,35.0,56.0,56.0,,,,,-98.0,98.0,53.0,53.0,-9.0,9.0,10.0,10.0,-11.0,11.0,10.0,10.0,-11.0,11.0,10.0,10.0,0.3202146327941217,45.15909904408678,0.7624674849560328,4.808675785296571,0.09754193792084478,17.141493066203566,0.13963624297307348,-0.03475363914654634,0.09813084112149532,0.3391855768511228,46.60623250497836,0.7852694366440595,5.0393313472550885,0.10330576327777355,16.540389385508117,0.1518500721046947,-0.030286021182470233,0.08878504672897196,1.0,3.0,1.0,3.0,1.0,3.0,1.0,5.0,0.0,-24.0,,,0.0,-87.0,1.0,2.0,1.0,3.0,1.0,3.0,1.0,3.0,1.0,3.0,0.0,-46.0,,,0.0,-43.0,0.0,0.0
Male_Playful 02,Male,Playful,-6.0,6.0,6.0,6.0,-6.0,6.0,6.0,6.0,-6.0,6.0,6.0,6.0,-6.0,6.0,6.0,6.0,-37.0,37.0,25.0,25.0,,,,,-78.0,78.0,24.0,24.0,-15.0,15.0,23.0,23.0,-15.0,15.0,30.0,30.0,-15.0,15.0,30.0,30.0,0.3411883274528468,46.907338902214974,0.7903681211521693,4.808703668432955,0.09823883352976925,16.929434663597508,0.14151850493870816,-0.03674819536298235,0.13551401869158877,0.36601565792181784,48.523902670245306,0.8149969103598149,4.84684012038198,0.09574433363904462,17.694961540288435,0.1405950216400736,-0.02027376789912999,0.24766355140186916,1.0,9.0,1.0,9.0,1.0,9.0,1.0,9.0,0.0,-22.0,,,0.0,-63.0,0.0,0.0,1.0,24.0,1.0,24.0,1.0,24.0,1.0,24.0,1.0,5.0,,,1.0,6.0,1.0,7.0
Male_Playful 03,Male,Playful,-6.0,6.0,6.0,6.0,-6.0,6.0,6.0,6.0,-6.0,6.0,6.0,6.0,-6.0,6.0,6.0,6.0,-37.0,37.0,37.0,37.0,,,,,-98.0,98.0,36.0,36.0,-11.0,11.0,10.0,10.0,-11.0,11.0,13.0,13.0,-11.0,11.0,13.0,13.0,0.3164369394288999,44.98670045460496,0.75996704935749,4.863668122424562,0.09847881279464038,16.967480067473126,0.14154401379373838,-0.03148961345726085,0.09813084112149532,0.3458619112166289,46.99123298564804,0.7909526542595057,5.110189906190906,0.10403587651726241,16.03933859580594,0.1482571243958653,-0.02561891454959584,0.11682242990654206,1.0,5.0,1.0,5.0,1.0,5.0,1.0,5.0,0.0,-26.0,,,0.0,-87.0,0.0,0.0,1.0,7.0,1.0,7.0,1.0,7.0,1.0,7.0,0.0,-24.0,,,0.0,-23.0,1.0,3.0
Male_Playful 04,Male,Playful,-5.0,5.0,6.0,6.0,-5.0,5.0,6.0,6.0,-5.0,5.0,6.0,6.0,-6.0,6.0,6.0,6.0,-37.0,37.0,57.0,57.0,,,,,-38.0,38.0,55.0,55.0,-12.0,12.0,12.0,12.0,-13.0,13.0,13.0,13.0,-13.0,13.0,13.0,13.0,0.33427514734669267,46.38063189248058,0.781977415920418,4.967572539452916,0.10057818309737826,16.35971519193998,0.14361790226737284,-0.05013214734113105,0.11682242990654206,0.3693446795517039,48.90401716098607,0.8213911486145492,5.2360628851315125,0.10538506379055086,15.958742058398226,0.15450095810558437,-0.045525313120022,0.11682242990654206,1.0,8.0,1.0,8.0,1.0,8.0,1.0,7.0,0.0,-24.0,,,0.0,-25.0,1.0,1.0,1.0,7.0,1.0,7.0,1.0,7.0,1.0,7.0,0.0,-44.0,,,0.0,-42.0,1.0,1.0
Male_Playful 05,Male,Playful,-6.0,6.0,7.0,7.0,-6.0,6.0,7.0,7.0,-6.0,6.0,7.0,7.0,-5.0,5.0,7.0,7.0,-37.0,37.0,101.0,101.0,,,,,-37.0,37.0,77.0,77.0,-10.0,10.0,7.0,7.0,-11.0,11.0,9.0,9.0,-11.0,11.0,9.0,9.0,0.3049258444910852,44.1325053723059,0.7465077986087755,4.858939378061027,0.09697993911521614,17.17772746881622,0.1393148209196779,-0.03264234110573742,0.09813084112149532,0.3465147397228491,47.04080433489006,0.7917255279477512,4.903141780155841,0.09931030002570598,16.589808703960863,0.14110197495879992,-0.03406846690400739,0.07009345794392523,1.0,5.0,1.0,5.0,1.0,5.0,1.0,6.0,0.0,-26.0,,,0.0,-26.0,1.0,1.0,1.0,2.0,1.0,2.0,1.0,2.0,1.0,2.0,0.0,-92.0,,,0.0,-68.0,1.0,2.0
Male_Pleasure Oo So Funny,Male,Pleasure Oo So Funny,-6.0,6.0,1.0,1.0,-6.0,6.0,1.0,1.0,-6.0,6.0,1.0,1.0,-6.0,6.0,3.0,3.0,-65.0,65.0,92.0,92.0,,,,,,,72.0,72.0,-5.0,5.0,10.0,10.0,-18.0,18.0,14.0,14.0,-18.0,18.0,14.0,14.0,0.3047197973616769,44.16390016145795,0.7470790855154189,4.899631265759747,0.09643882098344136,16.356068122432323,0.13557410936029451,-0.029227230036370108,0.14018691588785046,0.300791257452742,44.13507346572163,0.7470591356458441,4.890611795464826,0.09711433188101956,17.345716729868712,0.14042006341635055,-0.02953861444909996,0.12149532710280374,1.0,12.0,1.0,12.0,1.0,12.0,1.0,12.0,0.0,-47.0,,,,,1.0,13.0,1.0,13.0,1.0,13.0,1.0,13.0,1.0,11.0,0.0,-78.0,,,0.0,-58.0,1.0,4.0
Male_Romantic 01,Male,Romantic,-9.0,9.0,9.0,9.0,-9.0,9.0,9.0,9.0,-9.0,9.0,9.0,9.0,-7.0,7.0,7.0,7.0,-55.0,55.0,39.0,39.0,,,,,-49.0,49.0,41.0,41.0,-12.0,12.0,13.0,13.0,-13.0,13.0,14.0,14.0,-13.0,13.0,14.0,14.0,0.2999806872038084,43.23275125806577,0.730816656636579,4.559732827105534,0.09536631210302969,17.712714131462235,0.13853191454314961,-0.02888383918276457,0.11682242990654206,0.34468493673288936,46.45906265428133,0.78108512519676,4.654014386619641,0.09422459479456192,18.433182636310047,0.1388534026677316,-0.03414996567173539,0.1261682242990654,1.0,4.0,1.0,4.0,1.0,4.0,1.0,6.0,0.0,-42.0,,,0.0,-36.0,1.0,1.0,1.0,5.0,1.0,5.0,1.0,5.0,1.0,7.0,0.0,-25.0,,,0.0,-27.0,1.0,1.0
Male_Romantic 02,Male,Romantic,-6.0,6.0,7.0,7.0,-6.0,6.0,7.0,7.0,-6.0,6.0,7.0,7.0,-7.0,7.0,7.0,7.0,-79.0,79.0,99.0,99.0,,,,,-37.0,37.0,89.0,89.0,-6.0,6.0,5.0,5.0,-8.0,8.0,6.0,6.0,-8.0,8.0,6.0,6.0,0.3356192351501679,46.36456526774112,0.7814768188652932,4.641353080327684,0.09614254340951173,17.324431077167592,0.13719161554186973,-0.0637043682492782,0.07009345794392523,0.3806497039638947,49.46231514939638,0.8292177735621468,4.693244223874585,0.09551135997209594,17.447731634210562,0.1392744121335025,-0.05843800738036076,0.0514018691588785,1.0,2.0,1.0,2.0,1.0,2.0,1.0,1.0,0.0,-71.0,,,0.0,-29.0,1.0,2.0,0.0,-1.0,0.0,-1.0,0.0,-1.0,0.0,-1.0,0.0,-93.0,,,0.0,-83.0,1.0,1.0
Male_Romantic 03,Male,Romantic,-7.0,7.0,7.0,7.0,-7.0,7.0,7.0,7.0,-7.0,7.0,7.0,7.0,-7.0,7.0,7.0,7.0,-79.0,79.0,11.0,11.0,,,,,-89.0,89.0,55.0,55.0,-6.0,6.0,9.0,9.0,-8.0,8.0,9.0,9.0,-8.0,8.0,9.0,9.0,0.347652765635018,47.22497944965541,0.7948673056247079,4.597442348879353,0.09637254230537505,17.374134191123463,0.13420292004099432,-0.0542791399443261,0.06074766355140187,0.37877182453592245,49.243586442180884,0.8254452529145735,4.68511992315196,0.09537457678223325,17.669161883490062,0.13870782341878368,-0.04707485869109074,0.0794392523364486,1.0,1.0,1.0,1.0,1.0,1.0,1.0,1.0,0.0,-71.0,,,0.0,-81.0,1.0,2.0,1.0,2.0,1.0,2.0,1.0,2.0,1.0,2.0,0.0,-2.0,,,0.0,-46.0,0.0,0.0
Male_Romantic 04,Male,Romantic,-6.0,6.0,7.0,7.0,-6.0,6.0,7.0,7.0,-6.0,6.0,7.0,7.0,-6.0,6.0,7.0,7.0,-57.0,57.0,64.0,64.0,,,,,-100.0,100.0,55.0,55.0,-12.0,12.0,7.0,7.0,-13.0,13.0,10.0,10.0,-13.0,13.0,10.0,10.0,0.3282965864533576,45.87740117367183,0.7739913817321029,4.635530443130949,0.0949070145428743,17.403567758011604,0.1349983019227127,-0.034842287407857234,0.11682242990654206,0.3582628787120926,47.92899966908392,0.8056508841637139,4.93645600003199,0.0971545791166408,17.290717015698164,0.1423913304395271,-0.03160371220557489,0.08878504672897196,1.0,7.0,1.0,7.0,1.0,7.0,1.0,7.0,0.0,-44.0,,,0.0,-87.0,1.0,1.0,1.0,3.0,1.0,3.0,1.0,3.0,1.0,3.0,0.0,-54.0,,,0.0,-45.0,1.0,3.0
Male_Romantic 05,Male,Romantic,-6.0,6.0,7.0,7.0,-6.0,6.0,7.0,7.0,-6.0,6.0,7.0,7.0,-7.0,7.0,7.0,7.0,-57.0,57.0,69.0,69.0,,,,,-89.0,89.0,41.0,41.0,-9.0,9.0,8.0,8.0,-12.0,12.0,10.0,10.0,-12.0,12.0,10.0,10.0,0.3537875692421031,47.65517391445481,0.8014945915995915,4.5271611146141435,0.09215600839552451,17.672550071433655,0.13157322064463822,-0.06665044312722215,0.10747663551401869,0.3891393868165596,49.99729654722125,0.8371230108646032,4.761210109272572,0.09796927035481573,17.113669042413143,0.14219000977727603,-0.0701060609839787,0.08878504672897196,1.0,6.0,1.0,6.0,1.0,6.0,1.0,5.0,0.0,-45.0,,,0.0,-77.0,1.0,3.0,1.0,3.0,1.0,3.0,1.0,3.0,1.0,3.0,0.0,-59.0,,,0.0,-31.0,1.0,2.0
Male_S Wink 02,Male,S Wink,-10.0,10.0,10.0,10.0,-10.0,10.0,10.0,10.0,-10.0,10.0,10.0,10.0,-6.0,6.0,5.0,5.0,-14.0,14.0,21.0,21.0,,,,,-15.0,15.0,42.0,42.0,-54.0,54.0,31.0,31.0,-57.0,57.0,31.0,31.0,-57.0,57.0,31.0,31.0,0.24898627261135065,38.78116738684824,0.6582694257670474,5.152054040753674,0.10117899225849025,16.89623034695328,0.14889583061888534,-0.01628313499076344,0.5280373831775701,0.3335560342975866,45.761794192768704,0.7703888129408114,5.516129475609165,0.10582168027758598,16.04268857737526,0.15645584759284864,-0.03265621102301874,0.46261682242990654,1.0,47.0,1.0,47.0,1.0,47.0,1.0,51.0,1.0,43.0,,,1.0,42.0,1.0,3.0,1.0,21.0,1.0,21.0,1.0,21.0,1.0,26.0,1.0,10.0,,,0.0,-11.0,0.0,0.0
Male_Sad 01,Male,Sad,-7.0,7.0,7.0,7.0,-7.0,7.0,7.0,7.0,-7.0,7.0,7.0,7.0,-7.0,7.0,7.0,7.0,-89.0,89.0,90.0,90.0,,,,,-89.0,89.0,,,-12.0,12.0,9.0,9.0,-18.0,18.0,11.0,11.0,-18.0,18.0,11.0,11.0,0.3419242038905064,46.78574964042022,0.7878919262613091,4.417376759992999,0.09449000906128928,17.457143781453706,0.13301990328813498,-0.05564858395362569,0.16355140186915887,0.37841565586696163,49.20848635869606,0.8248893880746632,4.5978139599210746,0.09218722449563374,17.47345142613304,0.13070450568536543,-0.05146428385627604,0.09813084112149532,1.0,11.0,1.0,11.0,1.0,11.0,1.0,11.0,0.0,-71.0,,,0.0,-71.0,1.0,6.0,1.0,4.0,1.0,4.0,1.0,4.0,1.0,4.0,0.0,-79.0,,,,,1.0,2.0
Male_Sad 02,Male,Sad,-7.0,7.0,7.0,7.0,-7.0,7.0,7.0,7.0,-7.0,7.0,7.0,7.0,-6.0,6.0,7.0,7.0,-88.0,88.0,90.0,90.0,,,,,-89.0,89.0,,,-12.0,12.0,6.0,6.0,-18.0,18.0,8.0,8.0,-18.0,18.0,8.0,8.0,0.3380251320723061,46.519548935310866,0.7837252570229156,4.6242203493123855,0.09840161402551632,16.928162827951464,0.13883244882355322,-0.05272786625634844,0.16355140186915887,0.3743441968320686,48.948767154016224,0.8210007663572503,4.747167996766272,0.09287924810408432,17.839442329986365,0.13418204432247943,-0.05018063182028654,0.07009345794392523,1.0,11.0,1.0,11.0,1.0,11.0,1.0,12.0,0.0,-70.0,,,0.0,-71.0,1.0,6.0,1.0,1.0,1.0,1.0,1.0,1.0,1.0,1.0,0.0,-82.0,,,,,1.0,2.0
Male_Sad 03,Male,Sad,-8.0,8.0,9.0,9.0,-8.0,8.0,9.0,9.0,-8.0,8.0,9.0,9.0,-7.0,7.0,8.0,8.0,-89.0,89.0,,,,,,,-59.0,59.0,96.0,96.0,-20.0,20.0,39.0,39.0,-33.0,33.0,39.0,39.0,-33.0,33.0,39.0,39.0,0.30891506833450816,44.03278747802409,0.7438106215388789,4.5545141000613985,0.0959177348973616,17.65642664233531,0.1385867851874176,-0.024883262604196495,0.35046728971962615,0.35284018432982617,47.12848421697131,0.79185641016067,4.616663644856242,0.09211445276007474,17.839494787475857,0.13251170477355426,-0.02710812420488518,0.37850467289719625,1.0,25.0,1.0,25.0,1.0,25.0,1.0,26.0,0.0,-56.0,,,0.0,-26.0,1.0,13.0,1.0,30.0,1.0,30.0,1.0,30.0,1.0,31.0,,,,,0.0,-57.0,0.0,0.0
Male_Sad 04,Male,Sad,-7.0,7.0,10.0,10.0,-7.0,7.0,10.0,10.0,-7.0,7.0,10.0,10.0,-6.0,6.0,7.0,7.0,-79.0,79.0,39.0,39.0,,,,,-99.0,99.0,54.0,54.0,-5.0,5.0,11.0,11.0,-7.0,7.0,11.0,11.0,-7.0,7.0,11.0,11.0,0.33878601516518636,46.479177140743936,0.782758639237591,4.61058880138063,0.09854463849849296,17.099775843562753,0.13965373746347878,-0.06159033981439109,0.06074766355140187,0.3644489556829506,48.05849347159127,0.806551178029486,4.696892838768452,0.09416948683629527,18.26119817828279,0.13969386439278442,-0.05477921776125364,0.09813084112149532,0.0,0.0,0.0,0.0,0.0,0.0,1.0,1.0,0.0,-72.0,,,0.0,-92.0,1.0,2.0,1.0,1.0,1.0,1.0,1.0,1.0,1.0,4.0,0.0,-28.0,,,0.0,-43.0,0.0,0.0
Male_Sad 05,Male,Sad,-7.0,7.0,7.0,7.0,-7.0,7.0,7.0,7.0,-7.0,7.0,7.0,7.0,-6.0,6.0,6.0,6.0,-55.0,55.0,52.0,52.0,,,,,-55.0,55.0,55.0,55.0,-6.0,6.0,6.0,6.0,-10.0,10.0,8.0,8.0,-10.0,10.0,8.0,8.0,0.33134224063882206,45.94120154425362,0.7743998696313841,4.734993860700002,0.10065406181339948,17.27785664964584,0.14537476055886386,-0.053638409092047507,0.11682242990654206,0.36158421663480383,47.88749558234883,0.8039453755890098,4.782306163006019,0.09441934355369239,18.066949538195423,0.13781881792787112,-0.050576684213130274,0.07009345794392523,1.0,3.0,1.0,3.0,1.0,3.0,1.0,4.0,0.0,-45.0,,,0.0,-45.0,1.0,4.0,1.0,1.0,1.0,1.0,1.0,1.0,1.0,2.0,0.0,-44.0,,,0.0,-47.0,1.0,2.0
Male_Scream,Male,Scream,-6.0,6.0,6.0,6.0,-6.0,6.0,6.0,6.0,-6.0,6.0,6.0,6.0,-6.0,6.0,5.0,5.0,-10.0,10.0,51.0,51.0,,,,,-23.0,23.0,43.0,43.0,-8.0,8.0,18.0,18.0,-8.0,8.0,20.0,20.0,-8.0,8.0,20.0,20.0,0.2637880645065664,40.10073392190666,0.6793717235744556,5.23650253517118,0.10054703773754947,16.1252592960855,0.14436307760342112,-0.05302719757935711,0.22897196261682243,0.3286364320839677,45.412330912652415,0.7646818415166061,5.357037663947199,0.10307544560354447,15.939658662929341,0.14994745603147544,-0.056709233984768945,0.1822429906542056,1.0,2.0,1.0,2.0,1.0,2.0,1.0,2.0,0.0,-2.0,,,0.0,-15.0,0.0,0.0,1.0,14.0,1.0,14.0,1.0,14.0,1.0,15.0,0.0,-31.0,,,0.0,-23.0,1.0,2.0
Male_Seriousness 01,Male,Seriousness,-6.0,6.0,7.0,7.0,-6.0,6.0,7.0,7.0,-6.0,6.0,7.0,7.0,-6.0,6.0,7.0,7.0,-99.0,99.0,41.0,41.0,,,,,-88.0,88.0,52.0,52.0,-5.0,5.0,4.0,4.0,-7.0,7.0,6.0,6.0,-7.0,7.0,6.0,6.0,0.33089664940522096,46.15465681352348,0.7785572410326138,4.681089403421105,0.09763547637552586,17.37503998501566,0.14271406632549358,-0.05537424981594086,0.06074766355140187,0.3491308143205732,47.08809426566151,0.7920284555685297,4.851501771205357,0.09979261325620045,17.385342968477893,0.14870351798972994,-0.045598231186376556,0.0514018691588785,1.0,1.0,1.0,1.0,1.0,1.0,1.0,1.0,0.0,-92.0,,,0.0,-81.0,1.0,2.0,0.0,-1.0,0.0,-1.0,0.0,-1.0,0.0,-1.0,0.0,-35.0,,,0.0,-46.0,1.0,2.0
Male_Seriousness 02,Male,Seriousness,-5.0,5.0,7.0,7.0,-5.0,5.0,7.0,7.0,-5.0,5.0,7.0,7.0,-6.0,6.0,7.0,7.0,-39.0,39.0,40.0,40.0,,,,,-89.0,89.0,51.0,51.0,-17.0,17.0,2.0,2.0,-17.0,17.0,10.0,10.0,-17.0,17.0,10.0,10.0,0.3196744746136888,45.35502263764354,0.7660545448415748,4.750150231278945,0.09884535162797514,17.17308997875892,0.1433327578992214,-0.049976295399888654,0.1542056074766355,0.342199800448997,46.487601487436024,0.7822178555913618,4.79432011858743,0.0982244858674914,17.587058535188888,0.14746811395546175,-0.0323612354347639,0.0794392523364486,1.0,12.0,1.0,12.0,1.0,12.0,1.0,11.0,0.0,-22.0,,,0.0,-72.0,0.0,0.0,1.0,3.0,1.0,3.0,1.0,3.0,1.0,3.0,0.0,-30.0,,,0.0,-41.0,1.0,8.0
Male_Seriousness 03,Male,Seriousness,-7.0,7.0,7.0,7.0,-7.0,7.0,7.0,7.0,-7.0,7.0,7.0,7.0,-6.0,6.0,6.0,6.0,-77.0,77.0,54.0,54.0,,,,,-78.0,78.0,53.0,53.0,-6.0,6.0,5.0,5.0,-9.0,9.0,7.0,7.0,-9.0,9.0,7.0,7.0,0.32109614983897344,45.24164007311669,0.7636985896485988,4.642252094678093,0.09975357691072068,16.962900755554312,0.14431429390777956,-0.056828608858251126,0.0794392523364486,0.3517775348970823,47.28360237362229,0.7949060771927655,4.6401839784964505,0.09330858652279755,17.937498850184472,0.13520311876990884,-0.048822220101534766,0.06074766355140187,1.0,2.0,1.0,2.0,1.0,2.0,1.0,3.0,0.0,-68.0,,,0.0,-69.0,1.0,3.0,0.0,0.0,0.0,0.0,0.0,0.0,1.0,1.0,0.0,-47.0,,,0.0,-46.0,1.0,2.0
Male_Seriousness 04,Male,Seriousness,-6.0,6.0,7.0,7.0,-6.0,6.0,7.0,7.0,-6.0,6.0,7.0,7.0,-6.0,6.0,6.0,6.0,-78.0,78.0,17.0,17.0,,,,,-78.0,78.0,54.0,54.0,-11.0,11.0,0.0,0.0,-15.0,15.0,12.0,12.0,-15.0,15.0,12.0,12.0,0.32304211169759806,45.588595174183354,0.7697142162055612,4.927161767521751,0.10105147680162259,16.403101129705757,0.144743574361475,-0.04499277959917193,0.1261682242990654,0.3539300449540682,47.568874180873976,0.7999098261940145,4.905588529238077,0.09592259633485402,17.397105289727296,0.13944396907287948,-0.03606682598033798,0.10747663551401869,1.0,9.0,1.0,9.0,1.0,9.0,1.0,9.0,0.0,-63.0,,,0.0,-63.0,1.0,4.0,1.0,5.0,1.0,5.0,1.0,5.0,1.0,6.0,0.0,-5.0,,,0.0,-42.0,1.0,12.0
Male_Seriousness 05,Male,Seriousness,-5.0,5.0,6.0,6.0,-5.0,5.0,6.0,6.0,-5.0,5.0,6.0,6.0,-6.0,6.0,7.0,7.0,-78.0,78.0,25.0,25.0,,,,,-89.0,89.0,55.0,55.0,-11.0,11.0,7.0,7.0,-17.0,17.0,10.0,10.0,-17.0,17.0,10.0,10.0,0.31070180474040665,44.511668537264676,0.7522850367719325,4.5180316884592875,0.094659157150056,17.514136025364973,0.13351235774187548,-0.03570664694933134,0.1261682242990654,0.3496115151966844,47.242582035955984,0.7946653191661723,4.7956121793869775,0.09467629533017351,17.63144955248568,0.13709280179497205,-0.03046759907330308,0.08878504672897196,1.0,12.0,1.0,12.0,1.0,12.0,1.0,11.0,0.0,-61.0,,,0.0,-72.0,1.0,6.0,1.0,4.0,1.0,4.0,1.0,4.0,1.0,3.0,0.0,-15.0,,,0.0,-45.0,1.0,3.0
Male_Silly 01,Male,Silly,-6.0,6.0,7.0,7.0,-6.0,6.0,7.0,7.0,-6.0,6.0,7.0,7.0,-6.0,6.0,6.0,6.0,-85.0,85.0,69.0,69.0,,,,,-78.0,78.0,37.0,37.0,-13.0,13.0,9.0,9.0,-14.0,14.0,10.0,10.0,-14.0,14.0,10.0,10.0,0.3232898642526609,45.58070328079651,0.7694795507693959,4.9846350769991075,0.10180856224219755,16.359172281575606,0.14772516446855832,-0.035735862973694486,0.1261682242990654,0.3708539708195446,49.00503874939179,0.8230187220272617,5.080472945052887,0.10303678924095964,16.55867173761638,0.1523716448331779,-0.04742910511025759,0.08878504672897196,1.0,8.0,1.0,8.0,1.0,8.0,1.0,8.0,0.0,-71.0,,,0.0,-64.0,1.0,1.0,1.0,3.0,1.0,3.0,1.0,3.0,1.0,4.0,0.0,-59.0,,,0.0,-27.0,1.0,1.0
Male_Silly 02,Male,Silly,-6.0,6.0,8.0,8.0,-6.0,6.0,8.0,8.0,-6.0,6.0,8.0,8.0,-6.0,6.0,7.0,7.0,-36.0,36.0,56.0,56.0,,,,,-100.0,100.0,56.0,56.0,-29.0,29.0,58.0,58.0,-34.0,34.0,88.0,88.0,-34.0,34.0,88.0,88.0,0.3090695014623838,44.23618434299932,0.7474662527794805,4.850789004205683,0.09894472771798665,16.934411780440445,0.14287900316687124,-0.029582177088639448,0.29439252336448596,0.3204919289205676,45.028855666936,0.7600257642084406,4.903361043675202,0.10011957126243093,16.595714327644938,0.14415587664072244,-0.002658712529690466,0.7710280373831776,1.0,28.0,1.0,28.0,1.0,28.0,1.0,28.0,0.0,-2.0,,,0.0,-66.0,1.0,5.0,1.0,80.0,1.0,80.0,1.0,80.0,1.0,81.0,1.0,32.0,,,1.0,32.0,1.0,30.0
Male_Silly 03,Male,Silly,-7.0,7.0,9.0,9.0,-7.0,7.0,9.0,9.0,-7.0,7.0,9.0,9.0,-6.0,6.0,6.0,6.0,-21.0,21.0,37.0,37.0,,,,,-78.0,78.0,18.0,18.0,-26.0,26.0,19.0,19.0,-36.0,36.0,19.0,19.0,-36.0,36.0,19.0,19.0,0.2930396909468642,42.913719720929585,0.7262074489877602,4.887805371153577,0.09911597502540867,16.94487255748145,0.14174992868782216,-0.022262549288919038,0.3411214953271028,0.3105671742809153,44.21139508987142,0.7467278872973451,5.111753815384668,0.09916641577103427,16.869412530320787,0.14470727175895898,-0.022900762262745438,0.2383177570093458,1.0,29.0,1.0,29.0,1.0,29.0,1.0,30.0,1.0,15.0,,,0.0,-42.0,1.0,10.0,1.0,10.0,1.0,10.0,1.0,10.0,1.0,13.0,0.0,-18.0,,,1.0,1.0,0.0,0.0
Male_Silly 04,Male,Silly,-9.0,9.0,9.0,9.0,-9.0,9.0,9.0,9.0,-9.0,9.0,9.0,9.0,-8.0,8.0,7.0,7.0,-79.0,79.0,89.0,89.0,,,,,-89.0,89.0,101.0,101.0,-19.0,19.0,46.0,46.0,-22.0,22.0,46.0,46.0,-22.0,22.0,46.0,46.0,0.3181257501383808,44.56480547200854,0.751778534221872,4.49594973633501,0.0962732390342456,17.498448362193248,0.13508756089744703,-0.021387833161888834,0.19158878504672897,0.35769558287112513,47.44944369681528,0.7966945907362154,4.601422152264375,0.09279528479570541,17.885255250433026,0.13233392464243016,-0.02052710462953443,0.43457943925233644,1.0,13.0,1.0,13.0,1.0,13.0,1.0,14.0,0.0,-57.0,,,0.0,-67.0,1.0,3.0,1.0,37.0,1.0,37.0,1.0,37.0,1.0,39.0,0.0,-43.0,,,0.0,-55.0,0.0,0.0
Male_Silly 05,Male,Silly,-6.0,6.0,7.0,7.0,-6.0,6.0,7.0,7.0,-6.0,6.0,7.0,7.0,-6.0,6.0,7.0,7.0,-39.0,39.0,100.0,100.0,,,,,-40.0,40.0,55.0,55.0,-21.0,21.0,8.0,8.0,-21.0,21.0,8.0,8.0,-21.0,21.0,8.0,8.0,0.3165295734026722,44.990948824124914,0.7599817251908445,4.585699379496346,0.09474846899931161,16.95718760803236,0.13113925672786417,-0.023466258962577747,0.19158878504672897,0.3426743759730152,46.42787034489284,0.7809763378768324,4.818607006900918,0.09669895974971424,17.395790229772807,0.13917529459972428,-0.028609668679326496,0.09813084112149532,1.0,15.0,1.0,15.0,1.0,15.0,1.0,15.0,0.0,-18.0,,,0.0,-19.0,0.0,0.0,1.0,1.0,1.0,1.0,1.0,1.0,1.0,1.0,0.0,-92.0,,,0.0,-47.0,0.0,0.0
Male_Sleepy,Male,Sleepy,-6.0,6.0,6.0,6.0,-6.0,6.0,6.0,6.0,-6.0,6.0,6.0,6.0,-5.0,5.0,5.0,5.0,-7.0,7.0,18.0,18.0,,,,,-9.0,9.0,22.0,22.0,-40.0,40.0,24.0,24.0,-40.0,40.0,27.0,27.0,-40.0,40.0,27.0,27.0,0.2821185981558862,41.56724543883422,0.7029287588094997,6.03261734924723,0.11054936241147653,14.353890384272216,0.15334718829056002,-0.03703435197054783,0.3691588785046729,0.3819162477956754,49.59087855793605,0.8310598922527839,5.887603785424868,0.11066730884469558,15.340540119376039,0.1628153200419444,-0.06518955291988694,0.22897196261682243,1.0,34.0,1.0,34.0,1.0,34.0,1.0,35.0,1.0,33.0,,,1.0,31.0,0.0,0.0,1.0,21.0,1.0,21.0,1.0,21.0,1.0,22.0,1.0,9.0,,,1.0,5.0,1.0,3.0
Male_Sleepy 01,Male,Sleepy,-5.0,5.0,9.0,9.0,-5.0,5.0,9.0,9.0,-5.0,5.0,9.0,9.0,-6.0,6.0,6.0,6.0,-21.0,21.0,14.0,14.0,,,,,-78.0,78.0,99.0,99.0,-52.0,52.0,79.0,79.0,-80.0,80.0,82.0,82.0,-80.0,80.0,82.0,82.0,0.2745624440852727,41.18214685671797,0.6974266726021928,5.204062411596424,0.10263322074106841,15.953631961921234,0.14504424999204446,-0.024064301887405253,0.677570093457944,0.31754306905737545,44.55919321897988,0.7516034923653653,5.171744555896409,0.09939167114131361,16.07739147762856,0.13933641670869207,-0.015359577453025033,0.7336448598130841,1.0,75.0,1.0,75.0,1.0,75.0,1.0,74.0,1.0,59.0,,,1.0,2.0,1.0,28.0,1.0,73.0,1.0,73.0,1.0,73.0,1.0,76.0,1.0,68.0,,,0.0,-17.0,1.0,3.0
Male_Sleepy 02,Male,Sleepy,-8.0,8.0,9.0,9.0,-8.0,8.0,9.0,9.0,-8.0,8.0,9.0,9.0,-7.0,7.0,7.0,7.0,-77.0,77.0,38.0,38.0,,,,,-78.0,78.0,99.0,99.0,-11.0,11.0,7.0,7.0,-13.0,13.0,10.0,10.0,-13.0,13.0,10.0,10.0,0.3221938345476846,45.117326999379095,0.761150721599844,4.4901794083590545,0.09837931832122915,17.193052102469665,0.13793046804109835,-0.029618938671094233,0.11682242990654206,0.3636470027616091,48.00659688388076,0.8058602328751688,4.698924467315741,0.09557569697151118,18.164538902440345,0.1405069103710494,-0.03642064263330442,0.08878504672897196,1.0,5.0,1.0,5.0,1.0,5.0,1.0,6.0,0.0,-64.0,,,0.0,-65.0,1.0,2.0,1.0,1.0,1.0,1.0,1.0,1.0,1.0,3.0,0.0,-28.0,,,0.0,-89.0,1.0,3.0
Male_Sleepy 03,Male,Sleepy,-7.0,7.0,8.0,8.0,-7.0,7.0,8.0,8.0,-7.0,7.0,8.0,8.0,-7.0,7.0,7.0,7.0,-37.0,37.0,39.0,39.0,,,,,-38.0,38.0,55.0,55.0,-14.0,14.0,11.0,11.0,-15.0,15.0,16.0,16.0,-15.0,15.0,16.0,16.0,0.33339583929454053,46.06872931596275,0.7765259933165761,4.553197134373205,0.09657612515015984,17.250163676960735,0.1351989563905968,-0.0286065281551575,0.13551401869158877,0.37900727430236675,49.354437812466486,0.8276264100696342,4.7617381280026985,0.09563061328622226,17.98672132392295,0.14195707798847612,-0.037206259147029054,0.1261682242990654,1.0,8.0,1.0,8.0,1.0,8.0,1.0,8.0,0.0,-22.0,,,0.0,-23.0,1.0,1.0,1.0,8.0,1.0,8.0,1.0,8.0,1.0,9.0,0.0,-23.0,,,0.0,-39.0,1.0,5.0
Male_Sleepy 04,Male,Sleepy,-8.0,8.0,8.0,8.0,-8.0,8.0,8.0,8.0,-8.0,8.0,8.0,8.0,-7.0,7.0,7.0,7.0,-29.0,29.0,58.0,58.0,,,,,-98.0,98.0,54.0,54.0,-14.0,14.0,21.0,21.0,-16.0,16.0,28.0,28.0,-16.0,16.0,28.0,28.0,0.32356209844072287,45.41278217217633,0.7664677403568698,4.77875205750847,0.0999227167405891,16.890845235553865,0.14249254808813897,-0.026832151078732214,0.14485981308411214,0.36481586572165803,48.317629036502304,0.811589139572597,5.012488175340206,0.10271529367663593,16.434791859209408,0.14943459816277027,-0.032560217464081595,0.2383177570093458,1.0,8.0,1.0,8.0,1.0,8.0,1.0,9.0,0.0,-13.0,,,0.0,-82.0,1.0,2.0,1.0,20.0,1.0,20.0,1.0,20.0,1.0,21.0,0.0,-30.0,,,0.0,-26.0,1.0,7.0
Male_Sleepy 05,Male,Sleepy,-6.0,6.0,7.0,7.0,-6.0,6.0,7.0,7.0,-6.0,6.0,7.0,7.0,-6.0,6.0,7.0,7.0,-73.0,73.0,54.0,54.0,,,,,-89.0,89.0,84.0,84.0,-9.0,9.0,9.0,9.0,-13.0,13.0,10.0,10.0,-13.0,13.0,10.0,10.0,0.34757846566004175,47.31492005998843,0.7965002188406815,4.504425613818881,0.09791358098176853,17.45279571902542,0.1393584708138457,-0.05653541486396968,0.10747663551401869,0.38060394653650087,49.50771452778968,0.8300652119252726,4.462731220141471,0.08841355522728969,18.39745705342818,0.1273994545610446,-0.0504527863498046,0.08878504672897196,1.0,7.0,1.0,7.0,1.0,7.0,1.0,7.0,0.0,-60.0,,,0.0,-76.0,1.0,4.0,1.0,3.0,1.0,3.0,1.0,3.0,1.0,3.0,0.0,-44.0,,,0.0,-74.0,1.0,1.0
Male_Straining,Male,Straining,-6.0,6.0,1.0,1.0,-6.0,6.0,1.0,1.0,-6.0,6.0,1.0,1.0,-6.0,6.0,3.0,3.0,-67.0,67.0,16.0,16.0,,,,,-78.0,78.0,15.0,15.0,-5.0,5.0,12.0,12.0,-12.0,12.0,12.0,12.0,-12.0,12.0,12.0,12.0,0.33206712865383825,46.233942034088564,0.7797621055114492,5.023714359257823,0.10066535766675787,16.34904176153975,0.145739901459442,-0.05322111418871122,0.08878504672897196,0.3142078326684292,45.218842399454566,0.7644667023810271,5.331920757646037,0.10463332833948537,16.630790649553553,0.15403412184062995,-0.041298806388801505,0.10747663551401869,1.0,6.0,1.0,6.0,1.0,6.0,1.0,6.0,0.0,-55.0,,,0.0,-66.0,1.0,7.0,1.0,11.0,1.0,11.0,1.0,11.0,1.0,9.0,0.0,-4.0,,,0.0,-3.0,0.0,0.0
Male_Subtle 01,Male,Subtle,-7.0,7.0,8.0,8.0,-7.0,7.0,8.0,8.0,-7.0,7.0,8.0,8.0,-7.0,7.0,6.0,6.0,-73.0,73.0,53.0,53.0,,,,,-68.0,68.0,20.0,20.0,-7.0,7.0,9.0,9.0,-9.0,9.0,9.0,9.0,-9.0,9.0,9.0,9.0,0.324500247139797,45.53724359351898,0.768489026090252,4.571225468800447,0.09621472379087277,16.832668195373618,0.13619466716388487,-0.05124266153184053,0.0794392523364486,0.3509134466402999,47.21413949048408,0.7938648556646343,4.74013543760874,0.09120203467590787,17.77831758095803,0.12987722709493818,-0.045081313525404884,0.0794392523364486,1.0,2.0,1.0,2.0,1.0,2.0,1.0,2.0,0.0,-64.0,,,0.0,-59.0,1.0,2.0,1.0,1.0,1.0,1.0,1.0,1.0,1.0,3.0,0.0,-44.0,,,0.0,-11.0,0.0,0.0
Male_Subtle 02,Male,Subtle,-7.0,7.0,7.0,7.0,-7.0,7.0,7.0,7.0,-7.0,7.0,7.0,7.0,-7.0,7.0,7.0,7.0,-89.0,89.0,53.0,53.0,,,,,-36.0,36.0,83.0,83.0,0.0,0.0,2.0,2.0,-10.0,10.0,9.0,9.0,-10.0,10.0,9.0,9.0,0.3403599354151253,46.59654887591567,0.784676833338998,4.693887960009068,0.09963957403066023,16.967898829680518,0.1425087245638078,-0.06227027339355968,0.0794392523364486,0.369711297137715,48.58757705777605,0.815314863886403,4.691693109573326,0.09258495480100686,18.354476406542382,0.13619740036720374,-0.055905804873626924,0.07009345794392523,1.0,3.0,1.0,3.0,1.0,3.0,1.0,3.0,0.0,-79.0,,,0.0,-26.0,1.0,10.0,1.0,2.0,1.0,2.0,1.0,2.0,1.0,2.0,0.0,-44.0,,,0.0,-74.0,1.0,7.0
Male_Subtle 03,Male,Subtle,-7.0,7.0,7.0,7.0,-7.0,7.0,7.0,7.0,-7.0,7.0,7.0,7.0,-7.0,7.0,7.0,7.0,-90.0,90.0,41.0,41.0,,,,,-70.0,70.0,60.0,60.0,-7.0,7.0,2.0,2.0,-9.0,9.0,10.0,10.0,-9.0,9.0,10.0,10.0,0.3449908578507254,46.88909361295611,0.7891004075792348,4.562937850811493,0.09541760033593988,17.851374368162173,0.1400727725253915,-0.06627381892404824,0.0794392523364486,0.38855545208832926,49.926100724211366,0.8359543516117836,4.6466926473288614,0.09379576442536906,18.156685464262484,0.13754683117962108,-0.0638691633939743,0.08878504672897196,1.0,2.0,1.0,2.0,1.0,2.0,1.0,2.0,0.0,-81.0,,,0.0,-61.0,1.0,2.0,1.0,3.0,1.0,3.0,1.0,3.0,1.0,3.0,0.0,-31.0,,,0.0,-50.0,1.0,8.0
Male_Subtle 04,Male,Subtle,-6.0,6.0,6.0,6.0,-6.0,6.0,6.0,6.0,-6.0,6.0,6.0,6.0,-7.0,7.0,7.0,7.0,-99.0,99.0,100.0,100.0,,,,,-100.0,100.0,60.0,60.0,-3.0,3.0,7.0,7.0,-7.0,7.0,8.0,8.0,-7.0,7.0,8.0,8.0,0.35461392469495256,47.82918444749351,0.8045758912775004,4.670176188122029,0.09721707148512579,17.368543279626216,0.141701285428596,-0.0719991267841553,0.06074766355140187,0.38566549888281065,49.74311334841719,0.8330772430679508,4.658291455984951,0.09450152596441384,18.083706321865748,0.13889209068608735,-0.06131093078684584,0.07009345794392523,1.0,1.0,1.0,1.0,1.0,1.0,0.0,0.0,0.0,-92.0,,,0.0,-93.0,1.0,4.0,1.0,2.0,1.0,2.0,1.0,2.0,1.0,1.0,0.0,-92.0,,,0.0,-52.0,1.0,1.0
Male_Subtle 05,Male,Subtle,-7.0,7.0,9.0,9.0,-7.0,7.0,9.0,9.0,-7.0,7.0,9.0,9.0,-7.0,7.0,7.0,7.0,-37.0,37.0,41.0,41.0,,,,,-40.0,40.0,100.0,100.0,-9.0,9.0,10.0,10.0,-12.0,12.0,10.0,10.0,-12.0,12.0,10.0,10.0,0.3351949300164374,46.27893971951208,0.7798958186004578,4.79585354413106,0.09709802856844552,17.281354198029156,0.14198136969276196,-0.06295401317493937,0.08878504672897196,0.37558118650846395,49.00620143881468,0.8218547581978861,4.968756760705576,0.09852776867903282,17.501123863521112,0.14438953531800575,-0.06713985157347171,0.08878504672897196,1.0,5.0,1.0,5.0,1.0,5.0,1.0,5.0,0.0,-25.0,,,0.0,-28.0,1.0,3.0,1.0,1.0,1.0,1.0,1.0,1.0,1.0,3.0,0.0,-31.0,,,0.0,-90.0,0.0,0.0
Male_Talking 01,Male,Talking,-7.0,7.0,9.0,9.0,-7.0,7.0,9.0,9.0,-7.0,7.0,9.0,9.0,-6.0,6.0,7.0,7.0,-34.0,34.0,29.0,29.0,,,,,-35.0,35.0,53.0,53.0,-8.0,8.0,16.0,16.0,-13.0,13.0,16.0,16.0,-13.0,13.0,16.0,16.0,0.3149830712893299,44.77555177813378,0.7561606477214912,4.992653967307828,0.09927577272338688,16.701232686846954,0.14385837604695895,-0.04932575387375377,0.09813084112149532,0.3683744329158391,48.649614565840395,0.8170011878779558,5.391873546397296,0.10801905975024277,15.951926921358895,0.16074375998017923,-0.06135150288867059,0.14485981308411214,1.0,6.0,1.0,6.0,1.0,6.0,1.0,7.0,0.0,-21.0,,,0.0,-22.0,1.0,5.0,1.0,7.0,1.0,7.0,1.0,7.0,1.0,9.0,0.0,-13.0,,,0.0,-37.0,0.0,0.0
Male_Talking 02,Male,Talking,-7.0,7.0,8.0,8.0,-7.0,7.0,8.0,8.0,-7.0,7.0,8.0,8.0,-6.0,6.0,5.0,5.0,-35.0,35.0,20.0,20.0,,,,,-89.0,89.0,19.0,19.0,-13.0,13.0,14.0,14.0,-13.0,13.0,16.0,16.0,-13.0,13.0,16.0,16.0,0.2975213811776348,43.503947280277714,0.7363229249762989,5.0165209484364945,0.1022491392169921,16.21435305009949,0.14645349213256026,-0.044123828411102295,0.11682242990654206,0.3502187141191179,47.4440699381249,0.7985428933726684,5.279578850299956,0.10422263830621666,15.884347415256517,0.1504635120619018,-0.042650975495855385,0.14485981308411214,1.0,6.0,1.0,6.0,1.0,6.0,1.0,7.0,0.0,-22.0,,,0.0,-76.0,0.0,0.0,1.0,8.0,1.0,8.0,1.0,8.0,1.0,11.0,0.0,-4.0,,,0.0,-3.0,1.0,2.0
Male_Talking 03,Male,Talking,-5.0,5.0,5.0,5.0,-5.0,5.0,5.0,5.0,-5.0,5.0,5.0,5.0,-5.0,5.0,5.0,5.0,-20.0,20.0,85.0,85.0,,,,,-37.0,37.0,8.0,8.0,-10.0,10.0,11.0,11.0,-10.0,10.0,11.0,11.0,-10.0,10.0,11.0,11.0,0.3055218758984147,44.00337550350439,0.7435914734117338,5.324557897765364,0.1025709904870897,15.732821605530107,0.14572529262810383,-0.04211697567289121,0.08878504672897196,0.36078131839493727,48.14656238021138,0.8088669991381815,5.428661811034952,0.1058569355893915,16.053290117240785,0.15803702639521294,-0.04973780704992954,0.09813084112149532,1.0,5.0,1.0,5.0,1.0,5.0,1.0,5.0,0.0,-10.0,,,0.0,-27.0,0.0,0.0,1.0,6.0,1.0,6.0,1.0,6.0,1.0,6.0,0.0,-74.0,,,1.0,3.0,0.0,0.0
Male_Talking 04,Male,Talking,-6.0,6.0,10.0,10.0,-6.0,6.0,10.0,10.0,-6.0,6.0,10.0,10.0,-5.0,5.0,5.0,5.0,-67.0,67.0,20.0,20.0,,,,,-90.0,90.0,75.0,75.0,-9.0,9.0,21.0,21.0,-11.0,11.0,24.0,24.0,-11.0,11.0,24.0,24.0,0.28309340259739174,41.58405704141777,0.7028305020844825,5.182485287713114,0.10376380721353134,16.30671606586,0.1519883108096865,-0.05438616857907482,0.2850467289719626,0.30863778891964494,43.727332231040315,0.7379195688762398,5.387136241438512,0.1066540420125021,15.68190482861679,0.1550393312255729,-0.04409636125386318,0.32242990654205606,1.0,5.0,1.0,5.0,1.0,5.0,1.0,6.0,0.0,-56.0,,,0.0,-79.0,1.0,2.0,1.0,14.0,1.0,14.0,1.0,14.0,1.0,19.0,1.0,4.0,,,0.0,-51.0,1.0,3.0
Male_Talking 05,Male,Talking,-6.0,6.0,8.0,8.0,-6.0,6.0,8.0,8.0,-6.0,6.0,8.0,8.0,-6.0,6.0,7.0,7.0,-37.0,37.0,56.0,56.0,,,,,-69.0,69.0,55.0,55.0,-9.0,9.0,12.0,12.0,-10.0,10.0,12.0,12.0,-10.0,10.0,12.0,12.0,0.31441962551847796,44.86076670940791,0.7579966629637735,4.886700283474872,0.10090433250901834,16.739878384381733,0.14700897122329137,-0.05560944194548598,0.08878504672897196,0.3411441370148525,46.6647741348944,0.7859287853831443,4.897158945884521,0.1000933865798968,16.942986374834327,0.14621158323760303,-0.0477863319009264,0.10747663551401869,1.0,4.0,1.0,4.0,1.0,4.0,1.0,4.0,0.0,-27.0,,,0.0,-59.0,1.0,1.0,1.0,4.0,1.0,4.0,1.0,4.0,1.0,5.0,0.0,-44.0,,,0.0,-43.0,0.0,0.0
Male_Terror,Male,Terror,-4.0,4.0,5.0,5.0,-4.0,4.0,5.0,5.0,-4.0,4.0,5.0,5.0,-5.0,5.0,4.0,4.0,-7.0,7.0,8.0,8.0,,,,,-7.0,7.0,50.0,50.0,-21.0,21.0,29.0,29.0,-23.0,23.0,29.0,29.0,-23.0,23.0,29.0,29.0,0.2816595362725659,41.975408661031274,0.710695427363721,5.184372255596045,0.0979740384544404,16.20730296728595,0.13720786796425874,-0.05382935535684924,0.2102803738317757,0.28168538129218273,41.83494567871094,0.7077203994599458,5.435150622781888,0.10300654757802731,15.822280824042792,0.14643786362600777,-0.05450141527385355,0.3130841121495327,1.0,19.0,1.0,19.0,1.0,19.0,1.0,18.0,1.0,16.0,,,1.0,16.0,1.0,2.0,1.0,24.0,1.0,24.0,1.0,24.0,1.0,25.0,1.0,21.0,,,0.0,-21.0,0.0,0.0
Male_Terror Phobia,Male,Terror Phobia,-7.0,7.0,4.0,4.0,-7.0,7.0,4.0,4.0,-7.0,7.0,4.0,4.0,-5.0,5.0,4.0,4.0,-6.0,6.0,32.0,32.0,,,,,-10.0,10.0,31.0,31.0,-15.0,15.0,17.0,17.0,-15.0,15.0,17.0,17.0,-15.0,15.0,17.0,17.0,0.3063849739939253,44.095264325632115,0.7452882683583509,5.82999473528188,0.11146071215845504,15.059602209358163,0.16120961737239137,-0.04411943312560287,0.19158878504672897,0.2974311453159724,43.58960030457684,0.7375033802796747,5.3148707496959755,0.10412415399033333,16.6186585201188,0.15508218524309825,-0.03769474441760054,0.3037383177570093,1.0,8.0,1.0,8.0,1.0,8.0,1.0,10.0,1.0,9.0,,,1.0,5.0,0.0,0.0,1.0,13.0,1.0,13.0,1.0,13.0,1.0,13.0,0.0,-15.0,,,0.0,-14.0,0.0,0.0
Male_Ulgh,Male,Ulgh,-5.0,5.0,7.0,7.0,-5.0,5.0,7.0,7.0,-5.0,5.0,7.0,7.0,-6.0,6.0,7.0,7.0,-16.0,16.0,51.0,51.0,,,,,-87.0,87.0,50.0,50.0,-18.0,18.0,16.0,16.0,-18.0,18.0,16.0,16.0,-18.0,18.0,16.0,16.0,0.30923406431608114,44.64177174880126,0.7552202797590573,4.886763119356376,0.0976084245474271,16.913821035521952,0.13896379426543443,-0.024185718777023742,0.19158878504672897,0.38330112801533994,49.9009303467296,0.837232911872251,4.8808016426095335,0.0971986666391386,17.34318560189171,0.14364733669977142,-0.0325981524781646,0.14485981308411214,1.0,13.0,1.0,13.0,1.0,13.0,1.0,12.0,1.0,2.0,,,0.0,-69.0,0.0,0.0,1.0,9.0,1.0,9.0,1.0,9.0,1.0,9.0,0.0,-35.0,,,0.0,-34.0,0.0,0.0
Male_Wicked 01,Male,Wicked,-6.0,6.0,7.0,7.0,-6.0,6.0,7.0,7.0,-6.0,6.0,7.0,7.0,-6.0,6.0,7.0,7.0,-17.0,17.0,24.0,24.0,,,,,-37.0,37.0,40.0,40.0,-16.0,16.0,25.0,25.0,-18.0,18.0,28.0,28.0,-18.0,18.0,28.0,28.0,0.32167632446110805,45.44698492388859,0.7674397560898388,4.9590815233815215,0.09665968188277956,17.285530353180217,0.13768613538792673,-0.035880698778918974,0.16355140186915887,0.3445380591900549,46.73014260006842,0.7862128903305976,4.8473733779669645,0.09479959820893323,17.481261199949433,0.13635990512118024,-0.021272058520361643,0.24766355140186916,1.0,12.0,1.0,12.0,1.0,12.0,1.0,12.0,1.0,1.0,,,0.0,-19.0,1.0,2.0,1.0,21.0,1.0,21.0,1.0,21.0,1.0,21.0,1.0,4.0,,,0.0,-12.0,1.0,3.0
Male_Wicked 02,Male,Wicked,-6.0,6.0,6.0,6.0,-6.0,6.0,6.0,6.0,-6.0,6.0,6.0,6.0,-6.0,6.0,6.0,6.0,-37.0,37.0,40.0,40.0,,,,,-37.0,37.0,63.0,63.0,-13.0,13.0,30.0,30.0,-15.0,15.0,33.0,33.0,-15.0,15.0,33.0,33.0,0.32823240534167425,46.039103133656155,0.7769983904451556,4.854936987788321,0.09760866605870004,16.495912450792158,0.13647876342512527,-0.03860350997648507,0.13551401869158877,0.35248070899571216,47.40350975277268,0.7971300332970297,4.981786253609669,0.09603781945933805,17.272348587373603,0.13826559245024087,-0.015189846820920427,0.32242990654205606,1.0,9.0,1.0,9.0,1.0,9.0,1.0,9.0,0.0,-22.0,,,0.0,-22.0,1.0,2.0,1.0,27.0,1.0,27.0,1.0,27.0,1.0,27.0,0.0,-7.0,,,0.0,-30.0,1.0,3.0
Male_Wicked 03,Male,Wicked,-5.0,5.0,6.0,6.0,-5.0,5.0,6.0,6.0,-5.0,5.0,6.0,6.0,-6.0,6.0,7.0,7.0,-37.0,37.0,63.0,63.0,,,,,-34.0,34.0,62.0,62.0,-23.0,23.0,28.0,28.0,-37.0,37.0,29.0,29.0,-37.0,37.0,29.0,29.0,0.31052412245875205,44.69083781999962,0.755680962213289,4.983037432603468,0.10115495840755273,16.813984844218623,0.14653980447295703,-0.015604952785456292,0.3037383177570093,0.3464788504850084,47.13974608661972,0.7935898916395469,4.8745533789151185,0.09900499848979656,17.01036408896259,0.14593384854214372,-0.00040264692261954337,0.7336448598130841,1.0,32.0,1.0,32.0,1.0,32.0,1.0,31.0,0.0,0.0,,,1.0,3.0,1.0,14.0,1.0,23.0,1.0,23.0,1.0,23.0,1.0,22.0,0.0,-34.0,,,0.0,-33.0,1.0,1.0
Male_Wicked 04,Male,Wicked,-5.0,5.0,7.0,7.0,-5.0,5.0,7.0,7.0,-5.0,5.0,7.0,7.0,-6.0,6.0,7.0,7.0,-36.0,36.0,39.0,39.0,,,,,-89.0,89.0,62.0,62.0,-14.0,14.0,8.0,8.0,-17.0,17.0,11.0,11.0,-17.0,17.0,11.0,11.0,0.32247725184832776,45.36658188784234,0.76567894867926,4.652997328629978,0.0930266559545724,17.30531348618597,0.13018106662158696,-0.04698267801899776,0.14485981308411214,0.36306082951688323,48.01976742031418,0.8060872648781705,4.797165593445719,0.09439642208619653,18.217748318041856,0.13879556581377983,-0.04387173474392044,0.09813084112149532,1.0,12.0,1.0,12.0,1.0,12.0,1.0,11.0,0.0,-19.0,,,0.0,-72.0,1.0,3.0,1.0,4.0,1.0,4.0,1.0,4.0,1.0,4.0,0.0,-28.0,,,0.0,-51.0,1.0,3.0
Male_Wicked 05,Male,Wicked,-5.0,5.0,7.0,7.0,-5.0,5.0,7.0,7.0,-5.0,5.0,7.0,7.0,-6.0,6.0,6.0,6.0,-89.0,89.0,38.0,38.0,,,,,-81.0,81.0,41.0,41.0,-16.0,16.0,9.0,9.0,-16.0,16.0,10.0,10.0,-16.0,16.0,10.0,10.0,0.3134143706237044,44.81154336661936,0.7572056156731097,4.749773854372378,0.09763592242632273,16.684164082784683,0.13641918025348546,-0.036319922760268235,0.14485981308411214,0.3536051043840212,47.461854872302474,0.7978739397965859,4.8592964412522655,0.09606058731953675,17.417382031963818,0.13923242410539455,-0.037858923183423335,0.08878504672897196,1.0,11.0,1.0,11.0,1.0,11.0,1.0,10.0,0.0,-73.0,,,0.0,-65.0,0.0,0.0,1.0,3.0,1.0,3.0,1.0,3.0,1.0,4.0,0.0,-28.0,,,0.0,-31.0,1.0,1.0
Male_Wink,Male,Wink,-7.0,7.0,9.0,9.0,-7.0,7.0,9.0,9.0,-7.0,7.0,9.0,9.0,-6.0,6.0,6.0,6.0,-83.0,83.0,45.0,45.0,,,,,,,42.0,42.0,-70.0,70.0,16.0,16.0,-70.0,70.0,18.0,18.0,-70.0,70.0,18.0,18.0,0.2658363881512223,40.79946827220026,0.6926122224135934,4.969613158674997,0.09843032040967131,16.181045905697076,0.13767483725019222,-0.008933476477025826,0.6962616822429907,0.3298996063036339,45.600778356890814,0.7685985343673519,5.040575750868454,0.10060030918255031,16.899484602786192,0.1484701765595742,-0.01828817535783643,0.19158878504672897,1.0,63.0,1.0,63.0,1.0,63.0,1.0,64.0,0.0,-13.0,,,,,0.0,0.0,1.0,9.0,1.0,9.0,1.0,9.0,1.0,12.0,0.0,-27.0,,,0.0,-24.0,1.0,2.0
Male_With Forehead Wrinkles Angry 01,Male,With Forehead Wrinkles Angry,-5.0,5.0,7.0,7.0,-5.0,5.0,7.0,7.0,-5.0,5.0,7.0,7.0,-6.0,6.0,7.0,7.0,-98.0,98.0,50.0,50.0,,,,,-83.0,83.0,66.0,66.0,0.0,0.0,3.0,3.0,-7.0,7.0,11.0,11.0,-7.0,7.0,11.0,11.0,0.3140169777602793,45.0373598437443,0.7613785475771003,4.527781330414604,0.09157087899885087,17.662515376003864,0.1293209510029487,-0.032986716271560884,0.07009345794392523,0.3586743694042491,48.03482230578628,0.8075454496891699,4.872645943782458,0.0987721973003071,16.748320584706367,0.14327662135913688,-0.032492236834820186,0.09813084112149532,1.0,2.0,1.0,2.0,1.0,2.0,1.0,1.0,0.0,-91.0,,,0.0,-76.0,1.0,7.0,1.0,4.0,1.0,4.0,1.0,4.0,1.0,4.0,0.0,-39.0,,,0.0,-55.0,1.0,8.0
Male_With Forehead Wrinkles Angry 02,Male,With Forehead Wrinkles Angry,-6.0,6.0,8.0,8.0,-6.0,6.0,8.0,8.0,-6.0,6.0,8.0,8.0,-6.0,6.0,7.0,7.0,-11.0,11.0,19.0,19.0,,,,,-90.0,90.0,19.0,19.0,-6.0,6.0,10.0,10.0,-15.0,15.0,15.0,15.0,-15.0,15.0,15.0,15.0,0.2724434855942414,40.70183019548933,0.6888005078953003,5.101156463167656,0.1025430836697232,16.195211873492365,0.14776402251478635,-0.04643859080622129,0.13551401869158877,0.336193510583628,45.66794704276825,0.7677290239066721,5.222725986320282,0.1023842618565693,16.125228908318782,0.14876647247880134,-0.0528713124934758,0.13551401869158877,1.0,9.0,1.0,9.0,1.0,9.0,1.0,9.0,1.0,4.0,,,0.0,-75.0,1.0,9.0,1.0,7.0,1.0,7.0,1.0,7.0,1.0,8.0,0.0,-4.0,,,0.0,-4.0,1.0,5.0
Male_With Forehead Wrinkles Angry 03,Male,With Forehead Wrinkles Angry,-6.0,6.0,7.0,7.0,-6.0,6.0,7.0,7.0,-6.0,6.0,7.0,7.0,-6.0,6.0,6.0,6.0,-37.0,37.0,59.0,59.0,,,,,-88.0,88.0,24.0,24.0,-12.0,12.0,15.0,15.0,-17.0,17.0,15.0,15.0,-17.0,17.0,15.0,15.0,0.3045435873704536,44.064773537288204,0.7452183947941967,5.0797049033795005,0.10530773859541372,16.135331949977104,0.153271685266551,-0.028072025731345204,0.13551401869158877,0.34823829325560096,47.2691466384959,0.7954792860094632,5.037868553581082,0.10087740682413644,17.070910320110677,0.14893592496947297,-0.03136841493232228,0.13551401869158877,1.0,11.0,1.0,11.0,1.0,11.0,1.0,11.0,0.0,-20.0,,,0.0,-71.0,1.0,5.0,1.0,8.0,1.0,8.0,1.0,8.0,1.0,9.0,0.0,-44.0,,,0.0,-9.0,0.0,0.0
Male_With Forehead Wrinkles Angry 04,Male,With Forehead Wrinkles Angry,-7.0,7.0,7.0,7.0,-7.0,7.0,7.0,7.0,-7.0,7.0,7.0,7.0,-7.0,7.0,7.0,7.0,-79.0,79.0,40.0,40.0,,,,,-88.0,88.0,52.0,52.0,-12.0,12.0,14.0,14.0,-17.0,17.0,14.0,14.0,-17.0,17.0,14.0,14.0,0.33190062029339445,45.925464766047824,0.7738256605858701,4.921543270088384,0.1022813900215727,16.645659054440813,0.14878907574797576,-0.045341324722655466,0.1542056074766355,0.3607921550207049,47.84383513103022,0.8031860578782234,4.935554639201298,0.09802797570754991,17.050056833324497,0.1414495161119497,-0.049086383570020445,0.1261682242990654,1.0,10.0,1.0,10.0,1.0,10.0,1.0,10.0,0.0,-62.0,,,0.0,-71.0,1.0,5.0,1.0,7.0,1.0,7.0,1.0,7.0,1.0,7.0,0.0,-26.0,,,0.0,-38.0,0.0,0.0
Male_With Forehead Wrinkles Angry 05,Male,With Forehead Wrinkles Angry,-7.0,7.0,7.0,7.0,-7.0,7.0,7.0,7.0,-7.0,7.0,7.0,7.0,-5.0,5.0,6.0,6.0,-9.0,9.0,19.0,19.0,,,,,-9.0,9.0,20.0,20.0,-7.0,7.0,40.0,40.0,-34.0,34.0,40.0,40.0,-34.0,34.0,40.0,40.0,0.2615380114484056,39.760756140557405,0.6732552593277994,5.64601569175372,0.11051526939812696,15.221504467082285,0.15872561088148154,-0.056811149293017164,0.3598130841121495,0.31738126779271064,44.37290271420345,0.7472912892002925,5.674358574847613,0.10865654643172416,15.451974178816048,0.15752963412482784,-0.04850057129547975,0.3691588785046729,1.0,27.0,1.0,27.0,1.0,27.0,1.0,29.0,1.0,25.0,,,1.0,25.0,1.0,27.0,1.0,33.0,1.0,33.0,1.0,33.0,1.0,34.0,1.0,21.0,,,1.0,20.0,0.0,0.0
Male_ZMouth Open Horizontal,Male,ZMouth Open Horizontal,-6.0,6.0,9.0,9.0,-6.0,6.0,9.0,9.0,-6.0,6.0,9.0,9.0,-6.0,6.0,7.0,7.0,-37.0,37.0,79.0,79.0,,,,,-89.0,89.0,68.0,68.0,-12.0,12.0,13.0,13.0,-13.0,13.0,14.0,14.0,-13.0,13.0,14.0,14.0,0.3216635041704802,45.19859307948674,0.7626519704533514,4.524744462134821,0.09620383209636751,17.551937030465048,0.13697374411770757,-0.04740207161858817,0.11682242990654206,0.33820375131669445,45.903616796030065,0.7721667861409276,4.599698646202962,0.09550636216441047,17.696649733855313,0.1376154380586912,-0.04046007628752806,0.14485981308411214,1.0,7.0,1.0,7.0,1.0,7.0,1.0,7.0,0.0,-24.0,,,0.0,-76.0,1.0,1.0,1.0,5.0,1.0,5.0,1.0,5.0,1.0,7.0,0.0,-65.0,,,0.0,-54.0,1.0,1.0
Male_ZMouth Open Horizontal And Vertical,Male,ZMouth Open Horizontal And Vertical,-11.0,11.0,9.0,9.0,-11.0,11.0,9.0,9.0,-11.0,11.0,9.0,9.0,-6.0,6.0,6.0,6.0,-12.0,12.0,13.0,13.0,,,,,-12.0,12.0,102.0,102.0,-32.0,32.0,23.0,23.0,-35.0,35.0,27.0,27.0,-35.0,35.0,27.0,27.0,0.2996657691269277,42.33724382436164,0.7128871330451743,5.057067613665746,0.10318195869056683,16.28130486499223,0.14781991163936425,-0.08971113286842809,0.3130841121495327,0.3300608087365872,44.54543817377536,0.7470593360539909,4.951707230097501,0.09794395131485484,16.22324802112942,0.13544298226962675,-0.08855396369907344,0.29439252336448596,1.0,24.0,1.0,24.0,1.0,24.0,1.0,29.0,1.0,23.0,,,1.0,23.0,1.0,3.0,1.0,18.0,1.0,18.0,1.0,18.0,1.0,21.0,1.0,14.0,,,0.0,-75.0,1.0,4.0
Male_ZZ_Bearded,Male,ZZ_Bearded,-5.0,5.0,6.0,6.0,-5.0,5.0,6.0,6.0,-5.0,5.0,6.0,6.0,-6.0,6.0,7.0,7.0,,,99.0,99.0,,,,,-70.0,70.0,19.0,19.0,-14.0,14.0,21.0,21.0,-31.0,31.0,21.0,21.0,-31.0,31.0,21.0,21.0,0.28074069502197696,42.33602771580777,0.7181275683282418,4.294196358942818,0.08741390054940053,19.248954232372938,0.1270633411576163,-0.021267792331838162,0.3317757009345794,0.300787318532712,43.74260995766827,0.7401074190886504,4.700903893056735,0.09432824749812901,18.083607150083857,0.13780831988408881,-0.03482275783458603,0.1822429906542056,1.0,26.0,1.0,26.0,1.0,26.0,1.0,25.0,,,,,0.0,-39.0,1.0,17.0,1.0,15.0,1.0,15.0,1.0,15.0,1.0,14.0,0.0,-78.0,,,1.0,2.0,0.0,0.0
Male_ZZ_Cavalier,Male,ZZ_Cavalier,-6.0,6.0,8.0,8.0,-6.0,6.0,8.0,8.0,-6.0,6.0,8.0,8.0,-6.0,6.0,6.0,6.0,-58.0,58.0,82.0,82.0,,,,,-50.0,50.0,48.0,48.0,-30.0,30.0,36.0,36.0,-57.0,57.0,56.0,56.0,-57.0,57.0,56.0,56.0,0.2654046806219582,40.716627437377646,0.6910408486690477,4.86889153382976,0.10183037321944281,16.57221331575316,0.14629880180758126,0.0005413761762815101,0.5467289719626168,0.28273734561750824,41.73032439312088,0.7061282529312873,4.8957490586962935,0.1018762224675896,16.34397049042687,0.14649083918698555,-0.004250823476604212,0.5186915887850467,1.0,51.0,1.0,51.0,1.0,51.0,1.0,51.0,0.0,-1.0,,,1.0,7.0,1.0,27.0,1.0,48.0,1.0,48.0,1.0,48.0,1.0,50.0,0.0,-26.0,,,1.0,8.0,1.0,20.0
Male_ZZ_Dapper,Male,ZZ_Dapper,-6.0,6.0,7.0,7.0,-6.0,6.0,7.0,7.0,-6.0,6.0,7.0,7.0,-6.0,6.0,6.0,6.0,-22.0,22.0,49.0,49.0,,,,,-44.0,44.0,48.0,48.0,-18.0,18.0,18.0,18.0,-18.0,18.0,19.0,19.0,-18.0,18.0,19.0,19.0,0.3016329363127735,43.830206264959315,0.7414898182326388,5.598256681775935,0.11355680462746125,14.652934081156179,0.1624994392172908,-0.015524912103314265,0.2383177570093458,0.333468625200129,45.96665840059797,0.7743138686240276,5.501766001788255,0.11372885080141441,14.688627425766235,0.16415423917461117,-0.019718106662001564,0.2102803738317757,1.0,12.0,1.0,12.0,1.0,12.0,1.0,12.0,0.0,-4.0,,,0.0,-26.0,0.0,0.0,1.0,12.0,1.0,12.0,1.0,12.0,1.0,13.0,0.0,-30.0,,,0.0,-29.0,1.0,1.0
Male_ZZ_Flynn,Male,ZZ_Flynn,-6.0,6.0,8.0,8.0,-6.0,6.0,8.0,8.0,-6.0,6.0,8.0,8.0,-6.0,6.0,7.0,7.0,-47.0,47.0,48.0,48.0,,,,,-45.0,45.0,19.0,19.0,-21.0,21.0,17.0,17.0,-21.0,21.0,19.0,19.0,-21.0,21.0,19.0,19.0,0.30607775382906477,44.204143303577034,0.7474936129194554,5.242544760614216,0.10814507625434759,15.386746685427763,0.15450092868984872,-0.021085705712576893,0.2102803738317757,0.33019771419952965,45.67211248495868,0.7695873795407955,5.305838314590053,0.11126252225487032,15.421392035803885,0.1632236004367752,-0.02119849204460037,0.1822429906542056,1.0,15.0,1.0,15.0,1.0,15.0,1.0,15.0,0.0,-26.0,,,0.0,-24.0,0.0,0.0,1.0,11.0,1.0,11.0,1.0,11.0,1.0,12.0,0.0,-29.0,,,0.0,0.0,1.0,2.0
Male_ZZ_Franz Josef,Male,ZZ_Franz Josef,-6.0,6.0,6.0,6.0,-6.0,6.0,6.0,6.0,-6.0,6.0,6.0,6.0,-7.0,7.0,6.0,6.0,-68.0,68.0,22.0,22.0,,,,,-27.0,27.0,21.0,21.0,-10.0,10.0,8.0,8.0,-13.0,13.0,11.0,11.0,-13.0,13.0,11.0,11.0,0.31771461150356545,44.98261410722109,0.7595063410351209,4.988838411153894,0.10280939562351636,16.270247144071174,0.1499503583137719,-0.02323247144155413,0.11682242990654206,0.3396529299076472,46.47288766754008,0.7823502327028279,5.1465863596439085,0.10757500171731009,16.383767769169605,0.1603664661634643,-0.027248104459771487,0.09813084112149532,1.0,7.0,1.0,7.0,1.0,7.0,1.0,6.0,0.0,-55.0,,,0.0,-14.0,1.0,3.0,1.0,5.0,1.0,5.0,1.0,5.0,1.0,5.0,0.0,-11.0,,,0.0,-10.0,1.0,3.0
Male_ZZ_Friendly Mutton Chops,Male,ZZ_Friendly Mutton Chops,-6.0,6.0,6.0,6.0,-6.0,6.0,6.0,6.0,-6.0,6.0,6.0,6.0,-6.0,6.0,7.0,7.0,-55.0,55.0,41.0,41.0,,,,,-27.0,27.0,41.0,41.0,-26.0,26.0,22.0,22.0,-34.0,34.0,23.0,23.0,-34.0,34.0,23.0,23.0,0.3262095896997184,45.670878864894405,0.7705485573926262,4.917853614837628,0.09948275282205839,16.824500127098233,0.14491705118485218,-0.011066820298399881,0.3037383177570093,0.34124235488544,46.580953785192186,0.7840993225783388,5.100077556498419,0.10725750525212177,16.412192687907886,0.16016333353406978,-0.02014277680454967,0.21962616822429906,1.0,28.0,1.0,28.0,1.0,28.0,1.0,28.0,0.0,-21.0,,,1.0,7.0,1.0,8.0,1.0,17.0,1.0,17.0,1.0,17.0,1.0,16.0,0.0,-18.0,,,0.0,-18.0,1.0,1.0
Male_ZZ_Fu Manchu,Male,ZZ_Fu Manchu,-6.0,6.0,8.0,8.0,-6.0,6.0,8.0,8.0,-6.0,6.0,8.0,8.0,-5.0,5.0,5.0,5.0,-17.0,17.0,56.0,56.0,,,,,-17.0,17.0,12.0,12.0,-15.0,15.0,13.0,13.0,-15.0,15.0,13.0,13.0,-15.0,15.0,13.0,13.0,0.307782619355995,44.40751281185685,0.7510262830095871,5.8389405855369345,0.1163796326321251,14.208132452381692,0.16534274510758104,-0.022398420026369183,0.13551401869158877,0.3321152964485026,45.694697201809035,0.7693346933783772,5.6552844028397695,0.11582902435944459,14.680298093429151,0.17045974952854076,-0.033999774500588394,0.11682242990654206,1.0,9.0,1.0,9.0,1.0,9.0,1.0,10.0,0.0,-2.0,,,0.0,-2.0,0.0,0.0,1.0,5.0,1.0,5.0,1.0,5.0,1.0,8.0,0.0,-43.0,,,1.0,1.0,0.0,0.0
Male_ZZ_Fu Manchu Goatee,Male,ZZ_Fu Manchu Goatee,-6.0,6.0,7.0,7.0,-6.0,6.0,7.0,7.0,-6.0,6.0,7.0,7.0,-5.0,5.0,5.0,5.0,-28.0,28.0,56.0,56.0,,,,,-55.0,55.0,62.0,62.0,-21.0,21.0,27.0,27.0,-22.0,22.0,27.0,27.0,-22.0,22.0,27.0,27.0,0.2713706373611343,41.386235725099795,0.7022780303921655,5.282939315399277,0.10598775523029408,15.589785981603663,0.15201098767091642,-0.004971508528584632,0.35046728971962615,0.2894189992797709,42.391467794079645,0.716888560591457,5.253924736039382,0.10590565664188883,15.717528061306323,0.15432297410267704,-0.010727874725778526,0.37850467289719625,1.0,16.0,1.0,16.0,1.0,16.0,1.0,17.0,0.0,-6.0,,,0.0,-33.0,1.0,1.0,1.0,20.0,1.0,20.0,1.0,20.0,1.0,22.0,0.0,-29.0,,,0.0,-35.0,0.0,0.0
Male_ZZ_Full Beard,Male,ZZ_Full Beard,-8.0,8.0,9.0,9.0,-8.0,8.0,9.0,9.0,-8.0,8.0,9.0,9.0,-7.0,7.0,8.0,8.0,,,87.0,87.0,,,,,-57.0,57.0,85.0,85.0,-13.0,13.0,12.0,12.0,-14.0,14.0,14.0,14.0,-14.0,14.0,14.0,14.0,0.1919306541714713,34.50285888832306,0.5905820624641726,3.8505869827920867,0.07952540091959373,20.955673204666276,0.11378130794696088,-0.007023627512922911,0.1261682242990654,0.21845034962502596,36.61630161677566,0.6246568776806382,4.172962643954659,0.08915138838238248,19.259761095247647,0.1299051728169873,-0.011793051646134563,0.1261682242990654,1.0,6.0,1.0,6.0,1.0,6.0,1.0,7.0,,,,,0.0,-43.0,1.0,1.0,1.0,5.0,1.0,5.0,1.0,5.0,1.0,6.0,0.0,-73.0,,,0.0,-71.0,1.0,2.0
Male_ZZ_Goatee,Male,ZZ_Goatee,-6.0,6.0,7.0,7.0,-6.0,6.0,7.0,7.0,-6.0,6.0,7.0,7.0,-6.0,6.0,6.0,6.0,-48.0,48.0,60.0,60.0,,,,,-27.0,27.0,56.0,56.0,-22.0,22.0,16.0,16.0,-22.0,22.0,18.0,18.0,-22.0,22.0,18.0,18.0,0.31620198181856457,44.94095354659535,0.7590855410862192,5.050895534107618,0.10144874741727451,16.6885910827323,0.14744756781970556,-0.023274785725869863,0.20093457943925233,0.3405620622857709,46.50642228572168,0.7828128371979589,5.020865444877298,0.10517990766702412,16.485021255553587,0.15444261190604489,-0.024986191330669084,0.1542056074766355,1.0,16.0,1.0,16.0,1.0,16.0,1.0,16.0,0.0,-26.0,,,0.0,-5.0,0.0,0.0,1.0,11.0,1.0,11.0,1.0,11.0,1.0,12.0,0.0,-42.0,,,0.0,-38.0,1.0,2.0
Male_ZZ_Grizzly Beard,Male,ZZ_Grizzly Beard,-8.0,8.0,9.0,9.0,-8.0,8.0,9.0,9.0,-8.0,8.0,9.0,9.0,-7.0,7.0,7.0,7.0,-103.0,103.0,103.0,103.0,,,,,,,,,,,,,,,,,,,,,0.19270485249635216,34.63965947160097,0.5929473668476132,4.04091830099019,0.08504505146224543,19.643925745129717,0.1203189068386015,0.011791575177807673,1.0,0.1944465269552213,34.701924524574636,0.593864404152487,4.132905634276778,0.08406780395552377,20.34528860067427,0.12458156172256425,0.015864717347599637,1.0,,,,,,,,,,,,,,,,,,,,,,,,,,,,,,,,
Male_ZZ_Mutton Chops,Male,ZZ_Mutton Chops,-5.0,5.0,6.0,6.0,-5.0,5.0,6.0,6.0,-5.0,5.0,6.0,6.0,-6.0,6.0,6.0,6.0,-64.0,64.0,22.0,22.0,,,,,-70.0,70.0,49.0,49.0,-12.0,12.0,14.0,14.0,-25.0,25.0,18.0,18.0,-25.0,25.0,18.0,18.0,0.30394991619564665,44.19217669406784,0.7477270221320268,5.134130840703288,0.10255583670904052,16.13732006653615,0.14835402643624343,-0.020049436348620976,0.19158878504672897,0.33512422247467755,45.948419644453814,0.7732518286766293,5.220001578818414,0.10965643092015079,16.22735911366639,0.1650170327498103,-0.02603861341409594,0.17289719626168223,1.0,20.0,1.0,20.0,1.0,20.0,1.0,19.0,0.0,-39.0,,,0.0,-45.0,1.0,13.0,1.0,12.0,1.0,12.0,1.0,12.0,1.0,12.0,0.0,-4.0,,,0.0,-31.0,1.0,4.0
Male_ZZ_Napoleon III,Male,ZZ_Napoleon III,-6.0,6.0,7.0,7.0,-6.0,6.0,7.0,7.0,-6.0,6.0,7.0,7.0,-6.0,6.0,6.0,6.0,-76.0,76.0,49.0,49.0,,,,,-90.0,90.0,19.0,19.0,-56.0,56.0,75.0,75.0,-57.0,57.0,75.0,75.0,-57.0,57.0,75.0,75.0,0.2674735436372668,40.88928085398451,0.6939073391606875,4.737592228000688,0.09572328229979524,18.030257659745505,0.14331628983172606,-0.009886020115602797,0.5467289719626168,0.28907619291376846,42.37025865661764,0.7168912031104632,5.163684576854249,0.10154105228519886,16.363094481707584,0.14841076397811467,-0.0039788501284946905,0.677570093457944,1.0,51.0,1.0,51.0,1.0,51.0,1.0,51.0,0.0,-19.0,,,0.0,-33.0,1.0,1.0,1.0,68.0,1.0,68.0,1.0,68.0,1.0,69.0,1.0,26.0,,,1.0,56.0,0.0,0.0
Male_ZZ_Officer,Male,ZZ_Officer,-6.0,6.0,7.0,7.0,-6.0,6.0,7.0,7.0,-6.0,6.0,7.0,7.0,-7.0,7.0,7.0,7.0,-35.0,35.0,22.0,22.0,,,,,-27.0,27.0,71.0,71.0,-20.0,20.0,17.0,17.0,-21.0,21.0,18.0,18.0,-21.0,21.0,18.0,18.0,0.3227502436281365,45.4037869778749,0.7663192112527993,5.256517061424033,0.1079451027062704,15.70383392476318,0.15810293988939725,-0.03413370780855696,0.19158878504672897,0.34850126560603345,46.999500085260266,0.7901816049127653,5.158679559200166,0.10900335487361267,16.08867556931393,0.16171866911902744,-0.03287243411362728,0.16355140186915887,1.0,15.0,1.0,15.0,1.0,15.0,1.0,14.0,0.0,-14.0,,,0.0,-6.0,1.0,1.0,1.0,11.0,1.0,11.0,1.0,11.0,1.0,11.0,0.0,-4.0,,,0.0,-53.0,1.0,1.0
Male_ZZ_Pioneer,Male,ZZ_Pioneer,-6.0,6.0,6.0,6.0,-6.0,6.0,6.0,6.0,-6.0,6.0,6.0,6.0,-6.0,6.0,6.0,6.0,-64.0,64.0,22.0,22.0,,,,,-70.0,70.0,80.0,80.0,-20.0,20.0,43.0,43.0,-45.0,45.0,43.0,43.0,-45.0,45.0,43.0,43.0,0.2873078450978359,42.66506314946112,0.7227906589613897,4.907505084960678,0.099033889518875,16.965900020416424,0.1440245912603612,-0.010492209519181296,0.3598130841121495,0.3223223881186726,44.94931776501308,0.7575128476753413,5.01618597212587,0.1052234914049367,16.44840168036767,0.15547193446249333,-0.014273046472362268,0.3878504672897196,1.0,39.0,1.0,39.0,1.0,39.0,1.0,39.0,0.0,-19.0,,,0.0,-25.0,1.0,25.0,1.0,37.0,1.0,37.0,1.0,37.0,1.0,37.0,1.0,21.0,,,0.0,-37.0,0.0,0.0
Male_ZZ_Stubbled,Male,ZZ_Stubbled,-5.0,5.0,7.0,7.0,-5.0,5.0,7.0,7.0,-5.0,5.0,7.0,7.0,-6.0,6.0,7.0,7.0,-88.0,88.0,55.0,55.0,,,,,-39.0,39.0,55.0,55.0,-21.0,21.0,69.0,69.0,-22.0,22.0,70.0,70.0,-22.0,22.0,70.0,70.0,0.331028212175191,46.18197495915065,0.7790332887774316,4.6147644515628015,0.09480583305769372,17.89368682526155,0.13707398292872142,-0.006681368172725784,0.37850467289719625,0.3130490105842876,44.31124713487714,0.74782426021645,4.686626819145178,0.09393094991829908,17.830011432756347,0.13653391353645414,0.005096684688719633,0.6495327102803738,1.0,17.0,1.0,17.0,1.0,17.0,1.0,16.0,0.0,-66.0,,,0.0,-17.0,1.0,1.0,1.0,63.0,1.0,63.0,1.0,63.0,1.0,63.0,1.0,15.0,,,1.0,15.0,1.0,1.0
