folder,expression,A_left,C_left,B_left,A_left_detected,C_left_detected,B_left_detected,ordering_left,A_to_C_gap_left,C_to_B_gap_left,A_to_B_gap_left,A_reason_left,C_reason_left,B_reason_left,A_right,C_right,B_right,A_right_detected,C_right_detected,B_right_detected,ordering_right,A_to_C_gap_right,C_to_B_gap_right,A_to_B_gap_right,A_reason_right,C_reason_right,B_reason_right
Female_+10,+10,99.0,77.0,45.0,True,True,True,B<C<A,22.0,32.0,54.0,sustained_threshold_crossing,sustained_threshold_crossing,sustained_prediction_failure,113.0,162.0,165.0,True,True,True,A<C<B,49.0,3.0,52.0,sustained_threshold_crossing,sustained_threshold_crossing,sustained_prediction_failure
Female_+20,+20,101.0,95.0,93.0,True,True,True,B<C<A,6.0,2.0,8.0,sustained_threshold_crossing,sustained_threshold_crossing,sustained_prediction_failure,112.0,121.0,128.0,True,True,True,A<C<B,9.0,7.0,16.0,sustained_threshold_crossing,sustained_threshold_crossing,sustained_prediction_failure
Female_+20_ZMouth Open Horizontal And Vertical,+20_ZMouth Open Horizontal And Vertical,96.0,71.0,70.0,True,True,True,B<C<A,25.0,1.0,26.0,sustained_threshold_crossing,sustained_threshold_crossing,sustained_prediction_failure,115.0,146.0,146.0,True,True,True,A<C=B,31.0,0.0,31.0,sustained_threshold_crossing,sustained_threshold_crossing,sustained_prediction_failure
Female_+30,+30,99.0,46.0,38.0,True,True,True,B<C<A,53.0,8.0,61.0,sustained_threshold_crossing,sustained_threshold_crossing,sustained_prediction_failure,114.0,156.0,179.0,True,True,True,A<C<B,42.0,23.0,65.0,sustained_threshold_crossing,sustained_threshold_crossing,sustained_prediction_failure
Female_+40,+40,99.0,38.0,38.0,True,True,True,C=B<A,61.0,0.0,61.0,sustained_threshold_crossing,sustained_threshold_crossing,sustained_prediction_failure,112.0,182.0,182.0,True,True,True,A<C=B,70.0,0.0,70.0,sustained_threshold_crossing,sustained_threshold_crossing,sustained_prediction_failure
Female_+50,+50,100.0,81.0,81.0,True,True,True,C=B<A,19.0,0.0,19.0,sustained_threshold_crossing,sustained_threshold_crossing,sustained_prediction_failure,112.0,129.0,129.0,True,True,True,A<C=B,17.0,0.0,17.0,sustained_threshold_crossing,sustained_threshold_crossing,sustained_prediction_failure
Female_+50_ZMouth Open Horizontal And Vertical,+50_ZMouth Open Horizontal And Vertical,99.0,39.0,39.0,True,True,True,C=B<A,60.0,0.0,60.0,sustained_threshold_crossing,sustained_threshold_crossing,sustained_prediction_failure,113.0,176.0,176.0,True,True,True,A<C=B,63.0,0.0,63.0,sustained_threshold_crossing,sustained_threshold_crossing,sustained_prediction_failure
Female_-10,-10,99.0,87.0,87.0,True,True,True,C=B<A,12.0,0.0,12.0,sustained_threshold_crossing,sustained_threshold_crossing,sustained_prediction_failure,114.0,127.0,127.0,True,True,True,A<C=B,13.0,0.0,13.0,sustained_threshold_crossing,sustained_threshold_crossing,sustained_prediction_failure
Female_-10_ZMouth Open Horizontal And Vertical,-10_ZMouth Open Horizontal And Vertical,100.0,85.0,85.0,True,True,True,C=B<A,15.0,0.0,15.0,sustained_threshold_crossing,sustained_threshold_crossing,sustained_prediction_failure,114.0,132.0,132.0,True,True,True,A<C=B,18.0,0.0,18.0,sustained_threshold_crossing,sustained_threshold_crossing,sustained_prediction_failure
Female_-20,-20,99.0,94.0,93.0,True,True,True,B<C<A,5.0,1.0,6.0,sustained_threshold_crossing,sustained_threshold_crossing,sustained_prediction_failure,112.0,120.0,120.0,True,True,True,A<C=B,8.0,0.0,8.0,sustained_threshold_crossing,sustained_threshold_crossing,sustained_prediction_failure
Female_-20_ZMouth Open Horizontal And Vertical,-20_ZMouth Open Horizontal And Vertical,99.0,73.0,72.0,True,True,True,B<C<A,26.0,1.0,27.0,sustained_threshold_crossing,sustained_threshold_crossing,sustained_prediction_failure,115.0,142.0,143.0,True,True,True,A<C<B,27.0,1.0,28.0,sustained_threshold_crossing,sustained_threshold_crossing,sustained_prediction_failure
Female_-30,-30,100.0,51.0,48.0,True,True,True,B<C<A,49.0,3.0,52.0,sustained_threshold_crossing,sustained_threshold_crossing,sustained_prediction_failure,113.0,165.0,166.0,True,True,True,A<C<B,52.0,1.0,53.0,sustained_threshold_crossing,sustained_threshold_crossing,sustained_prediction_failure
Female_-40,-40,97.0,33.0,33.0,True,True,True,C=B<A,64.0,0.0,64.0,sustained_threshold_crossing,sustained_threshold_crossing,sustained_prediction_failure,119.0,178.0,178.0,True,True,True,A<C=B,59.0,0.0,59.0,sustained_threshold_crossing,sustained_threshold_crossing,sustained_prediction_failure
Female_-50,-50,99.0,89.0,89.0,True,True,True,C=B<A,10.0,0.0,10.0,sustained_threshold_crossing,sustained_threshold_crossing,sustained_prediction_failure,112.0,123.0,123.0,True,True,True,A<C=B,11.0,0.0,11.0,sustained_threshold_crossing,sustained_threshold_crossing,sustained_prediction_failure
Female_-60,-60,102.0,83.0,83.0,True,True,True,C=B<A,19.0,0.0,19.0,sustained_threshold_crossing,sustained_threshold_crossing,sustained_prediction_failure,112.0,131.0,131.0,True,True,True,A<C=B,19.0,0.0,19.0,sustained_threshold_crossing,sustained_threshold_crossing,sustained_prediction_failure
Female_0,0,98.0,77.0,77.0,True,True,True,C=B<A,21.0,0.0,21.0,sustained_threshold_crossing,sustained_threshold_crossing,sustained_prediction_failure,112.0,138.0,138.0,True,True,True,A<C=B,26.0,0.0,26.0,sustained_threshold_crossing,sustained_threshold_crossing,sustained_prediction_failure
Female_Angry 01,Angry,100.0,89.0,77.0,True,True,True,B<C<A,11.0,12.0,23.0,sustained_threshold_crossing,sustained_threshold_crossing,sustained_prediction_failure,117.0,119.0,152.0,True,True,True,A<C<B,2.0,33.0,35.0,sustained_threshold_crossing,sustained_threshold_crossing,sustained_prediction_failure
Female_Angry 02,Angry,96.0,101.0,38.0,True,True,True,B<A<C,5.0,63.0,58.0,sustained_threshold_crossing,sustained_threshold_crossing,sustained_prediction_failure,120.0,135.0,136.0,True,True,True,A<C<B,15.0,1.0,16.0,sustained_threshold_crossing,sustained_threshold_crossing,sustained_prediction_failure
Female_Angry 03,Angry,98.0,87.0,86.0,True,True,True,B<C<A,11.0,1.0,12.0,sustained_threshold_crossing,sustained_threshold_crossing,sustained_prediction_failure,117.0,129.0,129.0,True,True,True,A<C=B,12.0,0.0,12.0,sustained_threshold_crossing,sustained_threshold_crossing,sustained_prediction_failure
Female_Angry 04,Angry,99.0,94.0,93.0,True,True,True,B<C<A,5.0,1.0,6.0,sustained_threshold_crossing,sustained_threshold_crossing,sustained_prediction_failure,114.0,121.0,126.0,True,True,True,A<C<B,7.0,5.0,12.0,sustained_threshold_crossing,sustained_threshold_crossing,sustained_prediction_failure
Female_Angry 05,Angry,94.0,78.0,77.0,True,True,True,B<C<A,16.0,1.0,17.0,sustained_threshold_crossing,sustained_threshold_crossing,sustained_prediction_failure,119.0,128.0,129.0,True,True,True,A<C<B,9.0,1.0,10.0,sustained_threshold_crossing,sustained_threshold_crossing,sustained_prediction_failure
Female_Anguish,Anguish,100.0,96.0,95.0,True,True,True,B<C<A,4.0,1.0,5.0,sustained_threshold_crossing,sustained_threshold_crossing,sustained_prediction_failure,114.0,119.0,135.0,True,True,True,A<C<B,5.0,16.0,21.0,sustained_threshold_crossing,sustained_threshold_crossing,sustained_prediction_failure
Female_Animosity Growl,Animosity Growl,101.0,46.0,44.0,True,True,True,B<C<A,55.0,2.0,57.0,sustained_threshold_crossing,sustained_threshold_crossing,sustained_prediction_failure,111.0,171.0,171.0,True,True,True,A<C=B,60.0,0.0,60.0,sustained_threshold_crossing,sustained_threshold_crossing,sustained_prediction_failure
Female_Animosity Rebellious,Animosity Rebellious,100.0,82.0,78.0,True,True,True,B<C<A,18.0,4.0,22.0,sustained_threshold_crossing,sustained_threshold_crossing,sustained_prediction_failure,113.0,136.0,136.0,True,True,True,A<C=B,23.0,0.0,23.0,sustained_threshold_crossing,sustained_threshold_crossing,sustained_prediction_failure
Female_Bored 01,Bored,100.0,95.0,94.0,True,True,True,B<C<A,5.0,1.0,6.0,sustained_threshold_crossing,sustained_threshold_crossing,sustained_prediction_failure,113.0,132.0,136.0,True,True,True,A<C<B,19.0,4.0,23.0,sustained_threshold_crossing,sustained_threshold_crossing,sustained_prediction_failure
Female_Bored 02,Bored,99.0,94.0,94.0,True,True,True,C=B<A,5.0,0.0,5.0,sustained_threshold_crossing,sustained_threshold_crossing,sustained_prediction_failure,115.0,121.0,138.0,True,True,True,A<C<B,6.0,17.0,23.0,sustained_threshold_crossing,sustained_threshold_crossing,sustained_prediction_failure
Female_Bored 03,Bored,99.0,101.0,98.0,True,True,True,B<A<C,2.0,3.0,1.0,sustained_threshold_crossing,sustained_threshold_crossing,sustained_prediction_failure,118.0,115.0,117.0,True,True,True,C<B<A,3.0,2.0,1.0,sustained_threshold_crossing,sustained_threshold_crossing,sustained_prediction_failure
Female_Bored 04,Bored,97.0,87.0,86.0,True,True,True,B<C<A,10.0,1.0,11.0,sustained_threshold_crossing,sustained_threshold_crossing,sustained_prediction_failure,119.0,130.0,138.0,True,True,True,A<C<B,11.0,8.0,19.0,sustained_threshold_crossing,sustained_threshold_crossing,sustained_prediction_failure
Female_Bored 05,Bored,98.0,98.0,94.0,True,True,True,B<A=C,0.0,4.0,4.0,sustained_threshold_crossing,sustained_threshold_crossing,sustained_prediction_failure,118.0,118.0,120.0,True,True,True,A=C<B,0.0,2.0,2.0,sustained_threshold_crossing,sustained_threshold_crossing,sustained_prediction_failure
Female_BreathTaking Over The Moon,BreathTaking Over The Moon,98.0,49.0,43.0,True,True,True,B<C<A,49.0,6.0,55.0,sustained_threshold_crossing,sustained_threshold_crossing,sustained_prediction_failure,112.0,171.0,193.0,True,True,True,A<C<B,59.0,22.0,81.0,sustained_threshold_crossing,sustained_threshold_crossing,sustained_prediction_failure
Female_Chewing,Chewing,99.0,93.0,91.0,True,True,True,B<C<A,6.0,2.0,8.0,sustained_threshold_crossing,sustained_threshold_crossing,sustained_prediction_failure,116.0,133.0,133.0,True,True,True,A<C=B,17.0,0.0,17.0,sustained_threshold_crossing,sustained_threshold_crossing,sustained_prediction_failure
Female_Choking,Choking,97.0,91.0,84.0,True,True,True,B<C<A,6.0,7.0,13.0,sustained_threshold_crossing,sustained_threshold_crossing,sustained_prediction_failure,117.0,124.0,124.0,True,True,True,A<C=B,7.0,0.0,7.0,sustained_threshold_crossing,sustained_threshold_crossing,sustained_prediction_failure
Female_Coughing,Coughing,96.0,42.0,42.0,True,True,True,C=B<A,54.0,0.0,54.0,sustained_threshold_crossing,sustained_threshold_crossing,sustained_prediction_failure,117.0,172.0,172.0,True,True,True,A<C=B,55.0,0.0,55.0,sustained_threshold_crossing,sustained_threshold_crossing,sustained_prediction_failure
Female_Crazed,Crazed,98.0,76.0,76.0,True,True,True,C=B<A,22.0,0.0,22.0,sustained_threshold_crossing,sustained_threshold_crossing,sustained_prediction_failure,115.0,166.0,166.0,True,True,True,A<C=B,51.0,0.0,51.0,sustained_threshold_crossing,sustained_threshold_crossing,sustained_prediction_failure
Female_Crying,Crying,100.0,98.0,95.0,True,True,True,B<C<A,2.0,3.0,5.0,sustained_threshold_crossing,sustained_threshold_crossing,sustained_prediction_failure,114.0,113.0,122.0,True,True,True,C<A<B,1.0,9.0,8.0,sustained_threshold_crossing,sustained_threshold_crossing,sustained_prediction_failure
Female_Cute 01,Cute,98.0,92.0,90.0,True,True,True,B<C<A,6.0,2.0,8.0,sustained_threshold_crossing,sustained_threshold_crossing,sustained_prediction_failure,118.0,137.0,137.0,True,True,True,A<C=B,19.0,0.0,19.0,sustained_threshold_crossing,sustained_threshold_crossing,sustained_prediction_failure
Female_Cute 02,Cute,100.0,107.0,90.0,True,True,True,B<A<C,7.0,17.0,10.0,sustained_threshold_crossing,sustained_threshold_crossing,sustained_prediction_failure,118.0,107.0,130.0,True,True,True,C<A<B,11.0,23.0,12.0,sustained_threshold_crossing,sustained_threshold_crossing,sustained_prediction_failure
Female_Cute 03,Cute,99.0,92.0,90.0,True,True,True,B<C<A,7.0,2.0,9.0,sustained_threshold_crossing,sustained_threshold_crossing,sustained_prediction_failure,118.0,127.0,128.0,True,True,True,A<C<B,9.0,1.0,10.0,sustained_threshold_crossing,sustained_threshold_crossing,sustained_prediction_failure
Female_Cute 04,Cute,100.0,91.0,88.0,True,True,True,B<C<A,9.0,3.0,12.0,sustained_threshold_crossing,sustained_threshold_crossing,sustained_prediction_failure,118.0,121.0,126.0,True,True,True,A<C<B,3.0,5.0,8.0,sustained_threshold_crossing,sustained_threshold_crossing,sustained_prediction_failure
Female_Cute 05,Cute,97.0,96.0,95.0,True,True,True,B<C<A,1.0,1.0,2.0,sustained_threshold_crossing,sustained_threshold_crossing,sustained_prediction_failure,118.0,118.0,119.0,True,True,True,A=C<B,0.0,1.0,1.0,sustained_threshold_crossing,sustained_threshold_crossing,sustained_prediction_failure
Female_Despise 01,Despise,98.0,88.0,87.0,True,True,True,B<C<A,10.0,1.0,11.0,sustained_threshold_crossing,sustained_threshold_crossing,sustained_prediction_failure,119.0,115.0,120.0,True,True,True,C<A<B,4.0,5.0,1.0,sustained_threshold_crossing,sustained_threshold_crossing,sustained_prediction_failure
Female_Despise 02,Despise,98.0,79.0,78.0,True,True,True,B<C<A,19.0,1.0,20.0,sustained_threshold_crossing,sustained_threshold_crossing,sustained_prediction_failure,117.0,132.0,134.0,True,True,True,A<C<B,15.0,2.0,17.0,sustained_threshold_crossing,sustained_threshold_crossing,sustained_prediction_failure
Female_Despise 03,Despise,98.0,87.0,85.0,True,True,True,B<C<A,11.0,2.0,13.0,sustained_threshold_crossing,sustained_threshold_crossing,sustained_prediction_failure,118.0,128.0,130.0,True,True,True,A<C<B,10.0,2.0,12.0,sustained_threshold_crossing,sustained_threshold_crossing,sustained_prediction_failure
Female_Despise 04,Despise,98.0,97.0,94.0,True,True,True,B<C<A,1.0,3.0,4.0,sustained_threshold_crossing,sustained_threshold_crossing,sustained_prediction_failure,117.0,124.0,125.0,True,True,True,A<C<B,7.0,1.0,8.0,sustained_threshold_crossing,sustained_threshold_crossing,sustained_prediction_failure
Female_Despise 05,Despise,97.0,86.0,84.0,True,True,True,B<C<A,11.0,2.0,13.0,sustained_threshold_crossing,sustained_threshold_crossing,sustained_prediction_failure,119.0,115.0,119.0,True,True,True,C<A=B,4.0,4.0,0.0,sustained_threshold_crossing,sustained_threshold_crossing,sustained_prediction_failure
Female_Determined,Determined,99.0,88.0,88.0,True,True,True,C=B<A,11.0,0.0,11.0,sustained_threshold_crossing,sustained_threshold_crossing,sustained_prediction_failure,114.0,126.0,128.0,True,True,True,A<C<B,12.0,2.0,14.0,sustained_threshold_crossing,sustained_threshold_crossing,sustained_prediction_failure
Female_Distrust 01,Distrust,98.0,102.0,96.0,True,True,True,B<A<C,4.0,6.0,2.0,sustained_threshold_crossing,sustained_threshold_crossing,sustained_prediction_failure,118.0,118.0,120.0,True,True,True,A=C<B,0.0,2.0,2.0,sustained_threshold_crossing,sustained_threshold_crossing,sustained_prediction_failure
Female_Distrust 02,Distrust,99.0,100.0,98.0,True,True,True,B<A<C,1.0,2.0,1.0,sustained_threshold_crossing,sustained_threshold_crossing,sustained_prediction_failure,118.0,111.0,113.0,True,True,True,C<B<A,7.0,2.0,5.0,sustained_threshold_crossing,sustained_threshold_crossing,sustained_prediction_failure
Female_Distrust 03,Distrust,98.0,89.0,88.0,True,True,True,B<C<A,9.0,1.0,10.0,sustained_threshold_crossing,sustained_threshold_crossing,sustained_prediction_failure,118.0,137.0,138.0,True,True,True,A<C<B,19.0,1.0,20.0,sustained_threshold_crossing,sustained_threshold_crossing,sustained_prediction_failure
Female_Distrust 04,Distrust,99.0,92.0,88.0,True,True,True,B<C<A,7.0,4.0,11.0,sustained_threshold_crossing,sustained_threshold_crossing,sustained_prediction_failure,118.0,120.0,120.0,True,True,True,A<C=B,2.0,0.0,2.0,sustained_threshold_crossing,sustained_threshold_crossing,sustained_prediction_failure
Female_Distrust 05,Distrust,100.0,99.0,98.0,True,True,True,B<C<A,1.0,1.0,2.0,sustained_threshold_crossing,sustained_threshold_crossing,sustained_prediction_failure,118.0,125.0,126.0,True,True,True,A<C<B,7.0,1.0,8.0,sustained_threshold_crossing,sustained_threshold_crossing,sustained_prediction_failure
Female_Empathy 01,Empathy,100.0,104.0,98.0,True,True,True,B<A<C,4.0,6.0,2.0,sustained_threshold_crossing,sustained_threshold_crossing,sustained_prediction_failure,117.0,109.0,118.0,True,True,True,C<A<B,8.0,9.0,1.0,sustained_threshold_crossing,sustained_threshold_crossing,sustained_prediction_failure
Female_Empathy 02,Empathy,98.0,91.0,90.0,True,True,True,B<C<A,7.0,1.0,8.0,sustained_threshold_crossing,sustained_threshold_crossing,sustained_prediction_failure,118.0,120.0,126.0,True,True,True,A<C<B,2.0,6.0,8.0,sustained_threshold_crossing,sustained_threshold_crossing,sustained_prediction_failure
Female_Empathy 03,Empathy,99.0,99.0,96.0,True,True,True,B<A=C,0.0,3.0,3.0,sustained_threshold_crossing,sustained_threshold_crossing,sustained_prediction_failure,116.0,125.0,130.0,True,True,True,A<C<B,9.0,5.0,14.0,sustained_threshold_crossing,sustained_threshold_crossing,sustained_prediction_failure
Female_Empathy 04,Empathy,98.0,99.0,91.0,True,True,True,B<A<C,1.0,8.0,7.0,sustained_threshold_crossing,sustained_threshold_crossing,sustained_prediction_failure,117.0,121.0,123.0,True,True,True,A<C<B,4.0,2.0,6.0,sustained_threshold_crossing,sustained_threshold_crossing,sustained_prediction_failure
Female_Empathy 05,Empathy,98.0,99.0,99.0,True,True,True,A<C=B,1.0,0.0,1.0,sustained_threshold_crossing,sustained_threshold_crossing,sustained_prediction_failure,117.0,135.0,135.0,True,True,True,A<C=B,18.0,0.0,18.0,sustained_threshold_crossing,sustained_threshold_crossing,sustained_prediction_failure
Female_Expressions Anger 01,Expressions Anger,98.0,98.0,97.0,True,True,True,B<A=C,0.0,1.0,1.0,sustained_threshold_crossing,sustained_threshold_crossing,sustained_prediction_failure,127.0,119.0,122.0,True,True,True,C<B<A,8.0,3.0,5.0,sustained_threshold_crossing,sustained_threshold_crossing,sustained_prediction_failure
Female_Expressions Anger 02,Expressions Anger,96.0,84.0,83.0,True,True,True,B<C<A,12.0,1.0,13.0,sustained_threshold_crossing,sustained_threshold_crossing,sustained_prediction_failure,124.0,125.0,127.0,True,True,True,A<C<B,1.0,2.0,3.0,sustained_threshold_crossing,sustained_threshold_crossing,sustained_prediction_failure
Female_Expressions Anger 03,Expressions Anger,98.0,85.0,84.0,True,True,True,B<C<A,13.0,1.0,14.0,sustained_threshold_crossing,sustained_threshold_crossing,sustained_prediction_failure,125.0,125.0,127.0,True,True,True,A=C<B,0.0,2.0,2.0,sustained_threshold_crossing,sustained_threshold_crossing,sustained_prediction_failure
Female_Expressions Anger 04,Expressions Anger,97.0,93.0,93.0,True,True,True,C=B<A,4.0,0.0,4.0,sustained_threshold_crossing,sustained_threshold_crossing,sustained_prediction_failure,127.0,130.0,131.0,True,True,True,A<C<B,3.0,1.0,4.0,sustained_threshold_crossing,sustained_threshold_crossing,sustained_prediction_failure
Female_Expressions Anger 05,Expressions Anger,96.0,85.0,85.0,True,True,True,C=B<A,11.0,0.0,11.0,sustained_threshold_crossing,sustained_threshold_crossing,sustained_prediction_failure,125.0,124.0,125.0,True,True,True,C<A=B,1.0,1.0,0.0,sustained_threshold_crossing,sustained_threshold_crossing,sustained_prediction_failure
Female_Expressions Confusion 01,Expressions Confusion,97.0,95.0,95.0,True,True,True,C=B<A,2.0,0.0,2.0,sustained_threshold_crossing,sustained_threshold_crossing,sustained_prediction_failure,128.0,129.0,136.0,True,True,True,A<C<B,1.0,7.0,8.0,sustained_threshold_crossing,sustained_threshold_crossing,sustained_prediction_failure
Female_Expressions Confusion 02,Expressions Confusion,99.0,94.0,84.0,True,True,True,B<C<A,5.0,10.0,15.0,sustained_threshold_crossing,sustained_threshold_crossing,sustained_prediction_failure,128.0,128.0,128.0,True,True,True,tie_all,0.0,0.0,0.0,sustained_threshold_crossing,sustained_threshold_crossing,sustained_prediction_failure
Female_Expressions Confusion 03,Expressions Confusion,98.0,99.0,97.0,True,True,True,B<A<C,1.0,2.0,1.0,sustained_threshold_crossing,sustained_threshold_crossing,sustained_prediction_failure,126.0,126.0,127.0,True,True,True,A=C<B,0.0,1.0,1.0,sustained_threshold_crossing,sustained_threshold_crossing,sustained_prediction_failure
Female_Expressions Confusion 04,Expressions Confusion,97.0,100.0,98.0,True,True,True,A<B<C,3.0,2.0,1.0,sustained_threshold_crossing,sustained_threshold_crossing,sustained_prediction_failure,127.0,119.0,127.0,True,True,True,C<A=B,8.0,8.0,0.0,sustained_threshold_crossing,sustained_threshold_crossing,sustained_prediction_failure
Female_Expressions Confusion 05,Expressions Confusion,99.0,86.0,84.0,True,True,True,B<C<A,13.0,2.0,15.0,sustained_threshold_crossing,sustained_threshold_crossing,sustained_prediction_failure,130.0,134.0,134.0,True,True,True,A<C=B,4.0,0.0,4.0,sustained_threshold_crossing,sustained_threshold_crossing,sustained_prediction_failure
Female_Expressions Contempt 01,Expressions Contempt,97.0,97.0,87.0,True,True,True,B<A=C,0.0,10.0,10.0,sustained_threshold_crossing,sustained_threshold_crossing,sustained_prediction_failure,127.0,124.0,127.0,True,True,True,C<A=B,3.0,3.0,0.0,sustained_threshold_crossing,sustained_threshold_crossing,sustained_prediction_failure
Female_Expressions Contempt 02,Expressions Contempt,97.0,98.0,97.0,True,True,True,A=B<C,1.0,1.0,0.0,sustained_threshold_crossing,sustained_threshold_crossing,sustained_prediction_failure,127.0,148.0,150.0,True,True,True,A<C<B,21.0,2.0,23.0,sustained_threshold_crossing,sustained_threshold_crossing,sustained_prediction_failure
Female_Expressions Contempt 03,Expressions Contempt,98.0,83.0,83.0,True,True,True,C=B<A,15.0,0.0,15.0,sustained_threshold_crossing,sustained_threshold_crossing,sustained_prediction_failure,127.0,138.0,140.0,True,True,True,A<C<B,11.0,2.0,13.0,sustained_threshold_crossing,sustained_threshold_crossing,sustained_prediction_failure
Female_Expressions Contempt 04,Expressions Contempt,97.0,97.0,95.0,True,True,True,B<A=C,0.0,2.0,2.0,sustained_threshold_crossing,sustained_threshold_crossing,sustained_prediction_failure,127.0,124.0,127.0,True,True,True,C<A=B,3.0,3.0,0.0,sustained_threshold_crossing,sustained_threshold_crossing,sustained_prediction_failure
Female_Expressions Contempt 05,Expressions Contempt,97.0,78.0,77.0,True,True,True,B<C<A,19.0,1.0,20.0,sustained_threshold_crossing,sustained_threshold_crossing,sustained_prediction_failure,129.0,133.0,139.0,True,True,True,A<C<B,4.0,6.0,10.0,sustained_threshold_crossing,sustained_threshold_crossing,sustained_prediction_failure
Female_Expressions Desire 01,Expressions Desire,98.0,102.0,100.0,True,True,True,A<B<C,4.0,2.0,2.0,sustained_threshold_crossing,sustained_threshold_crossing,sustained_prediction_failure,127.0,119.0,120.0,True,True,True,C<B<A,8.0,1.0,7.0,sustained_threshold_crossing,sustained_threshold_crossing,sustained_prediction_failure
Female_Expressions Desire 02,Expressions Desire,97.0,88.0,86.0,True,True,True,B<C<A,9.0,2.0,11.0,sustained_threshold_crossing,sustained_threshold_crossing,sustained_prediction_failure,127.0,159.0,159.0,True,True,True,A<C=B,32.0,0.0,32.0,sustained_threshold_crossing,sustained_threshold_crossing,sustained_prediction_failure
Female_Expressions Desire 03,Expressions Desire,97.0,99.0,92.0,True,True,True,B<A<C,2.0,7.0,5.0,sustained_threshold_crossing,sustained_threshold_crossing,sustained_prediction_failure,128.0,126.0,130.0,True,True,True,C<A<B,2.0,4.0,2.0,sustained_threshold_crossing,sustained_threshold_crossing,sustained_prediction_failure
Female_Expressions Desire 04,Expressions Desire,94.0,73.0,73.0,True,True,True,C=B<A,21.0,0.0,21.0,sustained_threshold_crossing,sustained_threshold_crossing,sustained_prediction_failure,119.0,129.0,129.0,True,True,True,A<C=B,10.0,0.0,10.0,sustained_threshold_crossing,sustained_threshold_crossing,sustained_prediction_failure
Female_Expressions Desire 05,Expressions Desire,97.0,57.0,57.0,True,True,True,C=B<A,40.0,0.0,40.0,sustained_threshold_crossing,sustained_threshold_crossing,sustained_prediction_failure,129.0,144.0,146.0,True,True,True,A<C<B,15.0,2.0,17.0,sustained_threshold_crossing,sustained_threshold_crossing,sustained_prediction_failure
Female_Expressions Disgust 01,Expressions Disgust,98.0,82.0,82.0,True,True,True,C=B<A,16.0,0.0,16.0,sustained_threshold_crossing,sustained_threshold_crossing,sustained_prediction_failure,129.0,133.0,138.0,True,True,True,A<C<B,4.0,5.0,9.0,sustained_threshold_crossing,sustained_threshold_crossing,sustained_prediction_failure
Female_Expressions Disgust 02,Expressions Disgust,98.0,70.0,70.0,True,True,True,C=B<A,28.0,0.0,28.0,sustained_threshold_crossing,sustained_threshold_crossing,sustained_prediction_failure,126.0,138.0,138.0,True,True,True,A<C=B,12.0,0.0,12.0,sustained_threshold_crossing,sustained_threshold_crossing,sustained_prediction_failure
Female_Expressions Disgust 03,Expressions Disgust,97.0,95.0,93.0,True,True,True,B<C<A,2.0,2.0,4.0,sustained_threshold_crossing,sustained_threshold_crossing,sustained_prediction_failure,126.0,124.0,125.0,True,True,True,C<B<A,2.0,1.0,1.0,sustained_threshold_crossing,sustained_threshold_crossing,sustained_prediction_failure
Female_Expressions Disgust 04,Expressions Disgust,100.0,85.0,82.0,True,True,True,B<C<A,15.0,3.0,18.0,sustained_threshold_crossing,sustained_threshold_crossing,sustained_prediction_failure,123.0,140.0,146.0,True,True,True,A<C<B,17.0,6.0,23.0,sustained_threshold_crossing,sustained_threshold_crossing,sustained_prediction_failure
Female_Expressions Disgust 05,Expressions Disgust,97.0,94.0,94.0,True,True,True,C=B<A,3.0,0.0,3.0,sustained_threshold_crossing,sustained_threshold_crossing,sustained_prediction_failure,125.0,124.0,130.0,True,True,True,C<A<B,1.0,6.0,5.0,sustained_threshold_crossing,sustained_threshold_crossing,sustained_prediction_failure
Female_Expressions Excitement 01,Expressions Excitement,97.0,87.0,81.0,True,True,True,B<C<A,10.0,6.0,16.0,sustained_threshold_crossing,sustained_threshold_crossing,sustained_prediction_failure,129.0,128.0,131.0,True,True,True,C<A<B,1.0,3.0,2.0,sustained_threshold_crossing,sustained_threshold_crossing,sustained_prediction_failure
Female_Expressions Excitement 02,Expressions Excitement,98.0,87.0,82.0,True,True,True,B<C<A,11.0,5.0,16.0,sustained_threshold_crossing,sustained_threshold_crossing,sustained_prediction_failure,129.0,152.0,152.0,True,True,True,A<C=B,23.0,0.0,23.0,sustained_threshold_crossing,sustained_threshold_crossing,sustained_prediction_failure
Female_Expressions Excitement 03,Expressions Excitement,97.0,98.0,95.0,True,True,True,B<A<C,1.0,3.0,2.0,sustained_threshold_crossing,sustained_threshold_crossing,sustained_prediction_failure,127.0,123.0,124.0,True,True,True,C<B<A,4.0,1.0,3.0,sustained_threshold_crossing,sustained_threshold_crossing,sustained_prediction_failure
Female_Expressions Excitement 04,Expressions Excitement,96.0,72.0,70.0,True,True,True,B<C<A,24.0,2.0,26.0,sustained_threshold_crossing,sustained_threshold_crossing,sustained_prediction_failure,129.0,121.0,127.0,True,True,True,C<B<A,8.0,6.0,2.0,sustained_threshold_crossing,sustained_threshold_crossing,sustained_prediction_failure
Female_Expressions Excitement 05,Expressions Excitement,98.0,92.0,91.0,True,True,True,B<C<A,6.0,1.0,7.0,sustained_threshold_crossing,sustained_threshold_crossing,sustained_prediction_failure,129.0,120.0,125.0,True,True,True,C<B<A,9.0,5.0,4.0,sustained_threshold_crossing,sustained_threshold_crossing,sustained_prediction_failure
Female_Expressions Fear 01,Expressions Fear,97.0,94.0,88.0,True,True,True,B<C<A,3.0,6.0,9.0,sustained_threshold_crossing,sustained_threshold_crossing,sustained_prediction_failure,128.0,127.0,131.0,True,True,True,C<A<B,1.0,4.0,3.0,sustained_threshold_crossing,sustained_threshold_crossing,sustained_prediction_failure
Female_Expressions Fear 02,Expressions Fear,96.0,88.0,81.0,True,True,True,B<C<A,8.0,7.0,15.0,sustained_threshold_crossing,sustained_threshold_crossing,sustained_prediction_failure,130.0,136.0,138.0,True,True,True,A<C<B,6.0,2.0,8.0,sustained_threshold_crossing,sustained_threshold_crossing,sustained_prediction_failure
Female_Expressions Fear 03,Expressions Fear,98.0,92.0,86.0,True,True,True,B<C<A,6.0,6.0,12.0,sustained_threshold_crossing,sustained_threshold_crossing,sustained_prediction_failure,127.0,120.0,126.0,True,True,True,C<B<A,7.0,6.0,1.0,sustained_threshold_crossing,sustained_threshold_crossing,sustained_prediction_failure
Female_Expressions Fear 04,Expressions Fear,98.0,97.0,96.0,True,True,True,B<C<A,1.0,1.0,2.0,sustained_threshold_crossing,sustained_threshold_crossing,sustained_prediction_failure,127.0,121.0,126.0,True,True,True,C<B<A,6.0,5.0,1.0,sustained_threshold_crossing,sustained_threshold_crossing,sustained_prediction_failure
Female_Expressions Fear 05,Expressions Fear,97.0,97.0,95.0,True,True,True,B<A=C,0.0,2.0,2.0,sustained_threshold_crossing,sustained_threshold_crossing,sustained_prediction_failure,128.0,124.0,128.0,True,True,True,C<A=B,4.0,4.0,0.0,sustained_threshold_crossing,sustained_threshold_crossing,sustained_prediction_failure
Female_Expressions Happiness 01,Expressions Happiness,98.0,83.0,81.0,True,True,True,B<C<A,15.0,2.0,17.0,sustained_threshold_crossing,sustained_threshold_crossing,sustained_prediction_failure,127.0,125.0,126.0,True,True,True,C<B<A,2.0,1.0,1.0,sustained_threshold_crossing,sustained_threshold_crossing,sustained_prediction_failure
Female_Expressions Happiness 02,Expressions Happiness,98.0,93.0,85.0,True,True,True,B<C<A,5.0,8.0,13.0,sustained_threshold_crossing,sustained_threshold_crossing,sustained_prediction_failure,127.0,126.0,131.0,True,True,True,C<A<B,1.0,5.0,4.0,sustained_threshold_crossing,sustained_threshold_crossing,sustained_prediction_failure
Female_Expressions Happiness 03,Expressions Happiness,97.0,96.0,83.0,True,True,True,B<C<A,1.0,13.0,14.0,sustained_threshold_crossing,sustained_threshold_crossing,sustained_prediction_failure,130.0,130.0,130.0,True,True,True,tie_all,0.0,0.0,0.0,sustained_threshold_crossing,sustained_threshold_crossing,sustained_prediction_failure
Female_Expressions Happiness 04,Expressions Happiness,97.0,82.0,81.0,True,True,True,B<C<A,15.0,1.0,16.0,sustained_threshold_crossing,sustained_threshold_crossing,sustained_prediction_failure,129.0,126.0,137.0,True,True,True,C<A<B,3.0,11.0,8.0,sustained_threshold_crossing,sustained_threshold_crossing,sustained_prediction_failure
Female_Expressions Happiness 05,Expressions Happiness,97.0,80.0,78.0,True,True,True,B<C<A,17.0,2.0,19.0,sustained_threshold_crossing,sustained_threshold_crossing,sustained_prediction_failure,129.0,130.0,132.0,True,True,True,A<C<B,1.0,2.0,3.0,sustained_threshold_crossing,sustained_threshold_crossing,sustained_prediction_failure
Female_Expressions Sadness 01,Expressions Sadness,98.0,94.0,85.0,True,True,True,B<C<A,4.0,9.0,13.0,sustained_threshold_crossing,sustained_threshold_crossing,sustained_prediction_failure,127.0,120.0,125.0,True,True,True,C<B<A,7.0,5.0,2.0,sustained_threshold_crossing,sustained_threshold_crossing,sustained_prediction_failure
Female_Expressions Sadness 02,Expressions Sadness,96.0,57.0,57.0,True,True,True,C=B<A,39.0,0.0,39.0,sustained_threshold_crossing,sustained_threshold_crossing,sustained_prediction_failure,128.0,146.0,153.0,True,True,True,A<C<B,18.0,7.0,25.0,sustained_threshold_crossing,sustained_threshold_crossing,sustained_prediction_failure
Female_Expressions Sadness 03,Expressions Sadness,98.0,99.0,98.0,True,True,True,A=B<C,1.0,1.0,0.0,sustained_threshold_crossing,sustained_threshold_crossing,sustained_prediction_failure,126.0,120.0,125.0,True,True,True,C<B<A,6.0,5.0,1.0,sustained_threshold_crossing,sustained_threshold_crossing,sustained_prediction_failure
Female_Expressions Sadness 04,Expressions Sadness,99.0,95.0,94.0,True,True,True,B<C<A,4.0,1.0,5.0,sustained_threshold_crossing,sustained_threshold_crossing,sustained_prediction_failure,127.0,127.0,127.0,True,True,True,tie_all,0.0,0.0,0.0,sustained_threshold_crossing,sustained_threshold_crossing,sustained_prediction_failure
Female_Expressions Sadness 05,Expressions Sadness,98.0,92.0,85.0,True,True,True,B<C<A,6.0,7.0,13.0,sustained_threshold_crossing,sustained_threshold_crossing,sustained_prediction_failure,128.0,130.0,131.0,True,True,True,A<C<B,2.0,1.0,3.0,sustained_threshold_crossing,sustained_threshold_crossing,sustained_prediction_failure
Female_Expressions Surprise 01,Expressions Surprise,99.0,42.0,42.0,True,True,True,C=B<A,57.0,0.0,57.0,sustained_threshold_crossing,sustained_threshold_crossing,sustained_prediction_failure,124.0,165.0,166.0,True,True,True,A<C<B,41.0,1.0,42.0,sustained_threshold_crossing,sustained_threshold_crossing,sustained_prediction_failure
Female_Expressions Surprise 02,Expressions Surprise,98.0,82.0,82.0,True,True,True,C=B<A,16.0,0.0,16.0,sustained_threshold_crossing,sustained_threshold_crossing,sustained_prediction_failure,128.0,128.0,134.0,True,True,True,A=C<B,0.0,6.0,6.0,sustained_threshold_crossing,sustained_threshold_crossing,sustained_prediction_failure
Female_Expressions Surprise 03,Expressions Surprise,98.0,92.0,90.0,True,True,True,B<C<A,6.0,2.0,8.0,sustained_threshold_crossing,sustained_threshold_crossing,sustained_prediction_failure,129.0,130.0,131.0,True,True,True,A<C<B,1.0,1.0,2.0,sustained_threshold_crossing,sustained_threshold_crossing,sustained_prediction_failure
Female_Expressions Surprise 04,Expressions Surprise,96.0,87.0,86.0,True,True,True,B<C<A,9.0,1.0,10.0,sustained_threshold_crossing,sustained_threshold_crossing,sustained_prediction_failure,130.0,141.0,146.0,True,True,True,A<C<B,11.0,5.0,16.0,sustained_threshold_crossing,sustained_threshold_crossing,sustained_prediction_failure
Female_Expressions Surprise 05,Expressions Surprise,97.0,84.0,75.0,True,True,True,B<C<A,13.0,9.0,22.0,sustained_threshold_crossing,sustained_threshold_crossing,sustained_prediction_failure,130.0,140.0,141.0,True,True,True,A<C<B,10.0,1.0,11.0,sustained_threshold_crossing,sustained_threshold_crossing,sustained_prediction_failure
Female_Eyeglasses 1,Eyeglasses,103.0,22.0,22.0,True,True,True,C=B<A,81.0,0.0,81.0,sustained_threshold_crossing,sustained_threshold_crossing,sustained_prediction_failure,110.0,193.0,193.0,True,True,True,A<C=B,83.0,0.0,83.0,sustained_threshold_crossing,sustained_threshold_crossing,sustained_prediction_failure
Female_Fear 01,Fear,97.0,35.0,35.0,True,True,True,C=B<A,62.0,0.0,62.0,sustained_threshold_crossing,sustained_threshold_crossing,sustained_prediction_failure,119.0,133.0,133.0,True,True,True,A<C=B,14.0,0.0,14.0,sustained_threshold_crossing,sustained_threshold_crossing,sustained_prediction_failure
Female_Fear 02,Fear,97.0,84.0,83.0,True,True,True,B<C<A,13.0,1.0,14.0,sustained_threshold_crossing,sustained_threshold_crossing,sustained_prediction_failure,118.0,145.0,146.0,True,True,True,A<C<B,27.0,1.0,28.0,sustained_threshold_crossing,sustained_threshold_crossing,sustained_prediction_failure
Female_Fear 03,Fear,97.0,82.0,80.0,True,True,True,B<C<A,15.0,2.0,17.0,sustained_threshold_crossing,sustained_threshold_crossing,sustained_prediction_failure,117.0,128.0,130.0,True,True,True,A<C<B,11.0,2.0,13.0,sustained_threshold_crossing,sustained_threshold_crossing,sustained_prediction_failure
Female_Fear 04,Fear,98.0,87.0,86.0,True,True,True,B<C<A,11.0,1.0,12.0,sustained_threshold_crossing,sustained_threshold_crossing,sustained_prediction_failure,118.0,147.0,147.0,True,True,True,A<C=B,29.0,0.0,29.0,sustained_threshold_crossing,sustained_threshold_crossing,sustained_prediction_failure
Female_Fear 05,Fear,98.0,85.0,75.0,True,True,True,B<C<A,13.0,10.0,23.0,sustained_threshold_crossing,sustained_threshold_crossing,sustained_prediction_failure,119.0,136.0,138.0,True,True,True,A<C<B,17.0,2.0,19.0,sustained_threshold_crossing,sustained_threshold_crossing,sustained_prediction_failure
Female_Fierce Cutthroat,Fierce Cutthroat,99.0,86.0,86.0,True,True,True,C=B<A,13.0,0.0,13.0,sustained_threshold_crossing,sustained_threshold_crossing,sustained_prediction_failure,112.0,124.0,128.0,True,True,True,A<C<B,12.0,4.0,16.0,sustained_threshold_crossing,sustained_threshold_crossing,sustained_prediction_failure
Female_Fierce Fiery,Fierce Fiery,98.0,89.0,88.0,True,True,True,B<C<A,9.0,1.0,10.0,sustained_threshold_crossing,sustained_threshold_crossing,sustained_prediction_failure,113.0,124.0,124.0,True,True,True,A<C=B,11.0,0.0,11.0,sustained_threshold_crossing,sustained_threshold_crossing,sustained_prediction_failure
Female_Fierce Savage,Fierce Savage,99.0,85.0,85.0,True,True,True,C=B<A,14.0,0.0,14.0,sustained_threshold_crossing,sustained_threshold_crossing,sustained_prediction_failure,111.0,187.0,188.0,True,True,True,A<C<B,76.0,1.0,77.0,sustained_threshold_crossing,sustained_threshold_crossing,sustained_prediction_failure
Female_Happy 01,Happy,97.0,97.0,84.0,True,True,True,B<A=C,0.0,13.0,13.0,sustained_threshold_crossing,sustained_threshold_crossing,sustained_prediction_failure,119.0,119.0,120.0,True,True,True,A=C<B,0.0,1.0,1.0,sustained_threshold_crossing,sustained_threshold_crossing,sustained_prediction_failure
Female_Happy 02,Happy,99.0,98.0,92.0,True,True,True,B<C<A,1.0,6.0,7.0,sustained_threshold_crossing,sustained_threshold_crossing,sustained_prediction_failure,116.0,118.0,121.0,True,True,True,A<C<B,2.0,3.0,5.0,sustained_threshold_crossing,sustained_threshold_crossing,sustained_prediction_failure
Female_Happy 03,Happy,99.0,94.0,89.0,True,True,True,B<C<A,5.0,5.0,10.0,sustained_threshold_crossing,sustained_threshold_crossing,sustained_prediction_failure,116.0,122.0,125.0,True,True,True,A<C<B,6.0,3.0,9.0,sustained_threshold_crossing,sustained_threshold_crossing,sustained_prediction_failure
Female_Happy 04,Happy,100.0,93.0,91.0,True,True,True,B<C<A,7.0,2.0,9.0,sustained_threshold_crossing,sustained_threshold_crossing,sustained_prediction_failure,116.0,130.0,130.0,True,True,True,A<C=B,14.0,0.0,14.0,sustained_threshold_crossing,sustained_threshold_crossing,sustained_prediction_failure
Female_Happy 05,Happy,96.0,90.0,89.0,True,True,True,B<C<A,6.0,1.0,7.0,sustained_threshold_crossing,sustained_threshold_crossing,sustained_prediction_failure,118.0,131.0,136.0,True,True,True,A<C<B,13.0,5.0,18.0,sustained_threshold_crossing,sustained_threshold_crossing,sustained_prediction_failure
Female_Happy Elated,Happy Elated,97.0,85.0,84.0,True,True,True,B<C<A,12.0,1.0,13.0,sustained_threshold_crossing,sustained_threshold_crossing,sustained_prediction_failure,115.0,144.0,144.0,True,True,True,A<C=B,29.0,0.0,29.0,sustained_threshold_crossing,sustained_threshold_crossing,sustained_prediction_failure
Female_Happy Perky,Happy Perky,99.0,83.0,83.0,True,True,True,C=B<A,16.0,0.0,16.0,sustained_threshold_crossing,sustained_threshold_crossing,sustained_prediction_failure,108.0,131.0,131.0,True,True,True,A<C=B,23.0,0.0,23.0,sustained_threshold_crossing,sustained_threshold_crossing,sustained_prediction_failure
Female_Happy So Peaceful,Happy So Peaceful,96.0,59.0,59.0,True,True,True,C=B<A,37.0,0.0,37.0,sustained_threshold_crossing,sustained_threshold_crossing,sustained_prediction_failure,115.0,152.0,155.0,True,True,True,A<C<B,37.0,3.0,40.0,sustained_threshold_crossing,sustained_threshold_crossing,sustained_prediction_failure
Female_Humiliated,Humiliated,98.0,95.0,86.0,True,True,True,B<C<A,3.0,9.0,12.0,sustained_threshold_crossing,sustained_threshold_crossing,sustained_prediction_failure,114.0,138.0,138.0,True,True,True,A<C=B,24.0,0.0,24.0,sustained_threshold_crossing,sustained_threshold_crossing,sustained_prediction_failure
Female_Insanity Deranged,Insanity Deranged,99.0,65.0,64.0,True,True,True,B<C<A,34.0,1.0,35.0,sustained_threshold_crossing,sustained_threshold_crossing,sustained_prediction_failure,112.0,184.0,191.0,True,True,True,A<C<B,72.0,7.0,79.0,sustained_threshold_crossing,sustained_threshold_crossing,sustained_prediction_failure
Female_Insanity Go Cuckoo,Insanity Go Cuckoo,98.0,86.0,86.0,True,True,True,C=B<A,12.0,0.0,12.0,sustained_threshold_crossing,sustained_threshold_crossing,sustained_prediction_failure,118.0,132.0,132.0,True,True,True,A<C=B,14.0,0.0,14.0,sustained_threshold_crossing,sustained_threshold_crossing,sustained_prediction_failure
Female_Insanity Going Crazy,Insanity Going Crazy,95.0,83.0,83.0,True,True,True,C=B<A,12.0,0.0,12.0,sustained_threshold_crossing,sustained_threshold_crossing,sustained_prediction_failure,118.0,133.0,136.0,True,True,True,A<C<B,15.0,3.0,18.0,sustained_threshold_crossing,sustained_threshold_crossing,sustained_prediction_failure
Female_Insanity Hostile,Insanity Hostile,98.0,67.0,51.0,True,True,True,B<C<A,31.0,16.0,47.0,sustained_threshold_crossing,sustained_threshold_crossing,sustained_prediction_failure,114.0,162.0,174.0,True,True,True,A<C<B,48.0,12.0,60.0,sustained_threshold_crossing,sustained_threshold_crossing,sustained_prediction_failure
Female_Insanity Lunatic,Insanity Lunatic,99.0,94.0,92.0,True,True,True,B<C<A,5.0,2.0,7.0,sustained_threshold_crossing,sustained_threshold_crossing,sustained_prediction_failure,110.0,128.0,128.0,True,True,True,A<C=B,18.0,0.0,18.0,sustained_threshold_crossing,sustained_threshold_crossing,sustained_prediction_failure
Female_Joy 01,Joy,98.0,96.0,93.0,True,True,True,B<C<A,2.0,3.0,5.0,sustained_threshold_crossing,sustained_threshold_crossing,sustained_prediction_failure,116.0,114.0,115.0,True,True,True,C<B<A,2.0,1.0,1.0,sustained_threshold_crossing,sustained_threshold_crossing,sustained_prediction_failure
Female_Joy 02,Joy,97.0,82.0,67.0,True,True,True,B<C<A,15.0,15.0,30.0,sustained_threshold_crossing,sustained_threshold_crossing,sustained_prediction_failure,117.0,146.0,146.0,True,True,True,A<C=B,29.0,0.0,29.0,sustained_threshold_crossing,sustained_threshold_crossing,sustained_prediction_failure
Female_Joy 03,Joy,95.0,59.0,59.0,True,True,True,C=B<A,36.0,0.0,36.0,sustained_threshold_crossing,sustained_threshold_crossing,sustained_prediction_failure,120.0,157.0,162.0,True,True,True,A<C<B,37.0,5.0,42.0,sustained_threshold_crossing,sustained_threshold_crossing,sustained_prediction_failure
Female_Joy 04,Joy,98.0,98.0,96.0,True,True,True,B<A=C,0.0,2.0,2.0,sustained_threshold_crossing,sustained_threshold_crossing,sustained_prediction_failure,118.0,131.0,132.0,True,True,True,A<C<B,13.0,1.0,14.0,sustained_threshold_crossing,sustained_threshold_crossing,sustained_prediction_failure
Female_Joy 05,Joy,96.0,48.0,39.0,True,True,True,B<C<A,48.0,9.0,57.0,sustained_threshold_crossing,sustained_threshold_crossing,sustained_prediction_failure,120.0,129.0,142.0,True,True,True,A<C<B,9.0,13.0,22.0,sustained_threshold_crossing,sustained_threshold_crossing,sustained_prediction_failure
Female_Judgemental 01,Judgemental,97.0,92.0,92.0,True,True,True,C=B<A,5.0,0.0,5.0,sustained_threshold_crossing,sustained_threshold_crossing,sustained_prediction_failure,115.0,118.0,124.0,True,True,True,A<C<B,3.0,6.0,9.0,sustained_threshold_crossing,sustained_threshold_crossing,sustained_prediction_failure
Female_Judgemental 02,Judgemental,100.0,99.0,95.0,True,True,True,B<C<A,1.0,4.0,5.0,sustained_threshold_crossing,sustained_threshold_crossing,sustained_prediction_failure,117.0,113.0,119.0,True,True,True,C<A<B,4.0,6.0,2.0,sustained_threshold_crossing,sustained_threshold_crossing,sustained_prediction_failure
Female_Judgemental 03,Judgemental,99.0,85.0,82.0,True,True,True,B<C<A,14.0,3.0,17.0,sustained_threshold_crossing,sustained_threshold_crossing,sustained_prediction_failure,117.0,119.0,120.0,True,True,True,A<C<B,2.0,1.0,3.0,sustained_threshold_crossing,sustained_threshold_crossing,sustained_prediction_failure
Female_Judgemental 04,Judgemental,97.0,87.0,87.0,True,True,True,C=B<A,10.0,0.0,10.0,sustained_threshold_crossing,sustained_threshold_crossing,sustained_prediction_failure,119.0,136.0,146.0,True,True,True,A<C<B,17.0,10.0,27.0,sustained_threshold_crossing,sustained_threshold_crossing,sustained_prediction_failure
Female_Judgemental 05,Judgemental,98.0,98.0,93.0,True,True,True,B<A=C,0.0,5.0,5.0,sustained_threshold_crossing,sustained_threshold_crossing,sustained_prediction_failure,112.0,131.0,136.0,True,True,True,A<C<B,19.0,5.0,24.0,sustained_threshold_crossing,sustained_threshold_crossing,sustained_prediction_failure
Female_Nervous,Nervous,98.0,95.0,89.0,True,True,True,B<C<A,3.0,6.0,9.0,sustained_threshold_crossing,sustained_threshold_crossing,sustained_prediction_failure,118.0,118.0,120.0,True,True,True,A=C<B,0.0,2.0,2.0,sustained_threshold_crossing,sustained_threshold_crossing,sustained_prediction_failure
Female_Pain 01,Pain,98.0,86.0,86.0,True,True,True,C=B<A,12.0,0.0,12.0,sustained_threshold_crossing,sustained_threshold_crossing,sustained_prediction_failure,118.0,141.0,141.0,True,True,True,A<C=B,23.0,0.0,23.0,sustained_threshold_crossing,sustained_threshold_crossing,sustained_prediction_failure
Female_Pain 02,Pain,97.0,50.0,22.0,True,True,True,B<C<A,47.0,28.0,75.0,sustained_threshold_crossing,sustained_threshold_crossing,sustained_prediction_failure,118.0,152.0,178.0,True,True,True,A<C<B,34.0,26.0,60.0,sustained_threshold_crossing,sustained_threshold_crossing,sustained_prediction_failure
Female_Pain 03,Pain,99.0,98.0,92.0,True,True,True,B<C<A,1.0,6.0,7.0,sustained_threshold_crossing,sustained_threshold_crossing,sustained_prediction_failure,117.0,127.0,127.0,True,True,True,A<C=B,10.0,0.0,10.0,sustained_threshold_crossing,sustained_threshold_crossing,sustained_prediction_failure
Female_Pain 04,Pain,98.0,88.0,72.0,True,True,True,B<C<A,10.0,16.0,26.0,sustained_threshold_crossing,sustained_threshold_crossing,sustained_prediction_failure,118.0,149.0,149.0,True,True,True,A<C=B,31.0,0.0,31.0,sustained_threshold_crossing,sustained_threshold_crossing,sustained_prediction_failure
Female_Pain 05,Pain,98.0,86.0,86.0,True,True,True,C=B<A,12.0,0.0,12.0,sustained_threshold_crossing,sustained_threshold_crossing,sustained_prediction_failure,120.0,135.0,142.0,True,True,True,A<C<B,15.0,7.0,22.0,sustained_threshold_crossing,sustained_threshold_crossing,sustained_prediction_failure
Female_Pain Illness,Pain Illness,97.0,63.0,63.0,True,True,True,C=B<A,34.0,0.0,34.0,sustained_threshold_crossing,sustained_threshold_crossing,sustained_prediction_failure,110.0,156.0,163.0,True,True,True,A<C<B,46.0,7.0,53.0,sustained_threshold_crossing,sustained_threshold_crossing,sustained_prediction_failure
Female_Playful 01,Playful,97.0,93.0,86.0,True,True,True,B<C<A,4.0,7.0,11.0,sustained_threshold_crossing,sustained_threshold_crossing,sustained_prediction_failure,116.0,130.0,130.0,True,True,True,A<C=B,14.0,0.0,14.0,sustained_threshold_crossing,sustained_threshold_crossing,sustained_prediction_failure
Female_Playful 02,Playful,100.0,90.0,86.0,True,True,True,B<C<A,10.0,4.0,14.0,sustained_threshold_crossing,sustained_threshold_crossing,sustained_prediction_failure,116.0,132.0,132.0,True,True,True,A<C=B,16.0,0.0,16.0,sustained_threshold_crossing,sustained_threshold_crossing,sustained_prediction_failure
Female_Playful 03,Playful,99.0,100.0,98.0,True,True,True,B<A<C,1.0,2.0,1.0,sustained_threshold_crossing,sustained_threshold_crossing,sustained_prediction_failure,119.0,123.0,127.0,True,True,True,A<C<B,4.0,4.0,8.0,sustained_threshold_crossing,sustained_threshold_crossing,sustained_prediction_failure
Female_Playful 04,Playful,99.0,94.0,92.0,True,True,True,B<C<A,5.0,2.0,7.0,sustained_threshold_crossing,sustained_threshold_crossing,sustained_prediction_failure,114.0,131.0,131.0,True,True,True,A<C=B,17.0,0.0,17.0,sustained_threshold_crossing,sustained_threshold_crossing,sustained_prediction_failure
Female_Playful 05,Playful,97.0,98.0,96.0,True,True,True,B<A<C,1.0,2.0,1.0,sustained_threshold_crossing,sustained_threshold_crossing,sustained_prediction_failure,117.0,117.0,123.0,True,True,True,A=C<B,0.0,6.0,6.0,sustained_threshold_crossing,sustained_threshold_crossing,sustained_prediction_failure
Female_Pleasure Oo So Funny,Pleasure Oo So Funny,98.0,97.0,95.0,True,True,True,B<C<A,1.0,2.0,3.0,sustained_threshold_crossing,sustained_threshold_crossing,sustained_prediction_failure,113.0,117.0,118.0,True,True,True,A<C<B,4.0,1.0,5.0,sustained_threshold_crossing,sustained_threshold_crossing,sustained_prediction_failure
Female_Romantic 01,Romantic,95.0,84.0,81.0,True,True,True,B<C<A,11.0,3.0,14.0,sustained_threshold_crossing,sustained_threshold_crossing,sustained_prediction_failure,118.0,125.0,141.0,True,True,True,A<C<B,7.0,16.0,23.0,sustained_threshold_crossing,sustained_threshold_crossing,sustained_prediction_failure
Female_Romantic 02,Romantic,99.0,100.0,97.0,True,True,True,B<A<C,1.0,3.0,2.0,sustained_threshold_crossing,sustained_threshold_crossing,sustained_prediction_failure,117.0,115.0,117.0,True,True,True,C<A=B,2.0,2.0,0.0,sustained_threshold_crossing,sustained_threshold_crossing,sustained_prediction_failure
Female_Romantic 03,Romantic,97.0,96.0,96.0,True,True,True,C=B<A,1.0,0.0,1.0,sustained_threshold_crossing,sustained_threshold_crossing,sustained_prediction_failure,117.0,135.0,137.0,True,True,True,A<C<B,18.0,2.0,20.0,sustained_threshold_crossing,sustained_threshold_crossing,sustained_prediction_failure
Female_Romantic 04,Romantic,98.0,81.0,81.0,True,True,True,C=B<A,17.0,0.0,17.0,sustained_threshold_crossing,sustained_threshold_crossing,sustained_prediction_failure,118.0,127.0,131.0,True,True,True,A<C<B,9.0,4.0,13.0,sustained_threshold_crossing,sustained_threshold_crossing,sustained_prediction_failure
Female_Romantic 05,Romantic,98.0,100.0,97.0,True,True,True,B<A<C,2.0,3.0,1.0,sustained_threshold_crossing,sustained_threshold_crossing,sustained_prediction_failure,116.0,114.0,116.0,True,True,True,C<A=B,2.0,2.0,0.0,sustained_threshold_crossing,sustained_threshold_crossing,sustained_prediction_failure
Female_S Wink 02,S Wink,93.0,43.0,42.0,True,True,True,B<C<A,50.0,1.0,51.0,sustained_threshold_crossing,sustained_threshold_crossing,sustained_prediction_failure,120.0,170.0,170.0,True,True,True,A<C=B,50.0,0.0,50.0,sustained_threshold_crossing,sustained_threshold_crossing,sustained_prediction_failure
Female_Sad 01,Sad,98.0,100.0,95.0,True,True,True,B<A<C,2.0,5.0,3.0,sustained_threshold_crossing,sustained_threshold_crossing,sustained_prediction_failure,117.0,116.0,119.0,True,True,True,C<A<B,1.0,3.0,2.0,sustained_threshold_crossing,sustained_threshold_crossing,sustained_prediction_failure
Female_Sad 02,Sad,98.0,100.0,96.0,True,True,True,B<A<C,2.0,4.0,2.0,sustained_threshold_crossing,sustained_threshold_crossing,sustained_prediction_failure,117.0,119.0,125.0,True,True,True,A<C<B,2.0,6.0,8.0,sustained_threshold_crossing,sustained_threshold_crossing,sustained_prediction_failure
Female_Sad 03,Sad,96.0,96.0,81.0,True,True,True,B<A=C,0.0,15.0,15.0,sustained_threshold_crossing,sustained_threshold_crossing,sustained_prediction_failure,119.0,154.0,161.0,True,True,True,A<C<B,35.0,7.0,42.0,sustained_threshold_crossing,sustained_threshold_crossing,sustained_prediction_failure
Female_Sad 04,Sad,98.0,99.0,98.0,True,True,True,A=B<C,1.0,1.0,0.0,sustained_threshold_crossing,sustained_threshold_crossing,sustained_prediction_failure,116.0,121.0,126.0,True,True,True,A<C<B,5.0,5.0,10.0,sustained_threshold_crossing,sustained_threshold_crossing,sustained_prediction_failure
Female_Sad 05,Sad,99.0,96.0,96.0,True,True,True,C=B<A,3.0,0.0,3.0,sustained_threshold_crossing,sustained_threshold_crossing,sustained_prediction_failure,117.0,111.0,118.0,True,True,True,C<A<B,6.0,7.0,1.0,sustained_threshold_crossing,sustained_threshold_crossing,sustained_prediction_failure
Female_Scream,Scream,98.0,94.0,94.0,True,True,True,C=B<A,4.0,0.0,4.0,sustained_threshold_crossing,sustained_threshold_crossing,sustained_prediction_failure,120.0,133.0,133.0,True,True,True,A<C=B,13.0,0.0,13.0,sustained_threshold_crossing,sustained_threshold_crossing,sustained_prediction_failure
Female_Seriousness 01,Seriousness,99.0,102.0,100.0,True,True,True,A<B<C,3.0,2.0,1.0,sustained_threshold_crossing,sustained_threshold_crossing,sustained_prediction_failure,117.0,111.0,115.0,True,True,True,C<B<A,6.0,4.0,2.0,sustained_threshold_crossing,sustained_threshold_crossing,sustained_prediction_failure
Female_Seriousness 02,Seriousness,98.0,92.0,91.0,True,True,True,B<C<A,6.0,1.0,7.0,sustained_threshold_crossing,sustained_threshold_crossing,sustained_prediction_failure,118.0,119.0,121.0,True,True,True,A<C<B,1.0,2.0,3.0,sustained_threshold_crossing,sustained_threshold_crossing,sustained_prediction_failure
Female_Seriousness 03,Seriousness,98.0,100.0,98.0,True,True,True,A=B<C,2.0,2.0,0.0,sustained_threshold_crossing,sustained_threshold_crossing,sustained_prediction_failure,116.0,107.0,119.0,True,True,True,C<A<B,9.0,12.0,3.0,sustained_threshold_crossing,sustained_threshold_crossing,sustained_prediction_failure
Female_Seriousness 04,Seriousness,98.0,93.0,91.0,True,True,True,B<C<A,5.0,2.0,7.0,sustained_threshold_crossing,sustained_threshold_crossing,sustained_prediction_failure,119.0,120.0,121.0,True,True,True,A<C<B,1.0,1.0,2.0,sustained_threshold_crossing,sustained_threshold_crossing,sustained_prediction_failure
Female_Seriousness 05,Seriousness,99.0,84.0,83.0,True,True,True,B<C<A,15.0,1.0,16.0,sustained_threshold_crossing,sustained_threshold_crossing,sustained_prediction_failure,118.0,119.0,120.0,True,True,True,A<C<B,1.0,1.0,2.0,sustained_threshold_crossing,sustained_threshold_crossing,sustained_prediction_failure
Female_Silly 01,Silly,99.0,86.0,86.0,True,True,True,C=B<A,13.0,0.0,13.0,sustained_threshold_crossing,sustained_threshold_crossing,sustained_prediction_failure,117.0,128.0,128.0,True,True,True,A<C=B,11.0,0.0,11.0,sustained_threshold_crossing,sustained_threshold_crossing,sustained_prediction_failure
Female_Silly 02,Silly,98.0,74.0,74.0,True,True,True,C=B<A,24.0,0.0,24.0,sustained_threshold_crossing,sustained_threshold_crossing,sustained_prediction_failure,120.0,131.0,140.0,True,True,True,A<C<B,11.0,9.0,20.0,sustained_threshold_crossing,sustained_threshold_crossing,sustained_prediction_failure
Female_Silly 03,Silly,98.0,73.0,73.0,True,True,True,C=B<A,25.0,0.0,25.0,sustained_threshold_crossing,sustained_threshold_crossing,sustained_prediction_failure,118.0,135.0,140.0,True,True,True,A<C<B,17.0,5.0,22.0,sustained_threshold_crossing,sustained_threshold_crossing,sustained_prediction_failure
Female_Silly 04,Silly,94.0,81.0,74.0,True,True,True,B<C<A,13.0,7.0,20.0,sustained_threshold_crossing,sustained_threshold_crossing,sustained_prediction_failure,122.0,154.0,154.0,True,True,True,A<C=B,32.0,0.0,32.0,sustained_threshold_crossing,sustained_threshold_crossing,sustained_prediction_failure
Female_Silly 05,Silly,98.0,91.0,91.0,True,True,True,C=B<A,7.0,0.0,7.0,sustained_threshold_crossing,sustained_threshold_crossing,sustained_prediction_failure,118.0,157.0,159.0,True,True,True,A<C<B,39.0,2.0,41.0,sustained_threshold_crossing,sustained_threshold_crossing,sustained_prediction_failure
Female_Sleepy,Sleepy,94.0,72.0,72.0,True,True,True,C=B<A,22.0,0.0,22.0,sustained_threshold_crossing,sustained_threshold_crossing,sustained_prediction_failure,118.0,131.0,131.0,True,True,True,A<C=B,13.0,0.0,13.0,sustained_threshold_crossing,sustained_threshold_crossing,sustained_prediction_failure
Female_Sleepy 01,Sleepy,96.0,32.0,32.0,True,True,True,C=B<A,64.0,0.0,64.0,sustained_threshold_crossing,sustained_threshold_crossing,sustained_prediction_failure,120.0,182.0,182.0,True,True,True,A<C=B,62.0,0.0,62.0,sustained_threshold_crossing,sustained_threshold_crossing,sustained_prediction_failure
Female_Sleepy 02,Sleepy,96.0,97.0,96.0,True,True,True,A=B<C,1.0,1.0,0.0,sustained_threshold_crossing,sustained_threshold_crossing,sustained_prediction_failure,118.0,122.0,129.0,True,True,True,A<C<B,4.0,7.0,11.0,sustained_threshold_crossing,sustained_threshold_crossing,sustained_prediction_failure
Female_Sleepy 03,Sleepy,96.0,87.0,86.0,True,True,True,B<C<A,9.0,1.0,10.0,sustained_threshold_crossing,sustained_threshold_crossing,sustained_prediction_failure,117.0,127.0,127.0,True,True,True,A<C=B,10.0,0.0,10.0,sustained_threshold_crossing,sustained_threshold_crossing,sustained_prediction_failure
Female_Sleepy 04,Sleepy,96.0,75.0,72.0,True,True,True,B<C<A,21.0,3.0,24.0,sustained_threshold_crossing,sustained_threshold_crossing,sustained_prediction_failure,119.0,145.0,145.0,True,True,True,A<C=B,26.0,0.0,26.0,sustained_threshold_crossing,sustained_threshold_crossing,sustained_prediction_failure
Female_Sleepy 05,Sleepy,97.0,95.0,91.0,True,True,True,B<C<A,2.0,4.0,6.0,sustained_threshold_crossing,sustained_threshold_crossing,sustained_prediction_failure,117.0,119.0,119.0,True,True,True,A<C=B,2.0,0.0,2.0,sustained_threshold_crossing,sustained_threshold_crossing,sustained_prediction_failure
Female_Subtle 01,Subtle,97.0,94.0,92.0,True,True,True,B<C<A,3.0,2.0,5.0,sustained_threshold_crossing,sustained_threshold_crossing,sustained_prediction_failure,118.0,119.0,120.0,True,True,True,A<C<B,1.0,1.0,2.0,sustained_threshold_crossing,sustained_threshold_crossing,sustained_prediction_failure
Female_Subtle 02,Subtle,98.0,100.0,99.0,True,True,True,A<B<C,2.0,1.0,1.0,sustained_threshold_crossing,sustained_threshold_crossing,sustained_prediction_failure,118.0,116.0,118.0,True,True,True,C<A=B,2.0,2.0,0.0,sustained_threshold_crossing,sustained_threshold_crossing,sustained_prediction_failure
Female_Subtle 03,Subtle,98.0,101.0,98.0,True,True,True,A=B<C,3.0,3.0,0.0,sustained_threshold_crossing,sustained_threshold_crossing,sustained_prediction_failure,117.0,112.0,118.0,True,True,True,C<A<B,5.0,6.0,1.0,sustained_threshold_crossing,sustained_threshold_crossing,sustained_prediction_failure
Female_Subtle 04,Subtle,100.0,100.0,99.0,True,True,True,B<A=C,0.0,1.0,1.0,sustained_threshold_crossing,sustained_threshold_crossing,sustained_prediction_failure,118.0,117.0,118.0,True,True,True,C<A=B,1.0,1.0,0.0,sustained_threshold_crossing,sustained_threshold_crossing,sustained_prediction_failure
Female_Talking 01,Talking,98.0,97.0,96.0,True,True,True,B<C<A,1.0,1.0,2.0,sustained_threshold_crossing,sustained_threshold_crossing,sustained_prediction_failure,119.0,130.0,130.0,True,True,True,A<C=B,11.0,0.0,11.0,sustained_threshold_crossing,sustained_threshold_crossing,sustained_prediction_failure
Female_Talking 02,Talking,98.0,88.0,83.0,True,True,True,B<C<A,10.0,5.0,15.0,sustained_threshold_crossing,sustained_threshold_crossing,sustained_prediction_failure,119.0,130.0,130.0,True,True,True,A<C=B,11.0,0.0,11.0,sustained_threshold_crossing,sustained_threshold_crossing,sustained_prediction_failure
Female_Talking 03,Talking,96.0,84.0,58.0,True,True,True,B<C<A,12.0,26.0,38.0,sustained_threshold_crossing,sustained_threshold_crossing,sustained_prediction_failure,119.0,127.0,127.0,True,True,True,A<C=B,8.0,0.0,8.0,sustained_threshold_crossing,sustained_threshold_crossing,sustained_prediction_failure
Female_Talking 04,Talking,98.0,90.0,90.0,True,True,True,C=B<A,8.0,0.0,8.0,sustained_threshold_crossing,sustained_threshold_crossing,sustained_prediction_failure,119.0,140.0,141.0,True,True,True,A<C<B,21.0,1.0,22.0,sustained_threshold_crossing,sustained_threshold_crossing,sustained_prediction_failure
Female_Talking 05,Talking,98.0,95.0,94.0,True,True,True,B<C<A,3.0,1.0,4.0,sustained_threshold_crossing,sustained_threshold_crossing,sustained_prediction_failure,118.0,121.0,123.0,True,True,True,A<C<B,3.0,2.0,5.0,sustained_threshold_crossing,sustained_threshold_crossing,sustained_prediction_failure
Female_Terror,Terror,98.0,78.0,71.0,True,True,True,B<C<A,20.0,7.0,27.0,sustained_threshold_crossing,sustained_threshold_crossing,sustained_prediction_failure,116.0,136.0,141.0,True,True,True,A<C<B,20.0,5.0,25.0,sustained_threshold_crossing,sustained_threshold_crossing,sustained_prediction_failure
Female_Terror Phobia,Terror Phobia,97.0,84.0,84.0,True,True,True,C=B<A,13.0,0.0,13.0,sustained_threshold_crossing,sustained_threshold_crossing,sustained_prediction_failure,115.0,133.0,134.0,True,True,True,A<C<B,18.0,1.0,19.0,sustained_threshold_crossing,sustained_threshold_crossing,sustained_prediction_failure
Female_Ulgh,Ulgh,100.0,93.0,44.0,True,True,True,B<C<A,7.0,49.0,56.0,sustained_threshold_crossing,sustained_threshold_crossing,sustained_prediction_failure,116.0,175.0,176.0,True,True,True,A<C<B,59.0,1.0,60.0,sustained_threshold_crossing,sustained_threshold_crossing,sustained_prediction_failure
Female_Wicked 01,Wicked,98.0,81.0,79.0,True,True,True,B<C<A,17.0,2.0,19.0,sustained_threshold_crossing,sustained_threshold_crossing,sustained_prediction_failure,118.0,129.0,136.0,True,True,True,A<C<B,11.0,7.0,18.0,sustained_threshold_crossing,sustained_threshold_crossing,sustained_prediction_failure
Female_Wicked 02,Wicked,98.0,88.0,87.0,True,True,True,B<C<A,10.0,1.0,11.0,sustained_threshold_crossing,sustained_threshold_crossing,sustained_prediction_failure,119.0,132.0,134.0,True,True,True,A<C<B,13.0,2.0,15.0,sustained_threshold_crossing,sustained_threshold_crossing,sustained_prediction_failure
Female_Wicked 03,Wicked,99.0,81.0,80.0,True,True,True,B<C<A,18.0,1.0,19.0,sustained_threshold_crossing,sustained_threshold_crossing,sustained_prediction_failure,118.0,142.0,143.0,True,True,True,A<C<B,24.0,1.0,25.0,sustained_threshold_crossing,sustained_threshold_crossing,sustained_prediction_failure
Female_Wicked 04,Wicked,97.0,107.0,102.0,True,True,True,A<B<C,10.0,5.0,5.0,sustained_threshold_crossing,sustained_threshold_crossing,sustained_prediction_failure,116.0,107.0,114.0,True,True,True,C<B<A,9.0,7.0,2.0,sustained_threshold_crossing,sustained_threshold_crossing,sustained_prediction_failure
Female_Wicked 05,Wicked,97.0,107.0,107.0,True,True,True,A<C=B,10.0,0.0,10.0,sustained_threshold_crossing,sustained_threshold_crossing,sustained_prediction_failure,116.0,107.0,120.0,True,True,True,C<A<B,9.0,13.0,4.0,sustained_threshold_crossing,sustained_threshold_crossing,sustained_prediction_failure
Female_Wink,Wink,98.0,50.0,41.0,True,True,True,B<C<A,48.0,9.0,57.0,sustained_threshold_crossing,sustained_threshold_crossing,sustained_prediction_failure,119.0,139.0,139.0,True,True,True,A<C=B,20.0,0.0,20.0,sustained_threshold_crossing,sustained_threshold_crossing,sustained_prediction_failure
Female_With Forehead Wrinkles Angry 01,With Forehead Wrinkles Angry,100.0,98.0,89.0,True,True,True,B<C<A,2.0,9.0,11.0,sustained_threshold_crossing,sustained_threshold_crossing,sustained_prediction_failure,116.0,112.0,115.0,True,True,True,C<B<A,4.0,3.0,1.0,sustained_threshold_crossing,sustained_threshold_crossing,sustained_prediction_failure
Female_With Forehead Wrinkles Angry 02,With Forehead Wrinkles Angry,96.0,99.0,80.0,True,True,True,B<A<C,3.0,19.0,16.0,sustained_threshold_crossing,sustained_threshold_crossing,sustained_prediction_failure,120.0,113.0,131.0,True,True,True,C<A<B,7.0,18.0,11.0,sustained_threshold_crossing,sustained_threshold_crossing,sustained_prediction_failure
Female_With Forehead Wrinkles Angry 03,With Forehead Wrinkles Angry,98.0,91.0,91.0,True,True,True,C=B<A,7.0,0.0,7.0,sustained_threshold_crossing,sustained_threshold_crossing,sustained_prediction_failure,116.0,129.0,130.0,True,True,True,A<C<B,13.0,1.0,14.0,sustained_threshold_crossing,sustained_threshold_crossing,sustained_prediction_failure
Female_With Forehead Wrinkles Angry 04,With Forehead Wrinkles Angry,98.0,89.0,89.0,True,True,True,C=B<A,9.0,0.0,9.0,sustained_threshold_crossing,sustained_threshold_crossing,sustained_prediction_failure,117.0,127.0,127.0,True,True,True,A<C=B,10.0,0.0,10.0,sustained_threshold_crossing,sustained_threshold_crossing,sustained_prediction_failure
Female_With Forehead Wrinkles Angry 05,With Forehead Wrinkles Angry,95.0,75.0,63.0,True,True,True,B<C<A,20.0,12.0,32.0,sustained_threshold_crossing,sustained_threshold_crossing,sustained_prediction_failure,118.0,134.0,134.0,True,True,True,A<C=B,16.0,0.0,16.0,sustained_threshold_crossing,sustained_threshold_crossing,sustained_prediction_failure
Female_ZMouth Open Horizontal,ZMouth Open Horizontal,97.0,96.0,95.0,True,True,True,B<C<A,1.0,1.0,2.0,sustained_threshold_crossing,sustained_threshold_crossing,sustained_prediction_failure,118.0,120.0,125.0,True,True,True,A<C<B,2.0,5.0,7.0,sustained_threshold_crossing,sustained_threshold_crossing,sustained_prediction_failure
Female_ZMouth Open Horizontal And Vertical,ZMouth Open Horizontal And Vertical,97.0,84.0,83.0,True,True,True,B<C<A,13.0,1.0,14.0,sustained_threshold_crossing,sustained_threshold_crossing,sustained_prediction_failure,118.0,130.0,131.0,True,True,True,A<C<B,12.0,1.0,13.0,sustained_threshold_crossing,sustained_threshold_crossing,sustained_prediction_failure
Male_+10,+10,102.0,93.0,91.0,True,True,True,B<C<A,9.0,2.0,11.0,sustained_threshold_crossing,sustained_threshold_crossing,sustained_prediction_failure,108.0,121.0,123.0,True,True,True,A<C<B,13.0,2.0,15.0,sustained_threshold_crossing,sustained_threshold_crossing,sustained_prediction_failure
Male_+20,+20,101.0,93.0,90.0,True,True,True,B<C<A,8.0,3.0,11.0,sustained_threshold_crossing,sustained_threshold_crossing,sustained_prediction_failure,111.0,125.0,126.0,True,True,True,A<C<B,14.0,1.0,15.0,sustained_threshold_crossing,sustained_threshold_crossing,sustained_prediction_failure
Male_+20_ZMouth Open Horizontal And Vertical,+20_ZMouth Open Horizontal And Vertical,98.0,68.0,67.0,True,True,True,B<C<A,30.0,1.0,31.0,sustained_threshold_crossing,sustained_threshold_crossing,sustained_prediction_failure,114.0,147.0,147.0,True,True,True,A<C=B,33.0,0.0,33.0,sustained_threshold_crossing,sustained_threshold_crossing,sustained_prediction_failure
Male_+30,+30,100.0,77.0,77.0,True,True,True,C=B<A,23.0,0.0,23.0,sustained_threshold_crossing,sustained_threshold_crossing,sustained_prediction_failure,112.0,137.0,140.0,True,True,True,A<C<B,25.0,3.0,28.0,sustained_threshold_crossing,sustained_threshold_crossing,sustained_prediction_failure
Male_+40,+40,99.0,96.0,92.0,True,True,True,B<C<A,3.0,4.0,7.0,sustained_threshold_crossing,sustained_threshold_crossing,sustained_prediction_failure,113.0,123.0,124.0,True,True,True,A<C<B,10.0,1.0,11.0,sustained_threshold_crossing,sustained_threshold_crossing,sustained_prediction_failure
Male_+50,+50,99.0,37.0,37.0,True,True,True,C=B<A,62.0,0.0,62.0,sustained_threshold_crossing,sustained_threshold_crossing,sustained_prediction_failure,115.0,176.0,179.0,True,True,True,A<C<B,61.0,3.0,64.0,sustained_threshold_crossing,sustained_threshold_crossing,sustained_prediction_failure
Male_+50_ZMouth Open Horizontal And Vertical,+50_ZMouth Open Horizontal And Vertical,99.0,67.0,66.0,True,True,True,B<C<A,32.0,1.0,33.0,sustained_threshold_crossing,sustained_threshold_crossing,sustained_prediction_failure,113.0,156.0,156.0,True,True,True,A<C=B,43.0,0.0,43.0,sustained_threshold_crossing,sustained_threshold_crossing,sustained_prediction_failure
Male_-10,-10,100.0,90.0,89.0,True,True,True,B<C<A,10.0,1.0,11.0,sustained_threshold_crossing,sustained_threshold_crossing,sustained_prediction_failure,108.0,126.0,160.0,True,True,True,A<C<B,18.0,34.0,52.0,sustained_threshold_crossing,sustained_threshold_crossing,sustained_prediction_failure
Male_-10_ZMouth Open Horizontal And Vertical,-10_ZMouth Open Horizontal And Vertical,97.0,85.0,85.0,True,True,True,C=B<A,12.0,0.0,12.0,sustained_threshold_crossing,sustained_threshold_crossing,sustained_prediction_failure,115.0,124.0,125.0,True,True,True,A<C<B,9.0,1.0,10.0,sustained_threshold_crossing,sustained_threshold_crossing,sustained_prediction_failure
Male_-20,-20,98.0,80.0,80.0,True,True,True,C=B<A,18.0,0.0,18.0,sustained_threshold_crossing,sustained_threshold_crossing,sustained_prediction_failure,108.0,139.0,142.0,True,True,True,A<C<B,31.0,3.0,34.0,sustained_threshold_crossing,sustained_threshold_crossing,sustained_prediction_failure
Male_-20_ZMouth Open Horizontal And Vertical,-20_ZMouth Open Horizontal And Vertical,99.0,50.0,45.0,True,True,True,B<C<A,49.0,5.0,54.0,sustained_threshold_crossing,sustained_threshold_crossing,sustained_prediction_failure,116.0,161.0,162.0,True,True,True,A<C<B,45.0,1.0,46.0,sustained_threshold_crossing,sustained_threshold_crossing,sustained_prediction_failure
Male_-30,-30,100.0,100.0,100.0,True,True,True,tie_all,0.0,0.0,0.0,sustained_threshold_crossing,sustained_threshold_crossing,sustained_prediction_failure,109.0,116.0,118.0,True,True,True,A<C<B,7.0,2.0,9.0,sustained_threshold_crossing,sustained_threshold_crossing,sustained_prediction_failure
Male_-40,-40,101.0,91.0,91.0,True,True,True,C=B<A,10.0,0.0,10.0,sustained_threshold_crossing,sustained_threshold_crossing,sustained_prediction_failure,112.0,123.0,124.0,True,True,True,A<C<B,11.0,1.0,12.0,sustained_threshold_crossing,sustained_threshold_crossing,sustained_prediction_failure
Male_-50,-50,98.0,34.0,31.0,True,True,True,B<C<A,64.0,3.0,67.0,sustained_threshold_crossing,sustained_threshold_crossing,sustained_prediction_failure,112.0,174.0,174.0,True,True,True,A<C=B,62.0,0.0,62.0,sustained_threshold_crossing,sustained_threshold_crossing,sustained_prediction_failure
Male_-60,-60,101.0,89.0,89.0,True,True,True,C=B<A,12.0,0.0,12.0,sustained_threshold_crossing,sustained_threshold_crossing,sustained_prediction_failure,113.0,132.0,132.0,True,True,True,A<C=B,19.0,0.0,19.0,sustained_threshold_crossing,sustained_threshold_crossing,sustained_prediction_failure
Male_0,0,101.0,92.0,92.0,True,True,True,C=B<A,9.0,0.0,9.0,sustained_threshold_crossing,sustained_threshold_crossing,sustained_prediction_failure,108.0,123.0,124.0,True,True,True,A<C<B,15.0,1.0,16.0,sustained_threshold_crossing,sustained_threshold_crossing,sustained_prediction_failure
Male_Angry 01,Angry,102.0,107.0,97.0,True,True,True,B<A<C,5.0,10.0,5.0,sustained_threshold_crossing,sustained_threshold_crossing,sustained_prediction_failure,113.0,107.0,144.0,True,True,True,C<A<B,6.0,37.0,31.0,sustained_threshold_crossing,sustained_threshold_crossing,sustained_prediction_failure
Male_Angry 02,Angry,100.0,103.0,76.0,True,True,True,B<A<C,3.0,27.0,24.0,sustained_threshold_crossing,sustained_threshold_crossing,sustained_prediction_failure,117.0,129.0,135.0,True,True,True,A<C<B,12.0,6.0,18.0,sustained_threshold_crossing,sustained_threshold_crossing,sustained_prediction_failure
Male_Angry 03,Angry,101.0,95.0,94.0,True,True,True,B<C<A,6.0,1.0,7.0,sustained_threshold_crossing,sustained_threshold_crossing,sustained_prediction_failure,113.0,117.0,118.0,True,True,True,A<C<B,4.0,1.0,5.0,sustained_threshold_crossing,sustained_threshold_crossing,sustained_prediction_failure
Male_Angry 04,Angry,101.0,98.0,98.0,True,True,True,C=B<A,3.0,0.0,3.0,sustained_threshold_crossing,sustained_threshold_crossing,sustained_prediction_failure,114.0,114.0,115.0,True,True,True,A=C<B,0.0,1.0,1.0,sustained_threshold_crossing,sustained_threshold_crossing,sustained_prediction_failure
Male_Angry 05,Angry,101.0,83.0,81.0,True,True,True,B<C<A,18.0,2.0,20.0,sustained_threshold_crossing,sustained_threshold_crossing,sustained_prediction_failure,111.0,127.0,129.0,True,True,True,A<C<B,16.0,2.0,18.0,sustained_threshold_crossing,sustained_threshold_crossing,sustained_prediction_failure
Male_Anguish,Anguish,101.0,98.0,98.0,True,True,True,C=B<A,3.0,0.0,3.0,sustained_threshold_crossing,sustained_threshold_crossing,sustained_prediction_failure,113.0,126.0,126.0,True,True,True,A<C=B,13.0,0.0,13.0,sustained_threshold_crossing,sustained_threshold_crossing,sustained_prediction_failure
Male_Animosity Growl,Animosity Growl,100.0,107.0,106.0,True,True,True,A<B<C,7.0,1.0,6.0,sustained_threshold_crossing,sustained_threshold_crossing,sustained_prediction_failure,108.0,107.0,128.0,True,True,True,C<A<B,1.0,21.0,20.0,sustained_threshold_crossing,sustained_threshold_crossing,sustained_prediction_failure
Male_Animosity Rebellious,Animosity Rebellious,100.0,62.0,62.0,True,True,True,C=B<A,38.0,0.0,38.0,sustained_threshold_crossing,sustained_threshold_crossing,sustained_prediction_failure,110.0,152.0,152.0,True,True,True,A<C=B,42.0,0.0,42.0,sustained_threshold_crossing,sustained_threshold_crossing,sustained_prediction_failure
Male_Bored 01,Bored,101.0,98.0,96.0,True,True,True,B<C<A,3.0,2.0,5.0,sustained_threshold_crossing,sustained_threshold_crossing,sustained_prediction_failure,114.0,116.0,116.0,True,True,True,A<C=B,2.0,0.0,2.0,sustained_threshold_crossing,sustained_threshold_crossing,sustained_prediction_failure
Male_Bored 03,Bored,101.0,101.0,100.0,True,True,True,B<A=C,0.0,1.0,1.0,sustained_threshold_crossing,sustained_threshold_crossing,sustained_prediction_failure,114.0,112.0,114.0,True,True,True,C<A=B,2.0,2.0,0.0,sustained_threshold_crossing,sustained_threshold_crossing,sustained_prediction_failure
Male_Bored 04,Bored,101.0,96.0,96.0,True,True,True,C=B<A,5.0,0.0,5.0,sustained_threshold_crossing,sustained_threshold_crossing,sustained_prediction_failure,114.0,120.0,129.0,True,True,True,A<C<B,6.0,9.0,15.0,sustained_threshold_crossing,sustained_threshold_crossing,sustained_prediction_failure
Male_Bored 05,Bored,102.0,102.0,101.0,True,True,True,B<A=C,0.0,1.0,1.0,sustained_threshold_crossing,sustained_threshold_crossing,sustained_prediction_failure,114.0,119.0,120.0,True,True,True,A<C<B,5.0,1.0,6.0,sustained_threshold_crossing,sustained_threshold_crossing,sustained_prediction_failure
Male_BreathTaking Over The Moon,BreathTaking Over The Moon,100.0,107.0,102.0,True,True,True,A<B<C,7.0,5.0,2.0,sustained_threshold_crossing,sustained_threshold_crossing,sustained_prediction_failure,108.0,107.0,112.0,True,True,True,C<A<B,1.0,5.0,4.0,sustained_threshold_crossing,sustained_threshold_crossing,sustained_prediction_failure
Male_Chewing,Chewing,100.0,98.0,96.0,True,True,True,B<C<A,2.0,2.0,4.0,sustained_threshold_crossing,sustained_threshold_crossing,sustained_prediction_failure,116.0,118.0,118.0,True,True,True,A<C=B,2.0,0.0,2.0,sustained_threshold_crossing,sustained_threshold_crossing,sustained_prediction_failure
Male_Choking,Choking,100.0,85.0,85.0,True,True,True,C=B<A,15.0,0.0,15.0,sustained_threshold_crossing,sustained_threshold_crossing,sustained_prediction_failure,112.0,129.0,129.0,True,True,True,A<C=B,17.0,0.0,17.0,sustained_threshold_crossing,sustained_threshold_crossing,sustained_prediction_failure
Male_Coughing,Coughing,100.0,101.0,100.0,True,True,True,A=B<C,1.0,1.0,0.0,sustained_threshold_crossing,sustained_threshold_crossing,sustained_prediction_failure,113.0,115.0,121.0,True,True,True,A<C<B,2.0,6.0,8.0,sustained_threshold_crossing,sustained_threshold_crossing,sustained_prediction_failure
Male_Crazed,Crazed,100.0,58.0,58.0,True,True,True,C=B<A,42.0,0.0,42.0,sustained_threshold_crossing,sustained_threshold_crossing,sustained_prediction_failure,109.0,165.0,166.0,True,True,True,A<C<B,56.0,1.0,57.0,sustained_threshold_crossing,sustained_threshold_crossing,sustained_prediction_failure
Male_Crying,Crying,101.0,97.0,97.0,True,True,True,C=B<A,4.0,0.0,4.0,sustained_threshold_crossing,sustained_threshold_crossing,sustained_prediction_failure,115.0,115.0,116.0,True,True,True,A=C<B,0.0,1.0,1.0,sustained_threshold_crossing,sustained_threshold_crossing,sustained_prediction_failure
Male_Cute 01,Cute,102.0,99.0,97.0,True,True,True,B<C<A,3.0,2.0,5.0,sustained_threshold_crossing,sustained_threshold_crossing,sustained_prediction_failure,114.0,116.0,117.0,True,True,True,A<C<B,2.0,1.0,3.0,sustained_threshold_crossing,sustained_threshold_crossing,sustained_prediction_failure
Male_Cute 02,Cute,101.0,104.0,97.0,True,True,True,B<A<C,3.0,7.0,4.0,sustained_threshold_crossing,sustained_threshold_crossing,sustained_prediction_failure,114.0,112.0,113.0,True,True,True,C<B<A,2.0,1.0,1.0,sustained_threshold_crossing,sustained_threshold_crossing,sustained_prediction_failure
Male_Cute 03,Cute,102.0,95.0,94.0,True,True,True,B<C<A,7.0,1.0,8.0,sustained_threshold_crossing,sustained_threshold_crossing,sustained_prediction_failure,114.0,129.0,132.0,True,True,True,A<C<B,15.0,3.0,18.0,sustained_threshold_crossing,sustained_threshold_crossing,sustained_prediction_failure
Male_Cute 04,Cute,101.0,97.0,97.0,True,True,True,C=B<A,4.0,0.0,4.0,sustained_threshold_crossing,sustained_threshold_crossing,sustained_prediction_failure,115.0,118.0,119.0,True,True,True,A<C<B,3.0,1.0,4.0,sustained_threshold_crossing,sustained_threshold_crossing,sustained_prediction_failure
Male_Cute 05,Cute,100.0,100.0,96.0,True,True,True,B<A=C,0.0,4.0,4.0,sustained_threshold_crossing,sustained_threshold_crossing,sustained_prediction_failure,115.0,112.0,114.0,True,True,True,C<B<A,3.0,2.0,1.0,sustained_threshold_crossing,sustained_threshold_crossing,sustained_prediction_failure
Male_Despise 01,Despise,102.0,102.0,99.0,True,True,True,B<A=C,0.0,3.0,3.0,sustained_threshold_crossing,sustained_threshold_crossing,sustained_prediction_failure,112.0,117.0,117.0,True,True,True,A<C=B,5.0,0.0,5.0,sustained_threshold_crossing,sustained_threshold_crossing,sustained_prediction_failure
Male_Despise 02,Despise,102.0,86.0,86.0,True,True,True,C=B<A,16.0,0.0,16.0,sustained_threshold_crossing,sustained_threshold_crossing,sustained_prediction_failure,112.0,137.0,171.0,True,True,True,A<C<B,25.0,34.0,59.0,sustained_threshold_crossing,sustained_threshold_crossing,sustained_prediction_failure
Male_Despise 03,Despise,102.0,84.0,84.0,True,True,True,C=B<A,18.0,0.0,18.0,sustained_threshold_crossing,sustained_threshold_crossing,sustained_prediction_failure,115.0,118.0,123.0,True,True,True,A<C<B,3.0,5.0,8.0,sustained_threshold_crossing,sustained_threshold_crossing,sustained_prediction_failure
Male_Despise 04,Despise,100.0,96.0,95.0,True,True,True,B<C<A,4.0,1.0,5.0,sustained_threshold_crossing,sustained_threshold_crossing,sustained_prediction_failure,113.0,120.0,120.0,True,True,True,A<C=B,7.0,0.0,7.0,sustained_threshold_crossing,sustained_threshold_crossing,sustained_prediction_failure
Male_Despise 05,Despise,101.0,101.0,101.0,True,True,True,tie_all,0.0,0.0,0.0,sustained_threshold_crossing,sustained_threshold_crossing,sustained_prediction_failure,114.0,111.0,113.0,True,True,True,C<B<A,3.0,2.0,1.0,sustained_threshold_crossing,sustained_threshold_crossing,sustained_prediction_failure
Male_Determined,Determined,101.0,107.0,99.0,True,True,True,B<A<C,6.0,8.0,2.0,sustained_threshold_crossing,sustained_threshold_crossing,sustained_prediction_failure,108.0,118.0,118.0,True,True,True,A<C=B,10.0,0.0,10.0,sustained_threshold_crossing,sustained_threshold_crossing,sustained_prediction_failure
Male_Distrust 01,Distrust,101.0,102.0,90.0,True,True,True,B<A<C,1.0,12.0,11.0,sustained_threshold_crossing,sustained_threshold_crossing,sustained_prediction_failure,114.0,117.0,118.0,True,True,True,A<C<B,3.0,1.0,4.0,sustained_threshold_crossing,sustained_threshold_crossing,sustained_prediction_failure
Male_Distrust 02,Distrust,100.0,101.0,99.0,True,True,True,B<A<C,1.0,2.0,1.0,sustained_threshold_crossing,sustained_threshold_crossing,sustained_prediction_failure,115.0,115.0,116.0,True,True,True,A=C<B,0.0,1.0,1.0,sustained_threshold_crossing,sustained_threshold_crossing,sustained_prediction_failure
Male_Distrust 03,Distrust,102.0,103.0,102.0,True,True,True,A=B<C,1.0,1.0,0.0,sustained_threshold_crossing,sustained_threshold_crossing,sustained_prediction_failure,113.0,115.0,116.0,True,True,True,A<C<B,2.0,1.0,3.0,sustained_threshold_crossing,sustained_threshold_crossing,sustained_prediction_failure
Male_Distrust 04,Distrust,100.0,101.0,99.0,True,True,True,B<A<C,1.0,2.0,1.0,sustained_threshold_crossing,sustained_threshold_crossing,sustained_prediction_failure,114.0,111.0,113.0,True,True,True,C<B<A,3.0,2.0,1.0,sustained_threshold_crossing,sustained_threshold_crossing,sustained_prediction_failure
Male_Distrust 05,Distrust,101.0,98.0,97.0,True,True,True,B<C<A,3.0,1.0,4.0,sustained_threshold_crossing,sustained_threshold_crossing,sustained_prediction_failure,114.0,122.0,123.0,True,True,True,A<C<B,8.0,1.0,9.0,sustained_threshold_crossing,sustained_threshold_crossing,sustained_prediction_failure
Male_Empathy 01,Empathy,101.0,105.0,99.0,True,True,True,B<A<C,4.0,6.0,2.0,sustained_threshold_crossing,sustained_threshold_crossing,sustained_prediction_failure,113.0,112.0,113.0,True,True,True,C<A=B,1.0,1.0,0.0,sustained_threshold_crossing,sustained_threshold_crossing,sustained_prediction_failure
Male_Empathy 02,Empathy,100.0,98.0,97.0,True,True,True,B<C<A,2.0,1.0,3.0,sustained_threshold_crossing,sustained_threshold_crossing,sustained_prediction_failure,115.0,117.0,118.0,True,True,True,A<C<B,2.0,1.0,3.0,sustained_threshold_crossing,sustained_threshold_crossing,sustained_prediction_failure
Male_Empathy 03,Empathy,102.0,103.0,97.0,True,True,True,B<A<C,1.0,6.0,5.0,sustained_threshold_crossing,sustained_threshold_crossing,sustained_prediction_failure,113.0,121.0,121.0,True,True,True,A<C=B,8.0,0.0,8.0,sustained_threshold_crossing,sustained_threshold_crossing,sustained_prediction_failure
Male_Empathy 04,Empathy,99.0,97.0,95.0,True,True,True,B<C<A,2.0,2.0,4.0,sustained_threshold_crossing,sustained_threshold_crossing,sustained_prediction_failure,116.0,112.0,116.0,True,True,True,C<A=B,4.0,4.0,0.0,sustained_threshold_crossing,sustained_threshold_crossing,sustained_prediction_failure
Male_Empathy 05,Empathy,100.0,101.0,99.0,True,True,True,B<A<C,1.0,2.0,1.0,sustained_threshold_crossing,sustained_threshold_crossing,sustained_prediction_failure,116.0,122.0,122.0,True,True,True,A<C=B,6.0,0.0,6.0,sustained_threshold_crossing,sustained_threshold_crossing,sustained_prediction_failure
Male_Expressions Anger 01,Expressions Anger,102.0,97.0,92.0,True,True,True,B<C<A,5.0,5.0,10.0,sustained_threshold_crossing,sustained_threshold_crossing,sustained_prediction_failure,116.0,118.0,125.0,True,True,True,A<C<B,2.0,7.0,9.0,sustained_threshold_crossing,sustained_threshold_crossing,sustained_prediction_failure
Male_Expressions Anger 02,Expressions Anger,102.0,74.0,74.0,True,True,True,C=B<A,28.0,0.0,28.0,sustained_threshold_crossing,sustained_threshold_crossing,sustained_prediction_failure,113.0,118.0,120.0,True,True,True,A<C<B,5.0,2.0,7.0,sustained_threshold_crossing,sustained_threshold_crossing,sustained_prediction_failure
Male_Expressions Anger 03,Expressions Anger,101.0,100.0,99.0,True,True,True,B<C<A,1.0,1.0,2.0,sustained_threshold_crossing,sustained_threshold_crossing,sustained_prediction_failure,114.0,115.0,116.0,True,True,True,A<C<B,1.0,1.0,2.0,sustained_threshold_crossing,sustained_threshold_crossing,sustained_prediction_failure
Male_Expressions Anger 04,Expressions Anger,98.0,86.0,85.0,True,True,True,B<C<A,12.0,1.0,13.0,sustained_threshold_crossing,sustained_threshold_crossing,sustained_prediction_failure,112.0,119.0,119.0,True,True,True,A<C=B,7.0,0.0,7.0,sustained_threshold_crossing,sustained_threshold_crossing,sustained_prediction_failure
Male_Expressions Anger 05,Expressions Anger,101.0,89.0,89.0,True,True,True,C=B<A,12.0,0.0,12.0,sustained_threshold_crossing,sustained_threshold_crossing,sustained_prediction_failure,113.0,137.0,137.0,True,True,True,A<C=B,24.0,0.0,24.0,sustained_threshold_crossing,sustained_threshold_crossing,sustained_prediction_failure
Male_Expressions Confusion 01,Expressions Confusion,103.0,84.0,78.0,True,True,True,B<C<A,19.0,6.0,25.0,sustained_threshold_crossing,sustained_threshold_crossing,sustained_prediction_failure,112.0,117.0,118.0,True,True,True,A<C<B,5.0,1.0,6.0,sustained_threshold_crossing,sustained_threshold_crossing,sustained_prediction_failure
Male_Expressions Confusion 02,Expressions Confusion,100.0,91.0,90.0,True,True,True,B<C<A,9.0,1.0,10.0,sustained_threshold_crossing,sustained_threshold_crossing,sustained_prediction_failure,115.0,121.0,121.0,True,True,True,A<C=B,6.0,0.0,6.0,sustained_threshold_crossing,sustained_threshold_crossing,sustained_prediction_failure
Male_Expressions Confusion 03,Expressions Confusion,101.0,99.0,98.0,True,True,True,B<C<A,2.0,1.0,3.0,sustained_threshold_crossing,sustained_threshold_crossing,sustained_prediction_failure,114.0,114.0,114.0,True,True,True,tie_all,0.0,0.0,0.0,sustained_threshold_crossing,sustained_threshold_crossing,sustained_prediction_failure
Male_Expressions Confusion 04,Expressions Confusion,101.0,102.0,98.0,True,True,True,B<A<C,1.0,4.0,3.0,sustained_threshold_crossing,sustained_threshold_crossing,sustained_prediction_failure,114.0,125.0,125.0,True,True,True,A<C=B,11.0,0.0,11.0,sustained_threshold_crossing,sustained_threshold_crossing,sustained_prediction_failure
Male_Expressions Confusion 05,Expressions Confusion,102.0,89.0,89.0,True,True,True,C=B<A,13.0,0.0,13.0,sustained_threshold_crossing,sustained_threshold_crossing,sustained_prediction_failure,116.0,117.0,118.0,True,True,True,A<C<B,1.0,1.0,2.0,sustained_threshold_crossing,sustained_threshold_crossing,sustained_prediction_failure
Male_Expressions Contempt 01,Expressions Contempt,102.0,86.0,86.0,True,True,True,C=B<A,16.0,0.0,16.0,sustained_threshold_crossing,sustained_threshold_crossing,sustained_prediction_failure,115.0,116.0,117.0,True,True,True,A<C<B,1.0,1.0,2.0,sustained_threshold_crossing,sustained_threshold_crossing,sustained_prediction_failure
Male_Expressions Contempt 02,Expressions Contempt,102.0,101.0,98.0,True,True,True,B<C<A,1.0,3.0,4.0,sustained_threshold_crossing,sustained_threshold_crossing,sustained_prediction_failure,114.0,125.0,126.0,True,True,True,A<C<B,11.0,1.0,12.0,sustained_threshold_crossing,sustained_threshold_crossing,sustained_prediction_failure
Male_Expressions Contempt 03,Expressions Contempt,102.0,89.0,86.0,True,True,True,B<C<A,13.0,3.0,16.0,sustained_threshold_crossing,sustained_threshold_crossing,sustained_prediction_failure,115.0,117.0,117.0,True,True,True,A<C=B,2.0,0.0,2.0,sustained_threshold_crossing,sustained_threshold_crossing,sustained_prediction_failure
Male_Expressions Contempt 04,Expressions Contempt,101.0,101.0,98.0,True,True,True,B<A=C,0.0,3.0,3.0,sustained_threshold_crossing,sustained_threshold_crossing,sustained_prediction_failure,116.0,114.0,114.0,True,True,True,C=B<A,2.0,0.0,2.0,sustained_threshold_crossing,sustained_threshold_crossing,sustained_prediction_failure
Male_Expressions Contempt 05,Expressions Contempt,101.0,86.0,86.0,True,True,True,C=B<A,15.0,0.0,15.0,sustained_threshold_crossing,sustained_threshold_crossing,sustained_prediction_failure,114.0,190.0,198.0,True,True,True,A<C<B,76.0,8.0,84.0,sustained_threshold_crossing,sustained_threshold_crossing,sustained_prediction_failure
Male_Expressions Desire 01,Expressions Desire,101.0,102.0,98.0,True,True,True,B<A<C,1.0,4.0,3.0,sustained_threshold_crossing,sustained_threshold_crossing,sustained_prediction_failure,115.0,116.0,116.0,True,True,True,A<C=B,1.0,0.0,1.0,sustained_threshold_crossing,sustained_threshold_crossing,sustained_prediction_failure
Male_Expressions Desire 02,Expressions Desire,101.0,94.0,94.0,True,True,True,C=B<A,7.0,0.0,7.0,sustained_threshold_crossing,sustained_threshold_crossing,sustained_prediction_failure,116.0,127.0,130.0,True,True,True,A<C<B,11.0,3.0,14.0,sustained_threshold_crossing,sustained_threshold_crossing,sustained_prediction_failure
Male_Expressions Desire 03,Expressions Desire,101.0,96.0,94.0,True,True,True,B<C<A,5.0,2.0,7.0,sustained_threshold_crossing,sustained_threshold_crossing,sustained_prediction_failure,114.0,118.0,119.0,True,True,True,A<C<B,4.0,1.0,5.0,sustained_threshold_crossing,sustained_threshold_crossing,sustained_prediction_failure
Male_Expressions Desire 04,Expressions Desire,103.0,45.0,33.0,True,True,True,B<C<A,58.0,12.0,70.0,sustained_threshold_crossing,sustained_threshold_crossing,sustained_prediction_failure,111.0,117.0,117.0,True,True,True,A<C=B,6.0,0.0,6.0,sustained_threshold_crossing,sustained_threshold_crossing,sustained_prediction_failure
Male_Expressions Desire 05,Expressions Desire,101.0,76.0,73.0,True,True,True,B<C<A,25.0,3.0,28.0,sustained_threshold_crossing,sustained_threshold_crossing,sustained_prediction_failure,115.0,119.0,120.0,True,True,True,A<C<B,4.0,1.0,5.0,sustained_threshold_crossing,sustained_threshold_crossing,sustained_prediction_failure
Male_Expressions Disgust 01,Expressions Disgust,100.0,97.0,93.0,True,True,True,B<C<A,3.0,4.0,7.0,sustained_threshold_crossing,sustained_threshold_crossing,sustained_prediction_failure,114.0,120.0,121.0,True,True,True,A<C<B,6.0,1.0,7.0,sustained_threshold_crossing,sustained_threshold_crossing,sustained_prediction_failure
Male_Expressions Disgust 02,Expressions Disgust,102.0,91.0,89.0,True,True,True,B<C<A,11.0,2.0,13.0,sustained_threshold_crossing,sustained_threshold_crossing,sustained_prediction_failure,114.0,119.0,120.0,True,True,True,A<C<B,5.0,1.0,6.0,sustained_threshold_crossing,sustained_threshold_crossing,sustained_prediction_failure
Male_Expressions Disgust 03,Expressions Disgust,101.0,101.0,99.0,True,True,True,B<A=C,0.0,2.0,2.0,sustained_threshold_crossing,sustained_threshold_crossing,sustained_prediction_failure,113.0,113.0,114.0,True,True,True,A=C<B,0.0,1.0,1.0,sustained_threshold_crossing,sustained_threshold_crossing,sustained_prediction_failure
Male_Expressions Disgust 04,Expressions Disgust,102.0,38.0,38.0,True,True,True,C=B<A,64.0,0.0,64.0,sustained_threshold_crossing,sustained_threshold_crossing,sustained_prediction_failure,113.0,181.0,181.0,True,True,True,A<C=B,68.0,0.0,68.0,sustained_threshold_crossing,sustained_threshold_crossing,sustained_prediction_failure
Male_Expressions Disgust 05,Expressions Disgust,101.0,95.0,93.0,True,True,True,B<C<A,6.0,2.0,8.0,sustained_threshold_crossing,sustained_threshold_crossing,sustained_prediction_failure,113.0,119.0,120.0,True,True,True,A<C<B,6.0,1.0,7.0,sustained_threshold_crossing,sustained_threshold_crossing,sustained_prediction_failure
Male_Expressions Excitement 01,Expressions Excitement,101.0,95.0,91.0,True,True,True,B<C<A,6.0,4.0,10.0,sustained_threshold_crossing,sustained_threshold_crossing,sustained_prediction_failure,112.0,117.0,118.0,True,True,True,A<C<B,5.0,1.0,6.0,sustained_threshold_crossing,sustained_threshold_crossing,sustained_prediction_failure
Male_Expressions Excitement 02,Expressions Excitement,102.0,89.0,89.0,True,True,True,C=B<A,13.0,0.0,13.0,sustained_threshold_crossing,sustained_threshold_crossing,sustained_prediction_failure,113.0,120.0,122.0,True,True,True,A<C<B,7.0,2.0,9.0,sustained_threshold_crossing,sustained_threshold_crossing,sustained_prediction_failure
Male_Expressions Excitement 03,Expressions Excitement,102.0,95.0,95.0,True,True,True,C=B<A,7.0,0.0,7.0,sustained_threshold_crossing,sustained_threshold_crossing,sustained_prediction_failure,113.0,114.0,120.0,True,True,True,A<C<B,1.0,6.0,7.0,sustained_threshold_crossing,sustained_threshold_crossing,sustained_prediction_failure
Male_Expressions Excitement 04,Expressions Excitement,102.0,100.0,95.0,True,True,True,B<C<A,2.0,5.0,7.0,sustained_threshold_crossing,sustained_threshold_crossing,sustained_prediction_failure,114.0,115.0,116.0,True,True,True,A<C<B,1.0,1.0,2.0,sustained_threshold_crossing,sustained_threshold_crossing,sustained_prediction_failure
Male_Expressions Excitement 05,Expressions Excitement,100.0,95.0,95.0,True,True,True,C=B<A,5.0,0.0,5.0,sustained_threshold_crossing,sustained_threshold_crossing,sustained_prediction_failure,115.0,124.0,125.0,True,True,True,A<C<B,9.0,1.0,10.0,sustained_threshold_crossing,sustained_threshold_crossing,sustained_prediction_failure
Male_Expressions Fear 01,Expressions Fear,100.0,94.0,92.0,True,True,True,B<C<A,6.0,2.0,8.0,sustained_threshold_crossing,sustained_threshold_crossing,sustained_prediction_failure,114.0,116.0,116.0,True,True,True,A<C=B,2.0,0.0,2.0,sustained_threshold_crossing,sustained_threshold_crossing,sustained_prediction_failure
Male_Expressions Fear 02,Expressions Fear,102.0,93.0,93.0,True,True,True,C=B<A,9.0,0.0,9.0,sustained_threshold_crossing,sustained_threshold_crossing,sustained_prediction_failure,113.0,122.0,127.0,True,True,True,A<C<B,9.0,5.0,14.0,sustained_threshold_crossing,sustained_threshold_crossing,sustained_prediction_failure
Male_Expressions Fear 03,Expressions Fear,100.0,98.0,97.0,True,True,True,B<C<A,2.0,1.0,3.0,sustained_threshold_crossing,sustained_threshold_crossing,sustained_prediction_failure,114.0,116.0,116.0,True,True,True,A<C=B,2.0,0.0,2.0,sustained_threshold_crossing,sustained_threshold_crossing,sustained_prediction_failure
Male_Expressions Fear 04,Expressions Fear,100.0,100.0,99.0,True,True,True,B<A=C,0.0,1.0,1.0,sustained_threshold_crossing,sustained_threshold_crossing,sustained_prediction_failure,114.0,113.0,115.0,True,True,True,C<A<B,1.0,2.0,1.0,sustained_threshold_crossing,sustained_threshold_crossing,sustained_prediction_failure
Male_Expressions Fear 05,Expressions Fear,101.0,94.0,91.0,True,True,True,B<C<A,7.0,3.0,10.0,sustained_threshold_crossing,sustained_threshold_crossing,sustained_prediction_failure,114.0,118.0,120.0,True,True,True,A<C<B,4.0,2.0,6.0,sustained_threshold_crossing,sustained_threshold_crossing,sustained_prediction_failure
Male_Expressions Happiness 01,Expressions Happiness,102.0,89.0,89.0,True,True,True,C=B<A,13.0,0.0,13.0,sustained_threshold_crossing,sustained_threshold_crossing,sustained_prediction_failure,115.0,116.0,117.0,True,True,True,A<C<B,1.0,1.0,2.0,sustained_threshold_crossing,sustained_threshold_crossing,sustained_prediction_failure
Male_Expressions Happiness 02,Expressions Happiness,101.0,86.0,84.0,True,True,True,B<C<A,15.0,2.0,17.0,sustained_threshold_crossing,sustained_threshold_crossing,sustained_prediction_failure,114.0,120.0,123.0,True,True,True,A<C<B,6.0,3.0,9.0,sustained_threshold_crossing,sustained_threshold_crossing,sustained_prediction_failure
Male_Expressions Happiness 03,Expressions Happiness,101.0,70.0,68.0,True,True,True,B<C<A,31.0,2.0,33.0,sustained_threshold_crossing,sustained_threshold_crossing,sustained_prediction_failure,115.0,123.0,123.0,True,True,True,A<C=B,8.0,0.0,8.0,sustained_threshold_crossing,sustained_threshold_crossing,sustained_prediction_failure
Male_Expressions Happiness 04,Expressions Happiness,101.0,93.0,93.0,True,True,True,C=B<A,8.0,0.0,8.0,sustained_threshold_crossing,sustained_threshold_crossing,sustained_prediction_failure,116.0,121.0,123.0,True,True,True,A<C<B,5.0,2.0,7.0,sustained_threshold_crossing,sustained_threshold_crossing,sustained_prediction_failure
Male_Expressions Happiness 05,Expressions Happiness,101.0,80.0,78.0,True,True,True,B<C<A,21.0,2.0,23.0,sustained_threshold_crossing,sustained_threshold_crossing,sustained_prediction_failure,115.0,155.0,158.0,True,True,True,A<C<B,40.0,3.0,43.0,sustained_threshold_crossing,sustained_threshold_crossing,sustained_prediction_failure
Male_Expressions Sadness 01,Expressions Sadness,101.0,92.0,92.0,True,True,True,C=B<A,9.0,0.0,9.0,sustained_threshold_crossing,sustained_threshold_crossing,sustained_prediction_failure,117.0,118.0,120.0,True,True,True,A<C<B,1.0,2.0,3.0,sustained_threshold_crossing,sustained_threshold_crossing,sustained_prediction_failure
Male_Expressions Sadness 02,Expressions Sadness,101.0,91.0,91.0,True,True,True,C=B<A,10.0,0.0,10.0,sustained_threshold_crossing,sustained_threshold_crossing,sustained_prediction_failure,113.0,117.0,123.0,True,True,True,A<C<B,4.0,6.0,10.0,sustained_threshold_crossing,sustained_threshold_crossing,sustained_prediction_failure
Male_Expressions Sadness 03,Expressions Sadness,102.0,95.0,92.0,True,True,True,B<C<A,7.0,3.0,10.0,sustained_threshold_crossing,sustained_threshold_crossing,sustained_prediction_failure,114.0,114.0,118.0,True,True,True,A=C<B,0.0,4.0,4.0,sustained_threshold_crossing,sustained_threshold_crossing,sustained_prediction_failure
Male_Expressions Sadness 04,Expressions Sadness,101.0,100.0,99.0,True,True,True,B<C<A,1.0,1.0,2.0,sustained_threshold_crossing,sustained_threshold_crossing,sustained_prediction_failure,115.0,116.0,117.0,True,True,True,A<C<B,1.0,1.0,2.0,sustained_threshold_crossing,sustained_threshold_crossing,sustained_prediction_failure
Male_Expressions Sadness 05,Expressions Sadness,101.0,89.0,87.0,True,True,True,B<C<A,12.0,2.0,14.0,sustained_threshold_crossing,sustained_threshold_crossing,sustained_prediction_failure,115.0,120.0,120.0,True,True,True,A<C=B,5.0,0.0,5.0,sustained_threshold_crossing,sustained_threshold_crossing,sustained_prediction_failure
Male_Expressions Surprise 01,Expressions Surprise,99.0,85.0,76.0,True,True,True,B<C<A,14.0,9.0,23.0,sustained_threshold_crossing,sustained_threshold_crossing,sustained_prediction_failure,114.0,129.0,130.0,True,True,True,A<C<B,15.0,1.0,16.0,sustained_threshold_crossing,sustained_threshold_crossing,sustained_prediction_failure
Male_Expressions Surprise 02,Expressions Surprise,102.0,93.0,87.0,True,True,True,B<C<A,9.0,6.0,15.0,sustained_threshold_crossing,sustained_threshold_crossing,sustained_prediction_failure,114.0,120.0,121.0,True,True,True,A<C<B,6.0,1.0,7.0,sustained_threshold_crossing,sustained_threshold_crossing,sustained_prediction_failure
Male_Expressions Surprise 03,Expressions Surprise,100.0,97.0,97.0,True,True,True,C=B<A,3.0,0.0,3.0,sustained_threshold_crossing,sustained_threshold_crossing,sustained_prediction_failure,116.0,120.0,122.0,True,True,True,A<C<B,4.0,2.0,6.0,sustained_threshold_crossing,sustained_threshold_crossing,sustained_prediction_failure
Male_Expressions Surprise 04,Expressions Surprise,99.0,92.0,90.0,True,True,True,B<C<A,7.0,2.0,9.0,sustained_threshold_crossing,sustained_threshold_crossing,sustained_prediction_failure,117.0,124.0,130.0,True,True,True,A<C<B,7.0,6.0,13.0,sustained_threshold_crossing,sustained_threshold_crossing,sustained_prediction_failure
Male_Expressions Surprise 05,Expressions Surprise,102.0,52.0,51.0,True,True,True,B<C<A,50.0,1.0,51.0,sustained_threshold_crossing,sustained_threshold_crossing,sustained_prediction_failure,116.0,136.0,136.0,True,True,True,A<C=B,20.0,0.0,20.0,sustained_threshold_crossing,sustained_threshold_crossing,sustained_prediction_failure
Male_Eyeglasses 1,Eyeglasses,103.0,19.0,8.0,True,True,True,B<C<A,84.0,11.0,95.0,sustained_threshold_crossing,sustained_threshold_crossing,sustained_prediction_failure,108.0,208.0,208.0,True,True,True,A<C=B,100.0,0.0,100.0,sustained_threshold_crossing,sustained_threshold_crossing,sustained_prediction_failure
Male_Fear 01,Fear,99.0,89.0,85.0,True,True,True,B<C<A,10.0,4.0,14.0,sustained_threshold_crossing,sustained_threshold_crossing,sustained_prediction_failure,115.0,127.0,127.0,True,True,True,A<C=B,12.0,0.0,12.0,sustained_threshold_crossing,sustained_threshold_crossing,sustained_prediction_failure
Male_Fear 02,Fear,101.0,92.0,91.0,True,True,True,B<C<A,9.0,1.0,10.0,sustained_threshold_crossing,sustained_threshold_crossing,sustained_prediction_failure,114.0,124.0,126.0,True,True,True,A<C<B,10.0,2.0,12.0,sustained_threshold_crossing,sustained_threshold_crossing,sustained_prediction_failure
Male_Fear 03,Fear,101.0,88.0,87.0,True,True,True,B<C<A,13.0,1.0,14.0,sustained_threshold_crossing,sustained_threshold_crossing,sustained_prediction_failure,113.0,124.0,124.0,True,True,True,A<C=B,11.0,0.0,11.0,sustained_threshold_crossing,sustained_threshold_crossing,sustained_prediction_failure
Male_Fear 04,Fear,100.0,92.0,86.0,True,True,True,B<C<A,8.0,6.0,14.0,sustained_threshold_crossing,sustained_threshold_crossing,sustained_prediction_failure,116.0,112.0,117.0,True,True,True,C<A<B,4.0,5.0,1.0,sustained_threshold_crossing,sustained_threshold_crossing,sustained_prediction_failure
Male_Fear 05,Fear,99.0,91.0,80.0,True,True,True,B<C<A,8.0,11.0,19.0,sustained_threshold_crossing,sustained_threshold_crossing,sustained_prediction_failure,117.0,131.0,133.0,True,True,True,A<C<B,14.0,2.0,16.0,sustained_threshold_crossing,sustained_threshold_crossing,sustained_prediction_failure
Male_Fierce Cutthroat,Fierce Cutthroat,98.0,101.0,75.0,True,True,True,B<A<C,3.0,26.0,23.0,sustained_threshold_crossing,sustained_threshold_crossing,sustained_prediction_failure,109.0,114.0,115.0,True,True,True,A<C<B,5.0,1.0,6.0,sustained_threshold_crossing,sustained_threshold_crossing,sustained_prediction_failure
Male_Fierce Fiery,Fierce Fiery,102.0,88.0,88.0,True,True,True,C=B<A,14.0,0.0,14.0,sustained_threshold_crossing,sustained_threshold_crossing,sustained_prediction_failure,108.0,121.0,122.0,True,True,True,A<C<B,13.0,1.0,14.0,sustained_threshold_crossing,sustained_threshold_crossing,sustained_prediction_failure
Male_Fierce Savage,Fierce Savage,101.0,107.0,107.0,True,True,True,A<C=B,6.0,0.0,6.0,sustained_threshold_crossing,sustained_threshold_crossing,sustained_prediction_failure,108.0,130.0,131.0,True,True,True,A<C<B,22.0,1.0,23.0,sustained_threshold_crossing,sustained_threshold_crossing,sustained_prediction_failure
Male_Happy 01,Happy,101.0,55.0,54.0,True,True,True,B<C<A,46.0,1.0,47.0,sustained_threshold_crossing,sustained_threshold_crossing,sustained_prediction_failure,114.0,120.0,124.0,True,True,True,A<C<B,6.0,4.0,10.0,sustained_threshold_crossing,sustained_threshold_crossing,sustained_prediction_failure
Male_Happy 02,Happy,102.0,99.0,95.0,True,True,True,B<C<A,3.0,4.0,7.0,sustained_threshold_crossing,sustained_threshold_crossing,sustained_prediction_failure,113.0,113.0,113.0,True,True,True,tie_all,0.0,0.0,0.0,sustained_threshold_crossing,sustained_threshold_crossing,sustained_prediction_failure
Male_Happy 03,Happy,102.0,102.0,93.0,True,True,True,B<A=C,0.0,9.0,9.0,sustained_threshold_crossing,sustained_threshold_crossing,sustained_prediction_failure,113.0,121.0,123.0,True,True,True,A<C<B,8.0,2.0,10.0,sustained_threshold_crossing,sustained_threshold_crossing,sustained_prediction_failure
Male_Happy 04,Happy,101.0,98.0,94.0,True,True,True,B<C<A,3.0,4.0,7.0,sustained_threshold_crossing,sustained_threshold_crossing,sustained_prediction_failure,114.0,115.0,116.0,True,True,True,A<C<B,1.0,1.0,2.0,sustained_threshold_crossing,sustained_threshold_crossing,sustained_prediction_failure
Male_Happy 05,Happy,99.0,86.0,86.0,True,True,True,C=B<A,13.0,0.0,13.0,sustained_threshold_crossing,sustained_threshold_crossing,sustained_prediction_failure,116.0,128.0,131.0,True,True,True,A<C<B,12.0,3.0,15.0,sustained_threshold_crossing,sustained_threshold_crossing,sustained_prediction_failure
Male_Happy Elated,Happy Elated,101.0,89.0,89.0,True,True,True,C=B<A,12.0,0.0,12.0,sustained_threshold_crossing,sustained_threshold_crossing,sustained_prediction_failure,108.0,159.0,160.0,True,True,True,A<C<B,51.0,1.0,52.0,sustained_threshold_crossing,sustained_threshold_crossing,sustained_prediction_failure
Male_Happy Perky,Happy Perky,101.0,89.0,80.0,True,True,True,B<C<A,12.0,9.0,21.0,sustained_threshold_crossing,sustained_threshold_crossing,sustained_prediction_failure,108.0,118.0,130.0,True,True,True,A<C<B,10.0,12.0,22.0,sustained_threshold_crossing,sustained_threshold_crossing,sustained_prediction_failure
Male_Happy So Peaceful,Happy So Peaceful,100.0,49.0,44.0,True,True,True,B<C<A,51.0,5.0,56.0,sustained_threshold_crossing,sustained_threshold_crossing,sustained_prediction_failure,110.0,173.0,173.0,True,True,True,A<C=B,63.0,0.0,63.0,sustained_threshold_crossing,sustained_threshold_crossing,sustained_prediction_failure
Male_Humiliated,Humiliated,99.0,95.0,86.0,True,True,True,B<C<A,4.0,9.0,13.0,sustained_threshold_crossing,sustained_threshold_crossing,sustained_prediction_failure,115.0,121.0,123.0,True,True,True,A<C<B,6.0,2.0,8.0,sustained_threshold_crossing,sustained_threshold_crossing,sustained_prediction_failure
Male_Insanity Deranged,Insanity Deranged,101.0,91.0,91.0,True,True,True,C=B<A,10.0,0.0,10.0,sustained_threshold_crossing,sustained_threshold_crossing,sustained_prediction_failure,108.0,140.0,148.0,True,True,True,A<C<B,32.0,8.0,40.0,sustained_threshold_crossing,sustained_threshold_crossing,sustained_prediction_failure
Male_Insanity Go Cucko,Insanity Go Cucko,103.0,84.0,77.0,True,True,True,B<C<A,19.0,7.0,26.0,sustained_threshold_crossing,sustained_threshold_crossing,sustained_prediction_failure,108.0,124.0,125.0,True,True,True,A<C<B,16.0,1.0,17.0,sustained_threshold_crossing,sustained_threshold_crossing,sustained_prediction_failure
Male_Insanity Going Crazy,Insanity Going Crazy,97.0,71.0,70.0,True,True,True,B<C<A,26.0,1.0,27.0,sustained_threshold_crossing,sustained_threshold_crossing,sustained_prediction_failure,112.0,146.0,146.0,True,True,True,A<C=B,34.0,0.0,34.0,sustained_threshold_crossing,sustained_threshold_crossing,sustained_prediction_failure
Male_Insanity Hostile,Insanity Hostile,100.0,82.0,81.0,True,True,True,B<C<A,18.0,1.0,19.0,sustained_threshold_crossing,sustained_threshold_crossing,sustained_prediction_failure,110.0,141.0,145.0,True,True,True,A<C<B,31.0,4.0,35.0,sustained_threshold_crossing,sustained_threshold_crossing,sustained_prediction_failure
Male_Insanity Lunatic,Insanity Lunatic,101.0,101.0,98.0,True,True,True,B<A=C,0.0,3.0,3.0,sustained_threshold_crossing,sustained_threshold_crossing,sustained_prediction_failure,108.0,143.0,148.0,True,True,True,A<C<B,35.0,5.0,40.0,sustained_threshold_crossing,sustained_threshold_crossing,sustained_prediction_failure
Male_Joy 01,Joy,102.0,96.0,95.0,True,True,True,B<C<A,6.0,1.0,7.0,sustained_threshold_crossing,sustained_threshold_crossing,sustained_prediction_failure,113.0,117.0,119.0,True,True,True,A<C<B,4.0,2.0,6.0,sustained_threshold_crossing,sustained_threshold_crossing,sustained_prediction_failure
Male_Joy 02,Joy,103.0,86.0,75.0,True,True,True,B<C<A,17.0,11.0,28.0,sustained_threshold_crossing,sustained_threshold_crossing,sustained_prediction_failure,113.0,127.0,128.0,True,True,True,A<C<B,14.0,1.0,15.0,sustained_threshold_crossing,sustained_threshold_crossing,sustained_prediction_failure
Male_Joy 03,Joy,97.0,21.0,21.0,True,True,True,C=B<A,76.0,0.0,76.0,sustained_threshold_crossing,sustained_threshold_crossing,sustained_prediction_failure,117.0,153.0,155.0,True,True,True,A<C<B,36.0,2.0,38.0,sustained_threshold_crossing,sustained_threshold_crossing,sustained_prediction_failure
Male_Joy 04,Joy,100.0,95.0,94.0,True,True,True,B<C<A,5.0,1.0,6.0,sustained_threshold_crossing,sustained_threshold_crossing,sustained_prediction_failure,116.0,121.0,121.0,True,True,True,A<C=B,5.0,0.0,5.0,sustained_threshold_crossing,sustained_threshold_crossing,sustained_prediction_failure
Male_Joy 05,Joy,99.0,86.0,76.0,True,True,True,B<C<A,13.0,10.0,23.0,sustained_threshold_crossing,sustained_threshold_crossing,sustained_prediction_failure,117.0,121.0,122.0,True,True,True,A<C<B,4.0,1.0,5.0,sustained_threshold_crossing,sustained_threshold_crossing,sustained_prediction_failure
Male_Judgemental 01,Judgemental,98.0,96.0,96.0,True,True,True,C=B<A,2.0,0.0,2.0,sustained_threshold_crossing,sustained_threshold_crossing,sustained_prediction_failure,117.0,124.0,127.0,True,True,True,A<C<B,7.0,3.0,10.0,sustained_threshold_crossing,sustained_threshold_crossing,sustained_prediction_failure
Male_Judgemental 02,Judgemental,100.0,91.0,89.0,True,True,True,B<C<A,9.0,2.0,11.0,sustained_threshold_crossing,sustained_threshold_crossing,sustained_prediction_failure,114.0,112.0,114.0,True,True,True,C<A=B,2.0,2.0,0.0,sustained_threshold_crossing,sustained_threshold_crossing,sustained_prediction_failure
Male_Judgemental 03,Judgemental,100.0,91.0,91.0,True,True,True,C=B<A,9.0,0.0,9.0,sustained_threshold_crossing,sustained_threshold_crossing,sustained_prediction_failure,115.0,126.0,127.0,True,True,True,A<C<B,11.0,1.0,12.0,sustained_threshold_crossing,sustained_threshold_crossing,sustained_prediction_failure
Male_Judgemental 04,Judgemental,101.0,98.0,97.0,True,True,True,B<C<A,3.0,1.0,4.0,sustained_threshold_crossing,sustained_threshold_crossing,sustained_prediction_failure,114.0,121.0,124.0,True,True,True,A<C<B,7.0,3.0,10.0,sustained_threshold_crossing,sustained_threshold_crossing,sustained_prediction_failure
Male_Judgemental 05,Judgemental,99.0,99.0,91.0,True,True,True,B<A=C,0.0,8.0,8.0,sustained_threshold_crossing,sustained_threshold_crossing,sustained_prediction_failure,117.0,134.0,134.0,True,True,True,A<C=B,17.0,0.0,17.0,sustained_threshold_crossing,sustained_threshold_crossing,sustained_prediction_failure
Male_Nervous,Nervous,101.0,94.0,92.0,True,True,True,B<C<A,7.0,2.0,9.0,sustained_threshold_crossing,sustained_threshold_crossing,sustained_prediction_failure,115.0,119.0,119.0,True,True,True,A<C=B,4.0,0.0,4.0,sustained_threshold_crossing,sustained_threshold_crossing,sustained_prediction_failure
Male_Pain 01,Pain,100.0,91.0,91.0,True,True,True,C=B<A,9.0,0.0,9.0,sustained_threshold_crossing,sustained_threshold_crossing,sustained_prediction_failure,113.0,129.0,129.0,True,True,True,A<C=B,16.0,0.0,16.0,sustained_threshold_crossing,sustained_threshold_crossing,sustained_prediction_failure
Male_Pain 02,Pain,105.0,62.0,62.0,True,True,True,C=B<A,43.0,0.0,43.0,sustained_threshold_crossing,sustained_threshold_crossing,sustained_prediction_failure,110.0,136.0,150.0,True,True,True,A<C<B,26.0,14.0,40.0,sustained_threshold_crossing,sustained_threshold_crossing,sustained_prediction_failure
Male_Pain 03,Pain,100.0,95.0,93.0,True,True,True,B<C<A,5.0,2.0,7.0,sustained_threshold_crossing,sustained_threshold_crossing,sustained_prediction_failure,114.0,120.0,120.0,True,True,True,A<C=B,6.0,0.0,6.0,sustained_threshold_crossing,sustained_threshold_crossing,sustained_prediction_failure
Male_Pain 04,Pain,100.0,67.0,67.0,True,True,True,C=B<A,33.0,0.0,33.0,sustained_threshold_crossing,sustained_threshold_crossing,sustained_prediction_failure,114.0,139.0,140.0,True,True,True,A<C<B,25.0,1.0,26.0,sustained_threshold_crossing,sustained_threshold_crossing,sustained_prediction_failure
Male_Pain 05,Pain,100.0,87.0,87.0,True,True,True,C=B<A,13.0,0.0,13.0,sustained_threshold_crossing,sustained_threshold_crossing,sustained_prediction_failure,117.0,127.0,127.0,True,True,True,A<C=B,10.0,0.0,10.0,sustained_threshold_crossing,sustained_threshold_crossing,sustained_prediction_failure
Male_Pain Illness,Pain Illness,100.0,88.0,88.0,True,True,True,C=B<A,12.0,0.0,12.0,sustained_threshold_crossing,sustained_threshold_crossing,sustained_prediction_failure,108.0,152.0,152.0,True,True,True,A<C=B,44.0,0.0,44.0,sustained_threshold_crossing,sustained_threshold_crossing,sustained_prediction_failure
Male_Playful 01,Playful,99.0,98.0,96.0,True,True,True,B<C<A,1.0,2.0,3.0,sustained_threshold_crossing,sustained_threshold_crossing,sustained_prediction_failure,114.0,117.0,117.0,True,True,True,A<C=B,3.0,0.0,3.0,sustained_threshold_crossing,sustained_threshold_crossing,sustained_prediction_failure
Male_Playful 02,Playful,101.0,92.0,92.0,True,True,True,C=B<A,9.0,0.0,9.0,sustained_threshold_crossing,sustained_threshold_crossing,sustained_prediction_failure,113.0,130.0,137.0,True,True,True,A<C<B,17.0,7.0,24.0,sustained_threshold_crossing,sustained_threshold_crossing,sustained_prediction_failure
Male_Playful 03,Playful,101.0,96.0,96.0,True,True,True,C=B<A,5.0,0.0,5.0,sustained_threshold_crossing,sustained_threshold_crossing,sustained_prediction_failure,113.0,117.0,120.0,True,True,True,A<C<B,4.0,3.0,7.0,sustained_threshold_crossing,sustained_threshold_crossing,sustained_prediction_failure
Male_Playful 04,Playful,102.0,95.0,94.0,True,True,True,B<C<A,7.0,1.0,8.0,sustained_threshold_crossing,sustained_threshold_crossing,sustained_prediction_failure,113.0,119.0,120.0,True,True,True,A<C<B,6.0,1.0,7.0,sustained_threshold_crossing,sustained_threshold_crossing,sustained_prediction_failure
Male_Playful 05,Playful,101.0,97.0,96.0,True,True,True,B<C<A,4.0,1.0,5.0,sustained_threshold_crossing,sustained_threshold_crossing,sustained_prediction_failure,114.0,114.0,116.0,True,True,True,A=C<B,0.0,2.0,2.0,sustained_threshold_crossing,sustained_threshold_crossing,sustained_prediction_failure
Male_Pleasure Oo So Funny,Pleasure Oo So Funny,101.0,102.0,89.0,True,True,True,B<A<C,1.0,13.0,12.0,sustained_threshold_crossing,sustained_threshold_crossing,sustained_prediction_failure,108.0,117.0,121.0,True,True,True,A<C<B,9.0,4.0,13.0,sustained_threshold_crossing,sustained_threshold_crossing,sustained_prediction_failure
Male_Romantic 01,Romantic,98.0,95.0,94.0,True,True,True,B<C<A,3.0,1.0,4.0,sustained_threshold_crossing,sustained_threshold_crossing,sustained_prediction_failure,116.0,120.0,121.0,True,True,True,A<C<B,4.0,1.0,5.0,sustained_threshold_crossing,sustained_threshold_crossing,sustained_prediction_failure
Male_Romantic 02,Romantic,101.0,101.0,99.0,True,True,True,B<A=C,0.0,2.0,2.0,sustained_threshold_crossing,sustained_threshold_crossing,sustained_prediction_failure,114.0,112.0,113.0,True,True,True,C<B<A,2.0,1.0,1.0,sustained_threshold_crossing,sustained_threshold_crossing,sustained_prediction_failure
Male_Romantic 03,Romantic,100.0,101.0,99.0,True,True,True,B<A<C,1.0,2.0,1.0,sustained_threshold_crossing,sustained_threshold_crossing,sustained_prediction_failure,114.0,116.0,116.0,True,True,True,A<C=B,2.0,0.0,2.0,sustained_threshold_crossing,sustained_threshold_crossing,sustained_prediction_failure
Male_Romantic 04,Romantic,101.0,95.0,94.0,True,True,True,B<C<A,6.0,1.0,7.0,sustained_threshold_crossing,sustained_threshold_crossing,sustained_prediction_failure,114.0,114.0,117.0,True,True,True,A=C<B,0.0,3.0,3.0,sustained_threshold_crossing,sustained_threshold_crossing,sustained_prediction_failure
Male_Romantic 05,Romantic,101.0,98.0,95.0,True,True,True,B<C<A,3.0,3.0,6.0,sustained_threshold_crossing,sustained_threshold_crossing,sustained_prediction_failure,114.0,115.0,117.0,True,True,True,A<C<B,1.0,2.0,3.0,sustained_threshold_crossing,sustained_threshold_crossing,sustained_prediction_failure
Male_S Wink 02,S Wink,97.0,53.0,50.0,True,True,True,B<C<A,44.0,3.0,47.0,sustained_threshold_crossing,sustained_threshold_crossing,sustained_prediction_failure,117.0,138.0,138.0,True,True,True,A<C=B,21.0,0.0,21.0,sustained_threshold_crossing,sustained_threshold_crossing,sustained_prediction_failure
Male_Sad 01,Sad,100.0,95.0,89.0,True,True,True,B<C<A,5.0,6.0,11.0,sustained_threshold_crossing,sustained_threshold_crossing,sustained_prediction_failure,114.0,116.0,118.0,True,True,True,A<C<B,2.0,2.0,4.0,sustained_threshold_crossing,sustained_threshold_crossing,sustained_prediction_failure
Male_Sad 02,Sad,100.0,95.0,89.0,True,True,True,B<C<A,5.0,6.0,11.0,sustained_threshold_crossing,sustained_threshold_crossing,sustained_prediction_failure,114.0,113.0,115.0,True,True,True,C<A<B,1.0,2.0,1.0,sustained_threshold_crossing,sustained_threshold_crossing,sustained_prediction_failure
Male_Sad 03,Sad,99.0,87.0,74.0,True,True,True,B<C<A,12.0,13.0,25.0,sustained_threshold_crossing,sustained_threshold_crossing,sustained_prediction_failure,116.0,146.0,146.0,True,True,True,A<C=B,30.0,0.0,30.0,sustained_threshold_crossing,sustained_threshold_crossing,sustained_prediction_failure
Male_Sad 04,Sad,100.0,102.0,100.0,True,True,True,A=B<C,2.0,2.0,0.0,sustained_threshold_crossing,sustained_threshold_crossing,sustained_prediction_failure,117.0,118.0,118.0,True,True,True,A<C=B,1.0,0.0,1.0,sustained_threshold_crossing,sustained_threshold_crossing,sustained_prediction_failure
Male_Sad 05,Sad,100.0,101.0,97.0,True,True,True,B<A<C,1.0,4.0,3.0,sustained_threshold_crossing,sustained_threshold_crossing,sustained_prediction_failure,114.0,113.0,115.0,True,True,True,C<A<B,1.0,2.0,1.0,sustained_threshold_crossing,sustained_threshold_crossing,sustained_prediction_failure
Male_Scream,Scream,101.0,99.0,99.0,True,True,True,C=B<A,2.0,0.0,2.0,sustained_threshold_crossing,sustained_threshold_crossing,sustained_prediction_failure,113.0,125.0,127.0,True,True,True,A<C<B,12.0,2.0,14.0,sustained_threshold_crossing,sustained_threshold_crossing,sustained_prediction_failure
Male_Seriousness 01,Seriousness,101.0,102.0,100.0,True,True,True,B<A<C,1.0,2.0,1.0,sustained_threshold_crossing,sustained_threshold_crossing,sustained_prediction_failure,114.0,111.0,113.0,True,True,True,C<B<A,3.0,2.0,1.0,sustained_threshold_crossing,sustained_threshold_crossing,sustained_prediction_failure
Male_Seriousness 02,Seriousness,102.0,90.0,90.0,True,True,True,C=B<A,12.0,0.0,12.0,sustained_threshold_crossing,sustained_threshold_crossing,sustained_prediction_failure,114.0,109.0,117.0,True,True,True,C<A<B,5.0,8.0,3.0,sustained_threshold_crossing,sustained_threshold_crossing,sustained_prediction_failure
Male_Seriousness 03,Seriousness,100.0,101.0,98.0,True,True,True,B<A<C,1.0,3.0,2.0,sustained_threshold_crossing,sustained_threshold_crossing,sustained_prediction_failure,114.0,112.0,114.0,True,True,True,C<A=B,2.0,2.0,0.0,sustained_threshold_crossing,sustained_threshold_crossing,sustained_prediction_failure
Male_Seriousness 04,Seriousness,101.0,96.0,92.0,True,True,True,B<C<A,5.0,4.0,9.0,sustained_threshold_crossing,sustained_threshold_crossing,sustained_prediction_failure,114.0,107.0,119.0,True,True,True,C<A<B,7.0,12.0,5.0,sustained_threshold_crossing,sustained_threshold_crossing,sustained_prediction_failure
Male_Seriousness 05,Seriousness,102.0,96.0,90.0,True,True,True,B<C<A,6.0,6.0,12.0,sustained_threshold_crossing,sustained_threshold_crossing,sustained_prediction_failure,113.0,114.0,117.0,True,True,True,A<C<B,1.0,3.0,4.0,sustained_threshold_crossing,sustained_threshold_crossing,sustained_prediction_failure
Male_Silly 01,Silly,101.0,94.0,93.0,True,True,True,B<C<A,7.0,1.0,8.0,sustained_threshold_crossing,sustained_threshold_crossing,sustained_prediction_failure,114.0,116.0,117.0,True,True,True,A<C<B,2.0,1.0,3.0,sustained_threshold_crossing,sustained_threshold_crossing,sustained_prediction_failure
Male_Silly 02,Silly,101.0,78.0,73.0,True,True,True,B<C<A,23.0,5.0,28.0,sustained_threshold_crossing,sustained_threshold_crossing,sustained_prediction_failure,115.0,165.0,195.0,True,True,True,A<C<B,50.0,30.0,80.0,sustained_threshold_crossing,sustained_threshold_crossing,sustained_prediction_failure
Male_Silly 03,Silly,100.0,81.0,71.0,True,True,True,B<C<A,19.0,10.0,29.0,sustained_threshold_crossing,sustained_threshold_crossing,sustained_prediction_failure,116.0,126.0,126.0,True,True,True,A<C=B,10.0,0.0,10.0,sustained_threshold_crossing,sustained_threshold_crossing,sustained_prediction_failure
Male_Silly 04,Silly,98.0,88.0,85.0,True,True,True,B<C<A,10.0,3.0,13.0,sustained_threshold_crossing,sustained_threshold_crossing,sustained_prediction_failure,116.0,153.0,153.0,True,True,True,A<C=B,37.0,0.0,37.0,sustained_threshold_crossing,sustained_threshold_crossing,sustained_prediction_failure
Male_Silly 05,Silly,101.0,86.0,86.0,True,True,True,C=B<A,15.0,0.0,15.0,sustained_threshold_crossing,sustained_threshold_crossing,sustained_prediction_failure,114.0,115.0,115.0,True,True,True,A<C=B,1.0,0.0,1.0,sustained_threshold_crossing,sustained_threshold_crossing,sustained_prediction_failure
Male_Sleepy,Sleepy,101.0,67.0,67.0,True,True,True,C=B<A,34.0,0.0,34.0,sustained_threshold_crossing,sustained_threshold_crossing,sustained_prediction_failure,113.0,131.0,134.0,True,True,True,A<C<B,18.0,3.0,21.0,sustained_threshold_crossing,sustained_threshold_crossing,sustained_prediction_failure
Male_Sleepy 01,Sleepy,102.0,55.0,27.0,True,True,True,B<C<A,47.0,28.0,75.0,sustained_threshold_crossing,sustained_threshold_crossing,sustained_prediction_failure,116.0,186.0,189.0,True,True,True,A<C<B,70.0,3.0,73.0,sustained_threshold_crossing,sustained_threshold_crossing,sustained_prediction_failure
Male_Sleepy 02,Sleepy,99.0,96.0,94.0,True,True,True,B<C<A,3.0,2.0,5.0,sustained_threshold_crossing,sustained_threshold_crossing,sustained_prediction_failure,116.0,114.0,117.0,True,True,True,C<A<B,2.0,3.0,1.0,sustained_threshold_crossing,sustained_threshold_crossing,sustained_prediction_failure
Male_Sleepy 03,Sleepy,100.0,93.0,92.0,True,True,True,B<C<A,7.0,1.0,8.0,sustained_threshold_crossing,sustained_threshold_crossing,sustained_prediction_failure,115.0,118.0,123.0,True,True,True,A<C<B,3.0,5.0,8.0,sustained_threshold_crossing,sustained_threshold_crossing,sustained_prediction_failure
Male_Sleepy 04,Sleepy,99.0,93.0,91.0,True,True,True,B<C<A,6.0,2.0,8.0,sustained_threshold_crossing,sustained_threshold_crossing,sustained_prediction_failure,115.0,128.0,135.0,True,True,True,A<C<B,13.0,7.0,20.0,sustained_threshold_crossing,sustained_threshold_crossing,sustained_prediction_failure
Male_Sleepy 05,Sleepy,101.0,98.0,94.0,True,True,True,B<C<A,3.0,4.0,7.0,sustained_threshold_crossing,sustained_threshold_crossing,sustained_prediction_failure,114.0,116.0,117.0,True,True,True,A<C<B,2.0,1.0,3.0,sustained_threshold_crossing,sustained_threshold_crossing,sustained_prediction_failure
Male_Straining,Straining,101.0,102.0,95.0,True,True,True,B<A<C,1.0,7.0,6.0,sustained_threshold_crossing,sustained_threshold_crossing,sustained_prediction_failure,108.0,119.0,119.0,True,True,True,A<C=B,11.0,0.0,11.0,sustained_threshold_crossing,sustained_threshold_crossing,sustained_prediction_failure
Male_Subtle 01,Subtle,100.0,100.0,98.0,True,True,True,B<A=C,0.0,2.0,2.0,sustained_threshold_crossing,sustained_threshold_crossing,sustained_prediction_failure,115.0,116.0,116.0,True,True,True,A<C=B,1.0,0.0,1.0,sustained_threshold_crossing,sustained_threshold_crossing,sustained_prediction_failure
Male_Subtle 02,Subtle,100.0,107.0,97.0,True,True,True,B<A<C,7.0,10.0,3.0,sustained_threshold_crossing,sustained_threshold_crossing,sustained_prediction_failure,114.0,109.0,116.0,True,True,True,C<A<B,5.0,7.0,2.0,sustained_threshold_crossing,sustained_threshold_crossing,sustained_prediction_failure
Male_Subtle 03,Subtle,100.0,100.0,98.0,True,True,True,B<A=C,0.0,2.0,2.0,sustained_threshold_crossing,sustained_threshold_crossing,sustained_prediction_failure,114.0,109.0,117.0,True,True,True,C<A<B,5.0,8.0,3.0,sustained_threshold_crossing,sustained_threshold_crossing,sustained_prediction_failure
Male_Subtle 04,Subtle,101.0,104.0,100.0,True,True,True,B<A<C,3.0,4.0,1.0,sustained_threshold_crossing,sustained_threshold_crossing,sustained_prediction_failure,113.0,114.0,115.0,True,True,True,A<C<B,1.0,1.0,2.0,sustained_threshold_crossing,sustained_threshold_crossing,sustained_prediction_failure
Male_Subtle 05,Subtle,100.0,98.0,95.0,True,True,True,B<C<A,2.0,3.0,5.0,sustained_threshold_crossing,sustained_threshold_crossing,sustained_prediction_failure,116.0,117.0,117.0,True,True,True,A<C=B,1.0,0.0,1.0,sustained_threshold_crossing,sustained_threshold_crossing,sustained_prediction_failure
Male_Talking 01,Talking,100.0,99.0,94.0,True,True,True,B<C<A,1.0,5.0,6.0,sustained_threshold_crossing,sustained_threshold_crossing,sustained_prediction_failure,116.0,123.0,123.0,True,True,True,A<C=B,7.0,0.0,7.0,sustained_threshold_crossing,sustained_threshold_crossing,sustained_prediction_failure
Male_Talking 02,Talking,100.0,94.0,94.0,True,True,True,C=B<A,6.0,0.0,6.0,sustained_threshold_crossing,sustained_threshold_crossing,sustained_prediction_failure,115.0,121.0,123.0,True,True,True,A<C<B,6.0,2.0,8.0,sustained_threshold_crossing,sustained_threshold_crossing,sustained_prediction_failure
Male_Talking 03,Talking,102.0,97.0,97.0,True,True,True,C=B<A,5.0,0.0,5.0,sustained_threshold_crossing,sustained_threshold_crossing,sustained_prediction_failure,112.0,118.0,118.0,True,True,True,A<C=B,6.0,0.0,6.0,sustained_threshold_crossing,sustained_threshold_crossing,sustained_prediction_failure
Male_Talking 04,Talking,101.0,98.0,96.0,True,True,True,B<C<A,3.0,2.0,5.0,sustained_threshold_crossing,sustained_threshold_crossing,sustained_prediction_failure,117.0,128.0,131.0,True,True,True,A<C<B,11.0,3.0,14.0,sustained_threshold_crossing,sustained_threshold_crossing,sustained_prediction_failure
Male_Talking 05,Talking,101.0,98.0,97.0,True,True,True,B<C<A,3.0,1.0,4.0,sustained_threshold_crossing,sustained_threshold_crossing,sustained_prediction_failure,115.0,119.0,119.0,True,True,True,A<C=B,4.0,0.0,4.0,sustained_threshold_crossing,sustained_threshold_crossing,sustained_prediction_failure
Male_Terror,Terror,103.0,86.0,84.0,True,True,True,B<C<A,17.0,2.0,19.0,sustained_threshold_crossing,sustained_threshold_crossing,sustained_prediction_failure,112.0,136.0,136.0,True,True,True,A<C=B,24.0,0.0,24.0,sustained_threshold_crossing,sustained_threshold_crossing,sustained_prediction_failure
Male_Terror Phobia,Terror Phobia,100.0,92.0,92.0,True,True,True,C=B<A,8.0,0.0,8.0,sustained_threshold_crossing,sustained_threshold_crossing,sustained_prediction_failure,111.0,124.0,124.0,True,True,True,A<C=B,13.0,0.0,13.0,sustained_threshold_crossing,sustained_threshold_crossing,sustained_prediction_failure
Male_Ulgh,Ulgh,102.0,89.0,89.0,True,True,True,C=B<A,13.0,0.0,13.0,sustained_threshold_crossing,sustained_threshold_crossing,sustained_prediction_failure,114.0,123.0,123.0,True,True,True,A<C=B,9.0,0.0,9.0,sustained_threshold_crossing,sustained_threshold_crossing,sustained_prediction_failure
Male_Wicked 01,Wicked,101.0,91.0,89.0,True,True,True,B<C<A,10.0,2.0,12.0,sustained_threshold_crossing,sustained_threshold_crossing,sustained_prediction_failure,114.0,132.0,135.0,True,True,True,A<C<B,18.0,3.0,21.0,sustained_threshold_crossing,sustained_threshold_crossing,sustained_prediction_failure
Male_Wicked 02,Wicked,101.0,94.0,92.0,True,True,True,B<C<A,7.0,2.0,9.0,sustained_threshold_crossing,sustained_threshold_crossing,sustained_prediction_failure,113.0,137.0,140.0,True,True,True,A<C<B,24.0,3.0,27.0,sustained_threshold_crossing,sustained_threshold_crossing,sustained_prediction_failure
Male_Wicked 03,Wicked,102.0,84.0,70.0,True,True,True,B<C<A,18.0,14.0,32.0,sustained_threshold_crossing,sustained_threshold_crossing,sustained_prediction_failure,113.0,135.0,136.0,True,True,True,A<C<B,22.0,1.0,23.0,sustained_threshold_crossing,sustained_threshold_crossing,sustained_prediction_failure
Male_Wicked 04,Wicked,102.0,93.0,90.0,True,True,True,B<C<A,9.0,3.0,12.0,sustained_threshold_crossing,sustained_threshold_crossing,sustained_prediction_failure,114.0,115.0,118.0,True,True,True,A<C<B,1.0,3.0,4.0,sustained_threshold_crossing,sustained_threshold_crossing,sustained_prediction_failure
Male_Wicked 05,Wicked,102.0,91.0,91.0,True,True,True,C=B<A,11.0,0.0,11.0,sustained_threshold_crossing,sustained_threshold_crossing,sustained_prediction_failure,114.0,116.0,117.0,True,True,True,A<C<B,2.0,1.0,3.0,sustained_threshold_crossing,sustained_threshold_crossing,sustained_prediction_failure
Male_Wink,Wink,100.0,37.0,37.0,True,True,True,C=B<A,63.0,0.0,63.0,sustained_threshold_crossing,sustained_threshold_crossing,sustained_prediction_failure,116.0,123.0,125.0,True,True,True,A<C<B,7.0,2.0,9.0,sustained_threshold_crossing,sustained_threshold_crossing,sustained_prediction_failure
Male_With Forehead Wrinkles Angry 01,With Forehead Wrinkles Angry,102.0,107.0,100.0,True,True,True,B<A<C,5.0,7.0,2.0,sustained_threshold_crossing,sustained_threshold_crossing,sustained_prediction_failure,114.0,110.0,118.0,True,True,True,C<A<B,4.0,8.0,4.0,sustained_threshold_crossing,sustained_threshold_crossing,sustained_prediction_failure
Male_With Forehead Wrinkles Angry 02,With Forehead Wrinkles Angry,101.0,101.0,92.0,True,True,True,B<A=C,0.0,9.0,9.0,sustained_threshold_crossing,sustained_threshold_crossing,sustained_prediction_failure,115.0,117.0,122.0,True,True,True,A<C<B,2.0,5.0,7.0,sustained_threshold_crossing,sustained_threshold_crossing,sustained_prediction_failure
Male_With Forehead Wrinkles Angry 03,With Forehead Wrinkles Angry,101.0,95.0,90.0,True,True,True,B<C<A,6.0,5.0,11.0,sustained_threshold_crossing,sustained_threshold_crossing,sustained_prediction_failure,114.0,122.0,122.0,True,True,True,A<C=B,8.0,0.0,8.0,sustained_threshold_crossing,sustained_threshold_crossing,sustained_prediction_failure
Male_With Forehead Wrinkles Angry 04,With Forehead Wrinkles Angry,100.0,95.0,90.0,True,True,True,B<C<A,5.0,5.0,10.0,sustained_threshold_crossing,sustained_threshold_crossing,sustained_prediction_failure,114.0,121.0,121.0,True,True,True,A<C=B,7.0,0.0,7.0,sustained_threshold_crossing,sustained_threshold_crossing,sustained_prediction_failure
Male_With Forehead Wrinkles Angry 05,With Forehead Wrinkles Angry,100.0,100.0,73.0,True,True,True,B<A=C,0.0,27.0,27.0,sustained_threshold_crossing,sustained_threshold_crossing,sustained_prediction_failure,114.0,147.0,147.0,True,True,True,A<C=B,33.0,0.0,33.0,sustained_threshold_crossing,sustained_threshold_crossing,sustained_prediction_failure
Male_ZMouth Open Horizontal,ZMouth Open Horizontal,101.0,95.0,94.0,True,True,True,B<C<A,6.0,1.0,7.0,sustained_threshold_crossing,sustained_threshold_crossing,sustained_prediction_failure,116.0,120.0,121.0,True,True,True,A<C<B,4.0,1.0,5.0,sustained_threshold_crossing,sustained_threshold_crossing,sustained_prediction_failure
Male_ZMouth Open Horizontal And Vertical,ZMouth Open Horizontal And Vertical,96.0,75.0,72.0,True,True,True,B<C<A,21.0,3.0,24.0,sustained_threshold_crossing,sustained_threshold_crossing,sustained_prediction_failure,116.0,130.0,134.0,True,True,True,A<C<B,14.0,4.0,18.0,sustained_threshold_crossing,sustained_threshold_crossing,sustained_prediction_failure
Male_ZZ_Bearded,ZZ_Bearded,102.0,93.0,76.0,True,True,True,B<C<A,9.0,17.0,26.0,sustained_threshold_crossing,sustained_threshold_crossing,sustained_prediction_failure,113.0,128.0,128.0,True,True,True,A<C=B,15.0,0.0,15.0,sustained_threshold_crossing,sustained_threshold_crossing,sustained_prediction_failure
Male_ZZ_Cavalier,ZZ_Cavalier,101.0,77.0,50.0,True,True,True,B<C<A,24.0,27.0,51.0,sustained_threshold_crossing,sustained_threshold_crossing,sustained_prediction_failure,115.0,143.0,163.0,True,True,True,A<C<B,28.0,20.0,48.0,sustained_threshold_crossing,sustained_threshold_crossing,sustained_prediction_failure
Male_ZZ_Dapper,ZZ_Dapper,101.0,89.0,89.0,True,True,True,C=B<A,12.0,0.0,12.0,sustained_threshold_crossing,sustained_threshold_crossing,sustained_prediction_failure,114.0,125.0,126.0,True,True,True,A<C<B,11.0,1.0,12.0,sustained_threshold_crossing,sustained_threshold_crossing,sustained_prediction_failure
Male_ZZ_Flynn,ZZ_Flynn,101.0,86.0,86.0,True,True,True,C=B<A,15.0,0.0,15.0,sustained_threshold_crossing,sustained_threshold_crossing,sustained_prediction_failure,115.0,124.0,126.0,True,True,True,A<C<B,9.0,2.0,11.0,sustained_threshold_crossing,sustained_threshold_crossing,sustained_prediction_failure
Male_ZZ_Franz Josef,ZZ_Franz Josef,101.0,97.0,94.0,True,True,True,B<C<A,4.0,3.0,7.0,sustained_threshold_crossing,sustained_threshold_crossing,sustained_prediction_failure,113.0,115.0,118.0,True,True,True,A<C<B,2.0,3.0,5.0,sustained_threshold_crossing,sustained_threshold_crossing,sustained_prediction_failure
Male_ZZ_Friendly Mutton Chops,ZZ_Friendly Mutton Chops,101.0,81.0,73.0,True,True,True,B<C<A,20.0,8.0,28.0,sustained_threshold_crossing,sustained_threshold_crossing,sustained_prediction_failure,113.0,129.0,130.0,True,True,True,A<C<B,16.0,1.0,17.0,sustained_threshold_crossing,sustained_threshold_crossing,sustained_prediction_failure
Male_ZZ_Fu Manchu,ZZ_Fu Manchu,101.0,92.0,92.0,True,True,True,C=B<A,9.0,0.0,9.0,sustained_threshold_crossing,sustained_threshold_crossing,sustained_prediction_failure,115.0,120.0,120.0,True,True,True,A<C=B,5.0,0.0,5.0,sustained_threshold_crossing,sustained_threshold_crossing,sustained_prediction_failure
Male_ZZ_Fu Manchu Goatee,ZZ_Fu Manchu Goatee,101.0,86.0,85.0,True,True,True,B<C<A,15.0,1.0,16.0,sustained_threshold_crossing,sustained_threshold_crossing,sustained_prediction_failure,114.0,134.0,134.0,True,True,True,A<C=B,20.0,0.0,20.0,sustained_threshold_crossing,sustained_threshold_crossing,sustained_prediction_failure
Male_ZZ_Full Beard,ZZ_Full Beard,99.0,94.0,93.0,True,True,True,B<C<A,5.0,1.0,6.0,sustained_threshold_crossing,sustained_threshold_crossing,sustained_prediction_failure,116.0,119.0,121.0,True,True,True,A<C<B,3.0,2.0,5.0,sustained_threshold_crossing,sustained_threshold_crossing,sustained_prediction_failure
Male_ZZ_Goatee,ZZ_Goatee,101.0,85.0,85.0,True,True,True,C=B<A,16.0,0.0,16.0,sustained_threshold_crossing,sustained_threshold_crossing,sustained_prediction_failure,114.0,123.0,125.0,True,True,True,A<C<B,9.0,2.0,11.0,sustained_threshold_crossing,sustained_threshold_crossing,sustained_prediction_failure
Male_ZZ_Grizzly Beard,ZZ_Grizzly Beard,99.0,,,True,False,False,missing_C_B,,,,sustained_threshold_crossing,no_sustained_crossing,no_sustained_prediction_failure,116.0,,,True,False,False,missing_C_B,,,,sustained_threshold_crossing,no_sustained_crossing,no_sustained_prediction_failure
Male_ZZ_Mutton Chops,ZZ_Mutton Chops,102.0,95.0,82.0,True,True,True,B<C<A,7.0,13.0,20.0,sustained_threshold_crossing,sustained_threshold_crossing,sustained_prediction_failure,113.0,121.0,125.0,True,True,True,A<C<B,8.0,4.0,12.0,sustained_threshold_crossing,sustained_threshold_crossing,sustained_prediction_failure
Male_ZZ_Napoleon III,ZZ_Napoleon III,101.0,51.0,50.0,True,True,True,B<C<A,50.0,1.0,51.0,sustained_threshold_crossing,sustained_threshold_crossing,sustained_prediction_failure,114.0,182.0,182.0,True,True,True,A<C=B,68.0,0.0,68.0,sustained_threshold_crossing,sustained_threshold_crossing,sustained_prediction_failure
Male_ZZ_Officer,ZZ_Officer,101.0,87.0,86.0,True,True,True,B<C<A,14.0,1.0,15.0,sustained_threshold_crossing,sustained_threshold_crossing,sustained_prediction_failure,114.0,124.0,125.0,True,True,True,A<C<B,10.0,1.0,11.0,sustained_threshold_crossing,sustained_threshold_crossing,sustained_prediction_failure
Male_ZZ_Pioneer,ZZ_Pioneer,101.0,87.0,62.0,True,True,True,B<C<A,14.0,25.0,39.0,sustained_threshold_crossing,sustained_threshold_crossing,sustained_prediction_failure,113.0,150.0,150.0,True,True,True,A<C=B,37.0,0.0,37.0,sustained_threshold_crossing,sustained_threshold_crossing,sustained_prediction_failure
Male_ZZ_Stubbled,ZZ_Stubbled,102.0,86.0,85.0,True,True,True,B<C<A,16.0,1.0,17.0,sustained_threshold_crossing,sustained_threshold_crossing,sustained_prediction_failure,114.0,176.0,177.0,True,True,True,A<C<B,62.0,1.0,63.0,sustained_threshold_crossing,sustained_threshold_crossing,sustained_prediction_failure
