folder,gender,expression,A_left_angle,A_left_abs_angle,A_right_angle,A_right_abs_angle,B_left_angle,B_left_abs_angle,B_right_angle,B_right_abs_angle,C_left_angle,C_left_abs_angle,C_right_angle,C_right_abs_angle,C_hard_left_angle,C_hard_left_abs_angle,C_hard_right_angle,C_hard_right_abs_angle,A_left_integrated_drift_deg,A_right_integrated_drift_deg,A_left_integrated_1_minus_cos,A_right_integrated_1_minus_cos,B_left_consistency_AUC,B_right_consistency_AUC,C_left_margin_AUC,C_right_margin_AUC,A_leads_B_left,C_leads_B_left,B_minus_A_left,B_minus_C_left,A_leads_B_right,C_leads_B_right,B_minus_A_right,B_minus_C_right
Female_+10,Female,+10,-8.0,8.0,6.0,6.0,-62.0,62.0,58.0,58.0,-30.0,30.0,55.0,55.0,-62.0,62.0,58.0,58.0,36.223952340188426,36.59496082769376,0.21499174443360802,0.21856909544668465,0.5373831775700935,0.5186915887850467,-0.011536161476206556,-0.017216424797182887,1.0,1.0,54.0,32.0,1.0,1.0,52.0,3.0
Female_+20,Female,+20,-6.0,6.0,5.0,5.0,-14.0,14.0,21.0,21.0,-12.0,12.0,14.0,14.0,-14.0,14.0,21.0,21.0,39.143005366637325,38.883647339366306,0.24384456093066206,0.24011257262987512,0.13551401869158877,0.1822429906542056,-0.020211802464779292,-0.02260435825196382,1.0,1.0,8.0,2.0,1.0,1.0,16.0,7.0
Female_+20_ZMouth Open Horizontal And Vertical,Female,+20_ZMouth Open Horizontal And Vertical,-11.0,11.0,8.0,8.0,-37.0,37.0,39.0,39.0,-36.0,36.0,39.0,39.0,-37.0,37.0,39.0,39.0,38.0536449378896,40.6672165728061,0.249097872281743,0.28455539228760196,0.3317757009345794,0.3598130841121495,-0.06856944307545636,-0.06253764952454612,1.0,1.0,26.0,1.0,1.0,0.0,31.0,0.0
Female_+30,Female,+30,-8.0,8.0,7.0,7.0,-69.0,69.0,72.0,72.0,-61.0,61.0,49.0,49.0,-69.0,69.0,72.0,72.0,36.24614293775826,35.84331991070899,0.21217905750898558,0.20663594921058584,0.6869158878504673,0.6495327102803738,0.0016603873711880123,-0.0039396603530812485,1.0,1.0,61.0,8.0,1.0,1.0,65.0,23.0
Female_+40,Female,+40,-8.0,8.0,5.0,5.0,-69.0,69.0,75.0,75.0,-69.0,69.0,75.0,75.0,-69.0,69.0,75.0,75.0,37.479397526411255,37.12895775732593,0.22768558882107245,0.22294114070517995,0.7710280373831776,0.7242990654205608,0.004495459460766516,0.0029417242959280995,1.0,0.0,61.0,0.0,1.0,0.0,70.0,0.0
Female_+50,Female,+50,-7.0,7.0,5.0,5.0,-26.0,26.0,22.0,22.0,-26.0,26.0,22.0,22.0,-26.0,26.0,22.0,22.0,40.964913158773264,40.608618005413874,0.2712492605793142,0.26604624997789617,0.46261682242990654,0.37850467289719625,-0.010836648049755631,-0.01491537314152049,1.0,0.0,19.0,0.0,1.0,0.0,17.0,0.0
Female_+50_ZMouth Open Horizontal And Vertical,Female,+50_ZMouth Open Horizontal And Vertical,-8.0,8.0,6.0,6.0,-68.0,68.0,69.0,69.0,-68.0,68.0,69.0,69.0,-68.0,68.0,69.0,69.0,39.775426762126315,40.3870719793801,0.275382372263436,0.2818929213229741,0.6214953271028038,0.6869158878504673,-0.01405351163349419,-0.0011526348991928814,1.0,0.0,60.0,0.0,1.0,0.0,63.0,0.0
Female_-10,Female,-10,-8.0,8.0,7.0,7.0,-20.0,20.0,20.0,20.0,-20.0,20.0,20.0,20.0,-20.0,20.0,20.0,20.0,41.237881874369684,40.81459125625753,0.2712723882955925,0.2631464249619814,0.1822429906542056,0.1822429906542056,-0.05066680741087298,-0.04162006762540229,1.0,0.0,12.0,0.0,1.0,0.0,13.0,0.0
Female_-10_ZMouth Open Horizontal And Vertical,Female,-10_ZMouth Open Horizontal And Vertical,-7.0,7.0,7.0,7.0,-22.0,22.0,25.0,25.0,-22.0,22.0,25.0,25.0,-22.0,22.0,25.0,25.0,40.39417089925748,43.790923546407825,0.27307852294957524,0.31770973868459185,0.20093457943925233,0.22897196261682243,-0.0932837822169901,-0.09475827941270633,1.0,0.0,15.0,0.0,1.0,0.0,18.0,0.0
Female_-20,Female,-20,-8.0,8.0,5.0,5.0,-14.0,14.0,13.0,13.0,-13.0,13.0,13.0,13.0,-14.0,14.0,13.0,13.0,42.76856073932113,42.42159548429685,0.2889464926496844,0.28080660550393793,0.1261682242990654,0.11682242990654206,-0.04724285619281163,-0.04577769130189842,1.0,1.0,6.0,1.0,1.0,0.0,8.0,0.0
Female_-20_ZMouth Open Horizontal And Vertical,Female,-20_ZMouth Open Horizontal And Vertical,-8.0,8.0,8.0,8.0,-35.0,35.0,36.0,36.0,-34.0,34.0,35.0,35.0,-35.0,35.0,36.0,36.0,42.46981613658299,46.58618202833372,0.29933143219101094,0.35421937425559924,0.3317757009345794,0.3317757009345794,-0.06817815069840333,-0.08443963471974168,1.0,1.0,27.0,1.0,1.0,1.0,28.0,1.0
Female_-30,Female,-30,-7.0,7.0,6.0,6.0,-59.0,59.0,59.0,59.0,-56.0,56.0,58.0,58.0,-59.0,59.0,59.0,59.0,38.63655274827904,38.190257491352405,0.2374828722432395,0.2329512157729853,0.5467289719626168,0.5467289719626168,0.0030791096598188454,0.0019666521905738615,1.0,1.0,52.0,3.0,1.0,1.0,53.0,1.0
Female_-40,Female,-40,-10.0,10.0,12.0,12.0,-74.0,74.0,71.0,71.0,-74.0,74.0,71.0,71.0,-74.0,74.0,71.0,71.0,36.65325714940223,36.865742509610186,0.2188714650746818,0.2228603847673006,0.7242990654205608,0.6308411214953271,0.004179797718458086,0.00033952281853863014,1.0,0.0,64.0,0.0,1.0,0.0,59.0,0.0
Female_-50,Female,-50,-8.0,8.0,5.0,5.0,-18.0,18.0,16.0,16.0,-18.0,18.0,16.0,16.0,-18.0,18.0,16.0,16.0,37.99171721823862,38.645103735344435,0.2309139827701533,0.23832078904749077,0.26635514018691586,0.26635514018691586,-0.015564340715096376,-0.01510329196386248,1.0,0.0,10.0,0.0,1.0,0.0,11.0,0.0
Female_-60,Female,-60,-5.0,5.0,5.0,5.0,-24.0,24.0,24.0,24.0,-24.0,24.0,24.0,24.0,-24.0,24.0,24.0,24.0,42.23676407002957,43.52641788375712,0.2868269250214657,0.3029607701524396,0.6542056074766355,0.6074766355140186,0.017936540959037354,0.019088558504514606,1.0,0.0,19.0,0.0,1.0,0.0,19.0,0.0
Female_0,Female,0,-9.0,9.0,5.0,5.0,-30.0,30.0,31.0,31.0,-30.0,30.0,31.0,31.0,-30.0,30.0,31.0,31.0,38.77866114411399,39.1001379957823,0.24199724225240332,0.24406066954692948,0.3317757009345794,0.48130841121495327,-0.02328194858871888,-0.01972955938811614,1.0,0.0,21.0,0.0,1.0,0.0,26.0,0.0
Female_Angry 01,Female,Angry,-7.0,7.0,10.0,10.0,-30.0,30.0,45.0,45.0,-18.0,18.0,12.0,12.0,-30.0,30.0,45.0,45.0,37.03343488122815,40.681803877108564,0.2190438431000041,0.2689411999466263,0.4439252336448598,0.5560747663551402,-0.01215785658248117,-0.02127598574228376,1.0,1.0,23.0,12.0,1.0,1.0,35.0,33.0
Female_Angry 02,Female,Angry,-11.0,11.0,13.0,13.0,-69.0,69.0,29.0,29.0,-6.0,6.0,28.0,28.0,-69.0,69.0,29.0,29.0,35.35145338896279,40.90600231206306,0.2169621570088039,0.28433536452667735,0.6401869158878505,0.3878504672897196,-0.038592808436010484,-0.060029623107375384,1.0,1.0,58.0,63.0,1.0,1.0,16.0,1.0
Female_Angry 03,Female,Angry,-9.0,9.0,10.0,10.0,-21.0,21.0,22.0,22.0,-20.0,20.0,22.0,22.0,-21.0,21.0,22.0,22.0,36.89127324006268,42.50278959541677,0.22073045874310432,0.29197946330097235,0.2383177570093458,0.20093457943925233,-0.023262707708037903,-0.04704318676039437,1.0,1.0,12.0,1.0,1.0,0.0,12.0,0.0
Female_Angry 04,Female,Angry,-8.0,8.0,7.0,7.0,-14.0,14.0,19.0,19.0,-13.0,13.0,14.0,14.0,-14.0,14.0,19.0,19.0,38.18560997347966,42.56680813236771,0.23293077388656475,0.29136485641247756,0.1261682242990654,0.16355140186915887,-0.03329174680130504,-0.04614415068492711,1.0,1.0,6.0,1.0,1.0,1.0,12.0,5.0
Female_Angry 05,Female,Angry,-13.0,13.0,12.0,12.0,-30.0,30.0,22.0,22.0,-29.0,29.0,21.0,21.0,-30.0,30.0,22.0,22.0,33.81211392233305,39.62975141043975,0.2035032404917423,0.26960970920937083,0.2757009345794392,0.20093457943925233,-0.04784853477901387,-0.06317601387745866,1.0,1.0,17.0,1.0,1.0,1.0,10.0,1.0
Female_Anguish,Female,Anguish,-7.0,7.0,7.0,7.0,-12.0,12.0,28.0,28.0,-11.0,11.0,12.0,12.0,-12.0,12.0,28.0,28.0,40.26879948544725,44.343003105894425,0.25742807733678374,0.3153698422084345,0.10747663551401869,0.26635514018691586,-0.04538519248784145,-0.05027631705052385,1.0,1.0,5.0,1.0,1.0,1.0,21.0,16.0
Female_Animosity Growl,Female,Animosity Growl,-6.0,6.0,4.0,4.0,-63.0,63.0,64.0,64.0,-61.0,61.0,64.0,64.0,-63.0,63.0,64.0,64.0,36.871323786049246,36.79487338021537,0.2143880025805714,0.2150991715003397,0.602803738317757,0.5934579439252337,-0.008235652591580543,-0.010928546992417808,1.0,1.0,57.0,2.0,1.0,0.0,60.0,0.0
Female_Animosity Rebellious,Female,Animosity Rebellious,-7.0,7.0,6.0,6.0,-29.0,29.0,29.0,29.0,-25.0,25.0,29.0,29.0,-29.0,29.0,29.0,29.0,36.23371798524233,36.16645187306627,0.20902918042423568,0.21041874768578003,0.677570093457944,0.705607476635514,-0.001904591500202072,0.001597695261518532,1.0,1.0,22.0,4.0,1.0,0.0,23.0,0.0
Female_Bored 01,Female,Bored,-7.0,7.0,6.0,6.0,-13.0,13.0,29.0,29.0,-12.0,12.0,25.0,25.0,-13.0,13.0,29.0,29.0,41.13392805384699,45.00963654027921,0.26902803277300896,0.32044752067494614,0.11682242990654206,0.26635514018691586,-0.05456148631104799,-0.0489927237836,1.0,1.0,6.0,1.0,1.0,1.0,23.0,4.0
Female_Bored 02,Female,Bored,-8.0,8.0,8.0,8.0,-13.0,13.0,31.0,31.0,-13.0,13.0,14.0,14.0,-13.0,13.0,31.0,31.0,40.391765271391826,44.127623934612096,0.2629854865720339,0.3132632313487686,0.11682242990654206,0.3411214953271028,-0.045302607188715,-0.03814538686631996,1.0,0.0,5.0,0.0,1.0,1.0,23.0,17.0
Female_Bored 03,Female,Bored,-8.0,8.0,11.0,11.0,-9.0,9.0,10.0,10.0,-6.0,6.0,8.0,8.0,-9.0,9.0,10.0,10.0,38.836600504188894,41.18275490431028,0.2433698934929393,0.2806444134667655,0.0794392523364486,0.08878504672897196,-0.045909971555816796,-0.04899071184831245,1.0,1.0,1.0,3.0,0.0,1.0,-1.0,2.0
Female_Bored 04,Female,Bored,-10.0,10.0,12.0,12.0,-21.0,21.0,31.0,31.0,-20.0,20.0,23.0,23.0,-21.0,21.0,31.0,31.0,38.7736369137452,42.872711939232374,0.24693926639646013,0.30329077739581883,0.19158878504672897,0.2850467289719626,-0.04235140812174182,-0.05720751711698336,1.0,1.0,11.0,1.0,1.0,1.0,19.0,8.0
Female_Bored 05,Female,Bored,-9.0,9.0,11.0,11.0,-13.0,13.0,13.0,13.0,-9.0,9.0,11.0,11.0,-13.0,13.0,13.0,13.0,40.389093138347164,43.66354898203199,0.26367604314723864,0.31165983855167284,0.11682242990654206,0.11682242990654206,-0.05199340542900228,-0.06344241446980806,1.0,1.0,4.0,4.0,1.0,1.0,2.0,2.0
Female_BreathTaking Over The Moon,Female,BreathTaking Over The Moon,-9.0,9.0,5.0,5.0,-64.0,64.0,86.0,86.0,-58.0,58.0,64.0,64.0,-64.0,64.0,86.0,86.0,35.61104996404915,36.26352117663232,0.20402574232805556,0.21117683938730544,0.7242990654205608,0.7336448598130841,0.0024155590021721672,-0.0016289083200080373,1.0,1.0,55.0,6.0,1.0,1.0,81.0,22.0
Female_Chewing,Female,Chewing,-8.0,8.0,9.0,9.0,-16.0,16.0,26.0,26.0,-14.0,14.0,26.0,26.0,-16.0,16.0,26.0,26.0,39.806256617341084,43.71509472231999,0.2563469735818489,0.30986210035386486,0.14485981308411214,0.2383177570093458,-0.04519574664463507,-0.04921091800538179,1.0,1.0,8.0,2.0,1.0,0.0,17.0,0.0
Female_Choking,Female,Choking,-10.0,10.0,10.0,10.0,-23.0,23.0,17.0,17.0,-16.0,16.0,17.0,17.0,-23.0,23.0,17.0,17.0,38.342094762303006,38.74782728034759,0.24900345016862743,0.2594152221055788,0.29439252336448596,0.1542056074766355,-0.04562167349819825,-0.05791059777001354,1.0,1.0,13.0,7.0,1.0,0.0,7.0,0.0
Female_Coughing,Female,Coughing,-11.0,11.0,10.0,10.0,-65.0,65.0,65.0,65.0,-65.0,65.0,65.0,65.0,-65.0,65.0,65.0,65.0,35.85282719023874,35.62088833568252,0.2139226902868146,0.2122622165724496,0.602803738317757,0.6121495327102804,-0.011915900996912306,-0.013904969825922885,1.0,0.0,54.0,0.0,1.0,0.0,55.0,0.0
Female_Crazed,Female,Crazed,-9.0,9.0,8.0,8.0,-31.0,31.0,59.0,59.0,-31.0,31.0,59.0,59.0,-31.0,31.0,59.0,59.0,35.022049344588666,35.69077453435025,0.20420922325036236,0.21233300238012154,0.40654205607476634,0.602803738317757,-0.017769184625037363,-0.016028742366862074,1.0,0.0,22.0,0.0,1.0,0.0,51.0,0.0
Female_Crying,Female,Crying,-7.0,7.0,7.0,7.0,-12.0,12.0,15.0,15.0,-9.0,9.0,6.0,6.0,-12.0,12.0,15.0,15.0,39.66937321368779,43.866693091169694,0.25089444902455693,0.3103677886668767,0.10747663551401869,0.10747663551401869,-0.046013451625253554,-0.05627354631357104,1.0,1.0,5.0,3.0,1.0,1.0,8.0,9.0
Female_Cute 01,Female,Cute,-9.0,9.0,11.0,11.0,-17.0,17.0,30.0,30.0,-15.0,15.0,30.0,30.0,-17.0,17.0,30.0,30.0,39.65141148433507,43.9844872439019,0.25615156699563857,0.3140143818944414,0.14485981308411214,0.2757009345794392,-0.056338406890352195,-0.05826711181168244,1.0,1.0,8.0,2.0,1.0,0.0,19.0,0.0
Female_Cute 02,Female,Cute,-7.0,7.0,11.0,11.0,-17.0,17.0,23.0,23.0,0.0,0.0,0.0,0.0,-17.0,17.0,23.0,23.0,40.05288220120367,44.80391640306633,0.2570233793459206,0.3229760917547707,0.1542056074766355,0.2102803738317757,-0.05091448225707651,-0.057172952968383504,1.0,1.0,10.0,17.0,1.0,1.0,12.0,23.0
Female_Cute 03,Female,Cute,-8.0,8.0,11.0,11.0,-17.0,17.0,21.0,21.0,-15.0,15.0,20.0,20.0,-17.0,17.0,21.0,21.0,40.18495111821968,43.21834996927564,0.26096724990372344,0.3049489967176847,0.1542056074766355,0.2102803738317757,-0.04982944376000734,-0.04615766506328761,1.0,1.0,9.0,2.0,1.0,1.0,10.0,1.0
Female_Cute 04,Female,Cute,-7.0,7.0,11.0,11.0,-19.0,19.0,19.0,19.0,-16.0,16.0,14.0,14.0,-19.0,19.0,19.0,19.0,40.120879514195096,44.536803677817375,0.2590649150242315,0.3225014610825298,0.17289719626168223,0.17289719626168223,-0.059326064085291924,-0.07166504497840026,1.0,1.0,12.0,3.0,1.0,1.0,8.0,5.0
Female_Cute 05,Female,Cute,-10.0,10.0,11.0,11.0,-12.0,12.0,12.0,12.0,-11.0,11.0,11.0,11.0,-12.0,12.0,12.0,12.0,39.49541073201973,43.89392257850861,0.2544246978848894,0.3149478647196404,0.10747663551401869,0.10747663551401869,-0.05191688378837621,-0.07214893902016577,1.0,1.0,2.0,1.0,1.0,1.0,1.0,1.0
Female_Despise 01,Female,Despise,-9.0,9.0,12.0,12.0,-20.0,20.0,13.0,13.0,-19.0,19.0,8.0,8.0,-20.0,20.0,13.0,13.0,39.297644889243294,42.708387499657746,0.2497164799231235,0.30034097945578747,0.1822429906542056,0.09813084112149532,-0.039470906848105315,-0.05046013986395898,1.0,1.0,11.0,1.0,1.0,1.0,1.0,5.0
Female_Despise 02,Female,Despise,-9.0,9.0,10.0,10.0,-29.0,29.0,27.0,27.0,-28.0,28.0,25.0,25.0,-29.0,29.0,27.0,27.0,37.42789007347321,40.23272390009087,0.2274063923091532,0.2691659172561681,0.40654205607476634,0.3691588785046729,-0.013112036145736123,-0.02294570124037912,1.0,1.0,20.0,1.0,1.0,1.0,17.0,2.0
Female_Despise 03,Female,Despise,-9.0,9.0,11.0,11.0,-22.0,22.0,23.0,23.0,-20.0,20.0,21.0,21.0,-22.0,22.0,23.0,23.0,36.8870065457353,40.392088787577975,0.2203833240771962,0.26950323108200713,0.2757009345794392,0.2102803738317757,-0.018189620470332207,-0.03711220204273117,1.0,1.0,13.0,2.0,1.0,1.0,12.0,2.0
Female_Despise 04,Female,Despise,-9.0,9.0,10.0,10.0,-13.0,13.0,18.0,18.0,-10.0,10.0,17.0,17.0,-13.0,13.0,18.0,18.0,40.15669221744359,44.99702711194475,0.2578592974448872,0.3267487521483519,0.11682242990654206,0.16355140186915887,-0.05174939069792489,-0.07287229917873846,1.0,1.0,4.0,3.0,1.0,1.0,8.0,1.0
Female_Despise 05,Female,Despise,-10.0,10.0,12.0,12.0,-23.0,23.0,12.0,12.0,-21.0,21.0,8.0,8.0,-23.0,23.0,12.0,12.0,37.33532196561867,40.99296962435,0.2265345671466578,0.2772460707994265,0.2102803738317757,0.09813084112149532,-0.0251948811183466,-0.03959326432130047,1.0,1.0,13.0,2.0,0.0,1.0,0.0,4.0
Female_Determined,Female,Determined,-8.0,8.0,7.0,7.0,-19.0,19.0,21.0,21.0,-19.0,19.0,19.0,19.0,-19.0,19.0,21.0,21.0,38.71687086497512,38.88338392025957,0.24090059226918442,0.24348325902056472,0.16822429906542055,0.19626168224299065,-0.03810044008994771,-0.04147225562657151,1.0,0.0,11.0,0.0,1.0,1.0,14.0,2.0
Female_Distrust 01,Female,Distrust,-9.0,9.0,11.0,11.0,-11.0,11.0,13.0,13.0,-5.0,5.0,11.0,11.0,-11.0,11.0,13.0,13.0,41.03624186560372,42.627366634172816,0.27102623141814614,0.2983605538573221,0.09813084112149532,0.11682242990654206,-0.056089783244043866,-0.052615798940168365,1.0,1.0,2.0,6.0,1.0,1.0,2.0,2.0
Female_Distrust 02,Female,Distrust,-8.0,8.0,11.0,11.0,-9.0,9.0,6.0,6.0,-7.0,7.0,4.0,4.0,-9.0,9.0,6.0,6.0,40.98833205766767,43.2451691337835,0.2698566189436155,0.3051685197888134,0.0794392523364486,0.07009345794392523,-0.05598872872156518,-0.06185401544392666,1.0,1.0,1.0,2.0,0.0,1.0,-5.0,2.0
Female_Distrust 03,Female,Distrust,-9.0,9.0,11.0,11.0,-19.0,19.0,31.0,31.0,-18.0,18.0,30.0,30.0,-19.0,19.0,31.0,31.0,39.93743724020842,42.454930916010774,0.2577764609149683,0.2943398089052361,0.17289719626168223,0.2850467289719626,-0.036868285909991395,-0.03547745246753514,1.0,1.0,10.0,1.0,1.0,1.0,20.0,1.0
Female_Distrust 04,Female,Distrust,-8.0,8.0,11.0,11.0,-19.0,19.0,13.0,13.0,-15.0,15.0,13.0,13.0,-19.0,19.0,13.0,13.0,39.06871509329181,42.18995500056543,0.24564263029633282,0.29178750932773695,0.17289719626168223,0.14485981308411214,-0.04206870705167824,-0.05133845608368098,1.0,1.0,11.0,4.0,1.0,0.0,2.0,0.0
Female_Distrust 05,Female,Distrust,-7.0,7.0,11.0,11.0,-9.0,9.0,19.0,19.0,-8.0,8.0,18.0,18.0,-9.0,9.0,19.0,19.0,41.306739258989,44.047585694589344,0.2721040688942526,0.31558170246186656,0.0794392523364486,0.17289719626168223,-0.049350078835665626,-0.05384302640629706,1.0,1.0,2.0,1.0,1.0,1.0,8.0,1.0
Female_Empathy 01,Female,Empathy,-7.0,7.0,10.0,10.0,-9.0,9.0,11.0,11.0,-3.0,3.0,2.0,2.0,-9.0,9.0,11.0,11.0,40.72226762325964,45.781189735804766,0.2656239390930283,0.3359225030257323,0.0794392523364486,0.09813084112149532,-0.05492430535432334,-0.06426470524796815,1.0,1.0,2.0,6.0,1.0,1.0,1.0,9.0
Female_Empathy 02,Female,Empathy,-9.0,9.0,11.0,11.0,-17.0,17.0,19.0,19.0,-16.0,16.0,13.0,13.0,-17.0,17.0,19.0,19.0,38.63253056000326,43.30041279971042,0.24165417407160608,0.30618749489294034,0.1542056074766355,0.16355140186915887,-0.04900725756850198,-0.061545796483476585,1.0,1.0,8.0,1.0,1.0,1.0,8.0,6.0
Female_Empathy 03,Female,Empathy,-8.0,8.0,9.0,9.0,-11.0,11.0,23.0,23.0,-8.0,8.0,18.0,18.0,-11.0,11.0,23.0,23.0,37.924159896707984,43.155969929472306,0.23280574673804166,0.3030637185150218,0.08878504672897196,0.2102803738317757,-0.03725847963974855,-0.04757109214769346,1.0,1.0,3.0,3.0,1.0,1.0,14.0,5.0
Female_Empathy 04,Female,Empathy,-9.0,9.0,10.0,10.0,-16.0,16.0,16.0,16.0,-8.0,8.0,14.0,14.0,-16.0,16.0,16.0,16.0,39.84472982460093,43.90056249582879,0.25910611520303745,0.3138124756166868,0.1261682242990654,0.13551401869158877,-0.05104300101226735,-0.06662556612603018,1.0,1.0,7.0,8.0,1.0,1.0,6.0,2.0
Female_Empathy 05,Female,Empathy,-9.0,9.0,10.0,10.0,-8.0,8.0,28.0,28.0,-8.0,8.0,28.0,28.0,-8.0,8.0,28.0,28.0,39.32189472145009,44.171051479945675,0.250330390774201,0.31542836756349724,0.07009345794392523,0.2570093457943925,-0.04694527109092641,-0.056949003834590735,0.0,0.0,-1.0,0.0,1.0,0.0,18.0,0.0
Female_Expressions Anger 01,Female,Expressions Anger,-9.0,9.0,20.0,20.0,-10.0,10.0,15.0,15.0,-9.0,9.0,12.0,12.0,-10.0,10.0,15.0,15.0,38.61153560041267,39.95658844180196,0.24199625738313266,0.28622677170227623,0.08878504672897196,0.13551401869158877,-0.04042952445065864,-0.06102160789142145,1.0,1.0,1.0,1.0,0.0,1.0,-5.0,3.0
Female_Expressions Anger 02,Female,Expressions Anger,-11.0,11.0,17.0,17.0,-24.0,24.0,20.0,20.0,-23.0,23.0,18.0,18.0,-24.0,24.0,20.0,20.0,35.71549467951338,41.68852226255096,0.21149989572640893,0.3053695130571027,0.22897196261682243,0.17289719626168223,-0.029205873469325985,-0.0826861770632111,1.0,1.0,13.0,1.0,1.0,1.0,3.0,2.0
Female_Expressions Anger 03,Female,Expressions Anger,-9.0,9.0,18.0,18.0,-23.0,23.0,20.0,20.0,-22.0,22.0,18.0,18.0,-23.0,23.0,20.0,20.0,38.253045496539535,42.23463021845461,0.2384357293632543,0.313739426782198,0.2102803738317757,0.17289719626168223,-0.039736249179483575,-0.07796878277141357,1.0,1.0,14.0,1.0,1.0,1.0,2.0,2.0
Female_Expressions Anger 04,Female,Expressions Anger,-10.0,10.0,20.0,20.0,-14.0,14.0,24.0,24.0,-14.0,14.0,23.0,23.0,-14.0,14.0,24.0,24.0,37.53716729957367,42.81297924306905,0.23542896163797825,0.3253330451862834,0.1261682242990654,0.21962616822429906,-0.04132435296740487,-0.08892195553423088,1.0,0.0,4.0,0.0,1.0,1.0,4.0,1.0
Female_Expressions Anger 05,Female,Expressions Anger,-11.0,11.0,18.0,18.0,-22.0,22.0,18.0,18.0,-22.0,22.0,17.0,17.0,-22.0,22.0,18.0,18.0,38.796251372756245,41.17636137198065,0.24675026870219507,0.3017247583821555,0.20093457943925233,0.16355140186915887,-0.046319587208400265,-0.07253751910735513,1.0,0.0,11.0,0.0,0.0,1.0,0.0,1.0
Female_Expressions Confusion 01,Female,Expressions Confusion,-10.0,10.0,21.0,21.0,-12.0,12.0,29.0,29.0,-12.0,12.0,22.0,22.0,-12.0,12.0,29.0,29.0,37.51706513288979,42.060931136117915,0.23321309240064889,0.3120517872761343,0.29439252336448596,0.26635514018691586,-0.03523835846196825,-0.0749989076752529,1.0,0.0,2.0,0.0,1.0,1.0,8.0,7.0
Female_Expressions Confusion 02,Female,Expressions Confusion,-8.0,8.0,21.0,21.0,-23.0,23.0,21.0,21.0,-13.0,13.0,21.0,21.0,-23.0,23.0,21.0,21.0,41.491643638254324,41.421978333843086,0.27595021680136705,0.30756522729018027,0.1822429906542056,0.19158878504672897,-0.06263502039641977,-0.07702121068941098,1.0,1.0,15.0,10.0,0.0,0.0,0.0,0.0
Female_Expressions Confusion 03,Female,Expressions Confusion,-9.0,9.0,19.0,19.0,-10.0,10.0,20.0,20.0,-8.0,8.0,19.0,19.0,-10.0,10.0,20.0,20.0,40.158309163334216,42.308517549082495,0.25872589550285696,0.31431152274675456,0.08878504672897196,0.1822429906542056,-0.052216394760898344,-0.0747452949252084,1.0,1.0,1.0,2.0,1.0,1.0,1.0,1.0
Female_Expressions Confusion 04,Female,Expressions Confusion,-10.0,10.0,20.0,20.0,-9.0,9.0,20.0,20.0,-7.0,7.0,12.0,12.0,-9.0,9.0,20.0,20.0,40.17464958618734,40.48887581747269,0.26175099054229595,0.29450046542648955,0.0794392523364486,0.1822429906542056,-0.05338487224044087,-0.07307394809812029,0.0,1.0,-1.0,2.0,0.0,1.0,0.0,8.0
Female_Expressions Confusion 05,Female,Expressions Confusion,-8.0,8.0,23.0,23.0,-23.0,23.0,27.0,27.0,-21.0,21.0,27.0,27.0,-23.0,23.0,27.0,27.0,38.61262444023774,40.06900927340873,0.2414565604423808,0.2902894610556487,0.2102803738317757,0.26635514018691586,-0.037943248715356134,-0.0613657731876195,1.0,1.0,15.0,2.0,1.0,0.0,4.0,0.0
Female_Expressions Contempt 01,Female,Expressions Contempt,-10.0,10.0,20.0,20.0,-20.0,20.0,20.0,20.0,-10.0,10.0,17.0,17.0,-20.0,20.0,20.0,20.0,38.5216707871339,40.67837598000732,0.24369342889741202,0.29559726024342475,0.17289719626168223,0.1822429906542056,-0.04500673975899955,-0.06407070382733211,1.0,1.0,10.0,10.0,0.0,1.0,0.0,3.0
Female_Expressions Contempt 02,Female,Expressions Contempt,-10.0,10.0,20.0,20.0,-10.0,10.0,43.0,43.0,-9.0,9.0,41.0,41.0,-10.0,10.0,43.0,43.0,38.36905026658673,39.67629047253421,0.24048608040141167,0.2838543347109144,0.1261682242990654,0.37850467289719625,-0.04093146964768383,-0.058857440252170386,0.0,1.0,0.0,1.0,1.0,1.0,23.0,2.0
Female_Expressions Contempt 03,Female,Expressions Contempt,-9.0,9.0,20.0,20.0,-24.0,24.0,33.0,33.0,-24.0,24.0,31.0,31.0,-24.0,24.0,33.0,33.0,38.965418211767606,40.98898612450216,0.24784789631299883,0.30084982319412945,0.22897196261682243,0.3037383177570093,-0.04220638765352909,-0.06350795980368819,1.0,0.0,15.0,0.0,1.0,1.0,13.0,2.0
Female_Expressions Contempt 04,Female,Expressions Contempt,-10.0,10.0,20.0,20.0,-12.0,12.0,20.0,20.0,-10.0,10.0,17.0,17.0,-12.0,12.0,20.0,20.0,39.4310790645742,39.534322804936735,0.2516086366132041,0.2822123654534884,0.10747663551401869,0.1822429906542056,-0.04281969382384113,-0.06556566533084228,1.0,1.0,2.0,2.0,0.0,1.0,0.0,3.0
Female_Expressions Contempt 05,Female,Expressions Contempt,-10.0,10.0,22.0,22.0,-30.0,30.0,32.0,32.0,-29.0,29.0,26.0,26.0,-30.0,30.0,32.0,32.0,38.9326990608857,39.32659614141856,0.2456955748183705,0.27686858065774506,0.2757009345794392,0.2850467289719626,-0.036267285592088076,-0.042629067585847086,1.0,1.0,20.0,1.0,1.0,1.0,10.0,6.0
Female_Expressions Desire 01,Female,Expressions Desire,-9.0,9.0,20.0,20.0,-7.0,7.0,13.0,13.0,-5.0,5.0,12.0,12.0,-7.0,7.0,13.0,13.0,40.289497689666035,41.924859022425714,0.2625756525547705,0.3109489528932304,0.06074766355140187,0.13551401869158877,-0.05515945291964807,-0.07852957265399327,0.0,1.0,-2.0,2.0,0.0,1.0,-7.0,1.0
Female_Expressions Desire 02,Female,Expressions Desire,-10.0,10.0,20.0,20.0,-21.0,21.0,52.0,52.0,-19.0,19.0,52.0,52.0,-21.0,21.0,52.0,52.0,38.43085809065917,40.123153317754515,0.24002394860035905,0.2879862941314127,0.5467289719626168,0.49065420560747663,-0.018408215770097536,-0.03616729058394922,1.0,1.0,11.0,2.0,1.0,0.0,32.0,0.0
Female_Expressions Desire 03,Female,Expressions Desire,-10.0,10.0,21.0,21.0,-15.0,15.0,23.0,23.0,-8.0,8.0,19.0,19.0,-15.0,15.0,23.0,23.0,37.027014616493865,40.47575711646927,0.22520869134742522,0.29383379861573194,0.10747663551401869,0.20093457943925233,-0.03362308790750593,-0.06691412126349512,1.0,1.0,5.0,7.0,1.0,1.0,2.0,4.0
Female_Expressions Desire 04,Female,Expressions Desire,-13.0,13.0,12.0,12.0,-34.0,34.0,22.0,22.0,-34.0,34.0,22.0,22.0,-34.0,34.0,22.0,22.0,40.57771370344073,44.71109907872209,0.2746924479431081,0.33734915551738204,0.3037383177570093,0.20093457943925233,-0.07550092890997913,-0.10939706179583183,1.0,0.0,21.0,0.0,1.0,0.0,10.0,0.0
Female_Expressions Desire 05,Female,Expressions Desire,-10.0,10.0,22.0,22.0,-50.0,50.0,39.0,39.0,-50.0,50.0,37.0,37.0,-50.0,50.0,39.0,39.0,37.144536481839474,39.745647837625484,0.22786893632924446,0.28378216629830477,0.4439252336448598,0.3598130841121495,-0.025735869028857935,-0.0565073073745888,1.0,0.0,40.0,0.0,1.0,1.0,17.0,2.0
Female_Expressions Disgust 01,Female,Expressions Disgust,-9.0,9.0,22.0,22.0,-25.0,25.0,31.0,31.0,-25.0,25.0,26.0,26.0,-25.0,25.0,31.0,31.0,39.20735927162883,40.41299228244853,0.248474489305621,0.29459794102428116,0.22897196261682243,0.26635514018691586,-0.04255489879679457,-0.0637187141681386,1.0,0.0,16.0,0.0,1.0,1.0,9.0,5.0
Female_Expressions Disgust 02,Female,Expressions Disgust,-9.0,9.0,19.0,19.0,-37.0,37.0,31.0,31.0,-37.0,37.0,31.0,31.0,-37.0,37.0,31.0,31.0,37.82649876246943,40.42071210502464,0.2327466412125347,0.28980577688350856,0.3411214953271028,0.29439252336448596,-0.024132830795840682,-0.05145496965568756,1.0,0.0,28.0,0.0,1.0,0.0,12.0,0.0
Female_Expressions Disgust 03,Female,Expressions Disgust,-10.0,10.0,19.0,19.0,-14.0,14.0,18.0,18.0,-12.0,12.0,17.0,17.0,-14.0,14.0,18.0,18.0,38.79767895636157,40.583775290540444,0.24482726382317943,0.2943938318814073,0.1261682242990654,0.16355140186915887,-0.043956423195723064,-0.06745655458664225,1.0,1.0,4.0,2.0,0.0,1.0,-1.0,1.0
Female_Expressions Disgust 04,Female,Expressions Disgust,-7.0,7.0,16.0,16.0,-25.0,25.0,39.0,39.0,-22.0,22.0,33.0,33.0,-25.0,25.0,39.0,39.0,34.98956220968687,37.33358820871598,0.20356548138868027,0.24804000375426818,0.3411214953271028,0.5093457943925234,-0.009943185008574868,-0.01875439690095242,1.0,1.0,18.0,3.0,1.0,1.0,23.0,6.0
Female_Expressions Disgust 05,Female,Expressions Disgust,-10.0,10.0,18.0,18.0,-13.0,13.0,23.0,23.0,-13.0,13.0,17.0,17.0,-13.0,13.0,23.0,23.0,38.46969207202163,42.002851253358,0.23959602819424924,0.309497960817034,0.14485981308411214,0.20093457943925233,-0.032370610214839474,-0.06838792785305843,1.0,0.0,3.0,0.0,1.0,1.0,5.0,6.0
Female_Expressions Excitement 01,Female,Expressions Excitement,-10.0,10.0,22.0,22.0,-26.0,26.0,24.0,24.0,-20.0,20.0,21.0,21.0,-26.0,26.0,24.0,24.0,34.252364553023725,37.84917832980646,0.19575389077730268,0.26121776349076603,0.5093457943925234,0.22897196261682243,-0.014903874876343202,-0.04622240712709516,1.0,1.0,16.0,6.0,1.0,1.0,2.0,3.0
Female_Expressions Excitement 02,Female,Expressions Excitement,-9.0,9.0,22.0,22.0,-25.0,25.0,45.0,45.0,-20.0,20.0,45.0,45.0,-25.0,25.0,45.0,45.0,35.779478676965304,37.4007504370725,0.20924622990260613,0.25544224247754177,0.4719626168224299,0.4158878504672897,-0.01426624973243642,-0.03868192531795145,1.0,1.0,16.0,5.0,1.0,0.0,23.0,0.0
Female_Expressions Excitement 03,Female,Expressions Excitement,-10.0,10.0,20.0,20.0,-12.0,12.0,17.0,17.0,-9.0,9.0,16.0,16.0,-12.0,12.0,17.0,17.0,36.14349605212702,39.6749300132288,0.2132637445057664,0.28145634877347503,0.1261682242990654,0.1542056074766355,-0.02236700447920327,-0.05346984938483372,1.0,1.0,2.0,3.0,0.0,1.0,-3.0,1.0
Female_Expressions Excitement 04,Female,Expressions Excitement,-11.0,11.0,22.0,22.0,-37.0,37.0,20.0,20.0,-35.0,35.0,14.0,14.0,-37.0,37.0,20.0,20.0,36.719296114467014,39.43339072376768,0.22097331842529438,0.2817483786667619,0.3598130841121495,0.1822429906542056,-0.02310194757497199,-0.05057859866418571,1.0,1.0,26.0,2.0,0.0,1.0,-2.0,6.0
Female_Expressions Excitement 05,Female,Expressions Excitement,-9.0,9.0,22.0,22.0,-16.0,16.0,18.0,18.0,-15.0,15.0,13.0,13.0,-16.0,16.0,18.0,18.0,36.7672187078779,40.07367653490227,0.22142404568529575,0.289094233624289,0.14485981308411214,0.16355140186915887,-0.03406621641087755,-0.06908411567456255,1.0,1.0,7.0,1.0,0.0,1.0,-4.0,5.0
Female_Expressions Fear 01,Female,Expressions Fear,-10.0,10.0,21.0,21.0,-19.0,19.0,24.0,24.0,-13.0,13.0,20.0,20.0,-19.0,19.0,24.0,24.0,36.68705874291536,39.01804341779691,0.22023114311360867,0.27482296206126705,0.16355140186915887,0.21962616822429906,-0.027504237455742382,-0.05573898303174527,1.0,1.0,9.0,6.0,1.0,1.0,3.0,4.0
Female_Expressions Fear 02,Female,Expressions Fear,-11.0,11.0,23.0,23.0,-26.0,26.0,31.0,31.0,-19.0,19.0,29.0,29.0,-26.0,26.0,31.0,31.0,36.76933465939816,39.984882065625946,0.22658464006174392,0.29159410339649594,0.2757009345794392,0.2757009345794392,-0.023983604997117942,-0.05688082684423322,1.0,1.0,15.0,7.0,1.0,1.0,8.0,2.0
Female_Expressions Fear 03,Female,Expressions Fear,-9.0,9.0,20.0,20.0,-21.0,21.0,19.0,19.0,-15.0,15.0,13.0,13.0,-21.0,21.0,19.0,19.0,39.664066466215615,41.53640027469564,0.2562190962729053,0.30770624408098024,0.1822429906542056,0.1542056074766355,-0.04886292241444098,-0.07401662173672258,1.0,1.0,12.0,6.0,0.0,1.0,-1.0,6.0
Female_Expressions Fear 04,Female,Expressions Fear,-9.0,9.0,20.0,20.0,-11.0,11.0,19.0,19.0,-10.0,10.0,14.0,14.0,-11.0,11.0,19.0,19.0,38.52135845211065,41.29693739603613,0.24208279190776505,0.30669227994491005,0.10747663551401869,0.1542056074766355,-0.04384780682135965,-0.07477785688694392,1.0,1.0,2.0,1.0,0.0,1.0,-1.0,5.0
Female_Expressions Fear 05,Female,Expressions Fear,-10.0,10.0,21.0,21.0,-12.0,12.0,21.0,21.0,-10.0,10.0,17.0,17.0,-12.0,12.0,21.0,21.0,39.25280895411411,39.97561465635478,0.24941178682808565,0.2877205334534155,0.11682242990654206,0.19158878504672897,-0.04029595489813902,-0.05883228277491632,1.0,1.0,2.0,2.0,0.0,1.0,0.0,4.0
Female_Expressions Happiness 01,Female,Expressions Happiness,-9.0,9.0,20.0,20.0,-26.0,26.0,19.0,19.0,-24.0,24.0,18.0,18.0,-26.0,26.0,19.0,19.0,37.27010011004511,39.936775442595795,0.22836893908331327,0.287362949034878,0.2383177570093458,0.17289719626168223,-0.032657512994570155,-0.06003284844282632,1.0,1.0,17.0,2.0,0.0,1.0,-1.0,1.0
Female_Expressions Happiness 02,Female,Expressions Happiness,-9.0,9.0,20.0,20.0,-22.0,22.0,24.0,24.0,-14.0,14.0,19.0,19.0,-22.0,22.0,24.0,24.0,37.68369844917939,40.431594186575616,0.23393313071438085,0.29016882153314966,0.20093457943925233,0.20093457943925233,-0.04109654582549478,-0.05507828337009822,1.0,1.0,13.0,8.0,1.0,1.0,4.0,5.0
Female_Expressions Happiness 03,Female,Expressions Happiness,-10.0,10.0,23.0,23.0,-24.0,24.0,23.0,23.0,-11.0,11.0,23.0,23.0,-24.0,24.0,23.0,23.0,34.375846946516255,37.89854317307298,0.19843490714224699,0.2648133019977641,0.20093457943925233,0.22897196261682243,-0.017664615238938378,-0.04722535582346337,1.0,1.0,14.0,13.0,0.0,0.0,0.0,0.0
Female_Expressions Happiness 04,Female,Expressions Happiness,-10.0,10.0,22.0,22.0,-26.0,26.0,30.0,30.0,-25.0,25.0,19.0,19.0,-26.0,26.0,30.0,30.0,38.04621524454277,39.01131845746085,0.23848761075010924,0.27918975514786265,0.2383177570093458,0.26635514018691586,-0.028889794773030504,-0.05115310833832928,1.0,1.0,16.0,1.0,1.0,1.0,8.0,11.0
Female_Expressions Happiness 05,Female,Expressions Happiness,-10.0,10.0,22.0,22.0,-29.0,29.0,25.0,25.0,-27.0,27.0,23.0,23.0,-29.0,29.0,25.0,25.0,37.23095348393806,39.51410164788505,0.22809653193037085,0.2816974473333804,0.26635514018691586,0.22897196261682243,-0.027067173585713467,-0.0450134759194383,1.0,1.0,19.0,2.0,1.0,1.0,3.0,2.0
Female_Expressions Sadness 01,Female,Expressions Sadness,-9.0,9.0,20.0,20.0,-22.0,22.0,18.0,18.0,-13.0,13.0,13.0,13.0,-22.0,22.0,18.0,18.0,39.544026655571486,40.911211213218834,0.2557338353629424,0.29968593527223464,0.16355140186915887,0.16355140186915887,-0.05089498067570624,-0.07674451826888824,1.0,1.0,13.0,9.0,0.0,1.0,-2.0,5.0
Female_Expressions Sadness 02,Female,Expressions Sadness,-11.0,11.0,21.0,21.0,-50.0,50.0,46.0,46.0,-50.0,50.0,39.0,39.0,-50.0,50.0,46.0,46.0,37.947988207095136,39.493059382260405,0.23625179568183757,0.2793716362146574,0.46261682242990654,0.40654205607476634,-0.028696428949587814,-0.04473940833149669,1.0,0.0,39.0,0.0,1.0,1.0,25.0,7.0
Female_Expressions Sadness 03,Female,Expressions Sadness,-9.0,9.0,19.0,19.0,-9.0,9.0,18.0,18.0,-8.0,8.0,13.0,13.0,-9.0,9.0,18.0,18.0,40.723154794389956,42.054156552965395,0.2662153957046081,0.31054046750068665,0.0794392523364486,0.14485981308411214,-0.061462314050888346,-0.07891676930066581,0.0,1.0,0.0,1.0,0.0,1.0,-1.0,5.0
Female_Expressions Sadness 04,Female,Expressions Sadness,-8.0,8.0,20.0,20.0,-13.0,13.0,20.0,20.0,-12.0,12.0,20.0,20.0,-13.0,13.0,20.0,20.0,40.640623114933476,41.93877206728837,0.264331757743782,0.31183891402226743,0.11682242990654206,0.1822429906542056,-0.0605766129827945,-0.07948188233041317,1.0,1.0,5.0,1.0,0.0,0.0,0.0,0.0
Female_Expressions Sadness 05,Female,Expressions Sadness,-9.0,9.0,21.0,21.0,-22.0,22.0,24.0,24.0,-15.0,15.0,23.0,23.0,-22.0,22.0,24.0,24.0,40.508693859955976,41.9889456005854,0.2641402471845395,0.31124202029727327,0.20093457943925233,0.22897196261682243,-0.050818113523108936,-0.06609381818882773,1.0,1.0,13.0,7.0,1.0,1.0,3.0,1.0
Female_Expressions Surprise 01,Female,Expressions Surprise,-8.0,8.0,17.0,17.0,-65.0,65.0,59.0,59.0,-65.0,65.0,58.0,58.0,-65.0,65.0,59.0,59.0,37.14906179570706,38.86356456313178,0.22882117177838476,0.2703215504918143,0.602803738317757,0.5467289719626168,-0.0003140089667846109,-0.01926255114724703,1.0,0.0,57.0,0.0,1.0,1.0,42.0,1.0
Female_Expressions Surprise 02,Female,Expressions Surprise,-9.0,9.0,21.0,21.0,-25.0,25.0,27.0,27.0,-25.0,25.0,21.0,21.0,-25.0,25.0,27.0,27.0,38.879634226594014,41.76570935979068,0.2452711407269273,0.3110055700640812,0.26635514018691586,0.22897196261682243,-0.034732405827424234,-0.06778029011231716,1.0,0.0,16.0,0.0,1.0,1.0,6.0,6.0
Female_Expressions Surprise 03,Female,Expressions Surprise,-9.0,9.0,22.0,22.0,-17.0,17.0,24.0,24.0,-15.0,15.0,23.0,23.0,-17.0,17.0,24.0,24.0,37.19360323932683,39.38873317057841,0.2276965613677123,0.28432262835101546,0.1542056074766355,0.21962616822429906,-0.04034425889220193,-0.07383480793404802,1.0,1.0,8.0,2.0,1.0,1.0,2.0,1.0
Female_Expressions Surprise 04,Female,Expressions Surprise,-11.0,11.0,23.0,23.0,-21.0,21.0,39.0,39.0,-20.0,20.0,34.0,34.0,-21.0,21.0,39.0,39.0,36.68402392841945,38.858908110132845,0.22373957277458406,0.2795903671567685,0.22897196261682243,0.3411214953271028,-0.03603254105443152,-0.05900552381421918,1.0,1.0,10.0,1.0,1.0,1.0,16.0,5.0
Female_Expressions Surprise 05,Female,Expressions Surprise,-10.0,10.0,23.0,23.0,-32.0,32.0,34.0,34.0,-23.0,23.0,33.0,33.0,-32.0,32.0,34.0,34.0,36.83227702390368,39.996384230729575,0.22531817728113906,0.29009910498824076,0.3037383177570093,0.3130841121495327,-0.027377904018509053,-0.06350492525880581,1.0,1.0,22.0,9.0,1.0,1.0,11.0,1.0
Female_Eyeglasses 1,Female,Eyeglasses,-4.0,4.0,3.0,3.0,-85.0,85.0,86.0,86.0,-85.0,85.0,86.0,86.0,-85.0,85.0,86.0,86.0,43.04592769391069,43.8518734691299,0.28943695058332425,0.2978916686271953,0.9112149532710281,0.9158878504672897,0.07274722412367847,0.07136618728949645,1.0,0.0,81.0,0.0,1.0,0.0,83.0,0.0
Female_Fear 01,Female,Fear,-10.0,10.0,12.0,12.0,-72.0,72.0,26.0,26.0,-72.0,72.0,26.0,26.0,-72.0,72.0,26.0,26.0,37.04254719475719,43.3757545034462,0.2287511335355099,0.31081239419562795,0.6682242990654206,0.40654205607476634,-0.03201620796016444,-0.05816170517529282,1.0,0.0,62.0,0.0,1.0,0.0,14.0,0.0
Female_Fear 02,Female,Fear,-10.0,10.0,11.0,11.0,-24.0,24.0,39.0,39.0,-23.0,23.0,38.0,38.0,-24.0,24.0,39.0,39.0,37.526687209851275,40.37828359202804,0.23030157930383058,0.2722136169393486,0.21962616822429906,0.35046728971962615,-0.03100793662472306,-0.04038396254878178,1.0,1.0,14.0,1.0,1.0,1.0,28.0,1.0
Female_Fear 03,Female,Fear,-10.0,10.0,10.0,10.0,-27.0,27.0,23.0,23.0,-25.0,25.0,21.0,21.0,-27.0,27.0,23.0,23.0,38.239484833779734,44.09603123575727,0.2393724099497929,0.3172540152184317,0.26635514018691586,0.2102803738317757,-0.025641560554504395,-0.057424839690466904,1.0,1.0,17.0,2.0,1.0,1.0,13.0,2.0
Female_Fear 04,Female,Fear,-9.0,9.0,11.0,11.0,-21.0,21.0,40.0,40.0,-20.0,20.0,40.0,40.0,-21.0,21.0,40.0,40.0,38.3290536804734,40.381434817180455,0.23977785968334875,0.27149765625178257,0.2102803738317757,0.3691588785046729,-0.02751225873688671,-0.03517432998273974,1.0,1.0,12.0,1.0,1.0,0.0,29.0,0.0
Female_Fear 05,Female,Fear,-9.0,9.0,12.0,12.0,-32.0,32.0,31.0,31.0,-22.0,22.0,29.0,29.0,-32.0,32.0,31.0,31.0,37.5488365164427,41.29004768567665,0.23613857610203395,0.28918122019723197,0.26635514018691586,0.3130841121495327,-0.027559451271440383,-0.049074420862108746,1.0,1.0,23.0,10.0,1.0,1.0,19.0,2.0
Female_Fierce Cutthroat,Female,Fierce Cutthroat,-8.0,8.0,5.0,5.0,-21.0,21.0,21.0,21.0,-21.0,21.0,17.0,17.0,-21.0,21.0,21.0,21.0,34.92061403978651,35.148588804441076,0.19734609489128968,0.1994639740926083,0.3598130841121495,0.32242990654205606,-0.016522191116743,-0.01580177734945422,1.0,0.0,13.0,0.0,1.0,1.0,16.0,4.0
Female_Fierce Fiery,Female,Fierce Fiery,-9.0,9.0,6.0,6.0,-19.0,19.0,17.0,17.0,-18.0,18.0,17.0,17.0,-19.0,19.0,17.0,17.0,36.616965723929006,37.13251629053989,0.2184217783892266,0.2240005308222548,0.16355140186915887,0.1542056074766355,-0.03370844315145617,-0.033467477448632786,1.0,1.0,10.0,1.0,1.0,0.0,11.0,0.0
Female_Fierce Savage,Female,Fierce Savage,-8.0,8.0,4.0,4.0,-22.0,22.0,81.0,81.0,-22.0,22.0,80.0,80.0,-22.0,22.0,81.0,81.0,35.69702198349427,36.44267493096468,0.20611315352894435,0.21426079874840853,0.7336448598130841,0.7523364485981309,0.0009237811944195043,-0.0005164798175063089,1.0,0.0,14.0,0.0,1.0,1.0,77.0,1.0
Female_Happy 01,Female,Happy,-10.0,10.0,12.0,12.0,-23.0,23.0,13.0,13.0,-10.0,10.0,12.0,12.0,-23.0,23.0,13.0,13.0,35.19782870729393,40.25767098186172,0.20472940050552937,0.2696022589073003,0.3317757009345794,0.1542056074766355,-0.02213619189841725,-0.03662763438492178,1.0,1.0,13.0,13.0,1.0,1.0,1.0,1.0
Female_Happy 02,Female,Happy,-8.0,8.0,9.0,9.0,-15.0,15.0,14.0,14.0,-9.0,9.0,11.0,11.0,-15.0,15.0,14.0,14.0,39.477927963310314,44.75323676617346,0.251237924410918,0.3219024160197962,0.10747663551401869,0.1261682242990654,-0.04940133172774983,-0.05972859555872801,1.0,1.0,7.0,6.0,1.0,1.0,5.0,3.0
Female_Happy 03,Female,Happy,-8.0,8.0,9.0,9.0,-18.0,18.0,18.0,18.0,-13.0,13.0,15.0,15.0,-18.0,18.0,18.0,18.0,39.1907141074956,43.317264708403115,0.24840547492570966,0.3046974264015661,0.16355140186915887,0.16355140186915887,-0.04310792935228793,-0.05102544089901113,1.0,1.0,10.0,5.0,1.0,1.0,9.0,3.0
Female_Happy 04,Female,Happy,-7.0,7.0,9.0,9.0,-16.0,16.0,23.0,23.0,-14.0,14.0,23.0,23.0,-16.0,16.0,23.0,23.0,39.368764086304424,44.71369453234093,0.24990006027934708,0.32135274449241497,0.1542056074766355,0.21962616822429906,-0.046711994108752666,-0.05511097233986186,1.0,1.0,9.0,2.0,1.0,0.0,14.0,0.0
Female_Happy 05,Female,Happy,-11.0,11.0,11.0,11.0,-18.0,18.0,29.0,29.0,-17.0,17.0,24.0,24.0,-18.0,18.0,29.0,29.0,39.58207383111259,43.128789932928356,0.2564466200142263,0.30212637392159936,0.16355140186915887,0.26635514018691586,-0.035772876343994495,-0.033105120202091255,1.0,1.0,7.0,1.0,1.0,1.0,18.0,5.0
Female_Happy Elated,Female,Happy Elated,-10.0,10.0,8.0,8.0,-23.0,23.0,37.0,37.0,-22.0,22.0,37.0,37.0,-23.0,23.0,37.0,37.0,34.973032253924934,35.82861885177755,0.20163712490384825,0.21183976029681267,0.2570093457943925,0.397196261682243,-0.02182063209676297,-0.020568170558626406,1.0,1.0,13.0,1.0,1.0,0.0,29.0,0.0
Female_Happy Perky,Female,Happy Perky,-8.0,8.0,1.0,1.0,-24.0,24.0,24.0,24.0,-24.0,24.0,24.0,24.0,-24.0,24.0,24.0,24.0,36.870390132208854,37.096963918097664,0.22076545864622169,0.22277905060866168,0.21962616822429906,0.2383177570093458,-0.025916983869588264,-0.025305146925917295,1.0,0.0,16.0,0.0,1.0,0.0,23.0,0.0
Female_Happy So Peaceful,Female,Happy So Peaceful,-11.0,11.0,8.0,8.0,-48.0,48.0,48.0,48.0,-48.0,48.0,45.0,45.0,-48.0,48.0,48.0,48.0,36.328960708368605,36.11356529342794,0.21884587212143658,0.21601466625650353,0.4439252336448598,0.4439252336448598,-0.017434124077591942,-0.01718778699357933,1.0,0.0,37.0,0.0,1.0,1.0,40.0,3.0
Female_Humiliated,Female,Humiliated,-9.0,9.0,7.0,7.0,-21.0,21.0,31.0,31.0,-12.0,12.0,31.0,31.0,-21.0,21.0,31.0,31.0,39.25088574061884,45.2059238826003,0.24867434367955288,0.3274548017533026,0.2383177570093458,0.3411214953271028,-0.03604689546834643,-0.05340393180045012,1.0,1.0,12.0,9.0,1.0,0.0,24.0,0.0
Female_Insanity Deranged,Female,Insanity Deranged,-8.0,8.0,5.0,5.0,-43.0,43.0,84.0,84.0,-42.0,42.0,77.0,77.0,-43.0,43.0,84.0,84.0,35.88510721420573,36.15044813958284,0.21120059378793307,0.21379921982221514,0.6682242990654206,0.7710280373831776,-0.018476706381156064,-0.013240423854266372,1.0,1.0,35.0,1.0,1.0,1.0,79.0,7.0
Female_Insanity Go Cuckoo,Female,Insanity Go Cuckoo,-9.0,9.0,11.0,11.0,-21.0,21.0,25.0,25.0,-21.0,21.0,25.0,25.0,-21.0,21.0,25.0,25.0,36.999189617477846,42.52759696390027,0.2225091930861785,0.30050317873464566,0.2102803738317757,0.22897196261682243,-0.026945262311774992,-0.05507395172787604,1.0,0.0,12.0,0.0,1.0,0.0,14.0,0.0
Female_Insanity Going Crazy,Female,Insanity Going Crazy,-12.0,12.0,11.0,11.0,-24.0,24.0,29.0,29.0,-24.0,24.0,26.0,26.0,-24.0,24.0,29.0,29.0,35.46439407473412,35.42673192068795,0.21699551054250413,0.2175692776653254,0.21962616822429906,0.2570093457943925,-0.04700731785497933,-0.04264453192737615,1.0,0.0,12.0,0.0,1.0,1.0,18.0,3.0
Female_Insanity Hostile,Female,Insanity Hostile,-9.0,9.0,7.0,7.0,-56.0,56.0,67.0,67.0,-40.0,40.0,55.0,55.0,-56.0,56.0,67.0,67.0,33.17617340177019,33.84808362087357,0.18362205273637147,0.19017536172242921,0.5280373831775701,0.6121495327102804,-0.014540131404021077,-0.016490358337063655,1.0,1.0,47.0,16.0,1.0,1.0,60.0,12.0
Female_Insanity Lunatic,Female,Insanity Lunatic,-8.0,8.0,3.0,3.0,-15.0,15.0,21.0,21.0,-13.0,13.0,21.0,21.0,-15.0,15.0,21.0,21.0,37.47289261416854,38.42210595852861,0.22763971859049575,0.23816116446646574,0.14018691588785046,0.18691588785046728,-0.03721959680040306,-0.0407207441107135,1.0,1.0,7.0,2.0,1.0,0.0,18.0,0.0
Female_Joy 01,Female,Joy,-9.0,9.0,9.0,9.0,-14.0,14.0,8.0,8.0,-11.0,11.0,7.0,7.0,-14.0,14.0,8.0,8.0,36.76519845356451,42.22337440463984,0.21982852153688948,0.29044373793022654,0.09813084112149532,0.0794392523364486,-0.03369002085979854,-0.04680554192756938,1.0,1.0,5.0,3.0,0.0,1.0,-1.0,1.0
Female_Joy 02,Female,Joy,-10.0,10.0,10.0,10.0,-40.0,40.0,39.0,39.0,-25.0,25.0,39.0,39.0,-40.0,40.0,39.0,39.0,35.184392138062236,39.99765404139724,0.20447747562533228,0.26662152142168205,0.32242990654205606,0.3598130841121495,-0.02140233087762494,-0.028142926013358285,1.0,1.0,30.0,15.0,1.0,0.0,29.0,0.0
Female_Joy 03,Female,Joy,-12.0,12.0,13.0,13.0,-48.0,48.0,55.0,55.0,-48.0,48.0,50.0,50.0,-48.0,48.0,55.0,55.0,36.927505152247775,41.127069366312476,0.22560898500068166,0.2811440059514803,0.4532710280373832,0.48130841121495327,-0.016271864699426097,-0.019052735138162274,1.0,0.0,36.0,0.0,1.0,1.0,42.0,5.0
Female_Joy 04,Female,Joy,-9.0,9.0,11.0,11.0,-11.0,11.0,25.0,25.0,-9.0,9.0,24.0,24.0,-11.0,11.0,25.0,25.0,35.50110767934924,40.58444973909966,0.20657065650013007,0.2713370610063321,0.17289719626168223,0.2383177570093458,-0.019270603066292878,-0.03435727480415986,1.0,1.0,2.0,2.0,1.0,1.0,14.0,1.0
Female_Joy 05,Female,Joy,-11.0,11.0,13.0,13.0,-68.0,68.0,35.0,35.0,-59.0,59.0,22.0,22.0,-68.0,68.0,35.0,35.0,33.61318466596514,39.758355227586264,0.19168387506609766,0.2659682556290493,0.6308411214953271,0.2757009345794392,-0.014476902295495862,-0.032401872154708224,1.0,1.0,57.0,9.0,1.0,1.0,22.0,13.0
Female_Judgemental 01,Female,Judgemental,-10.0,10.0,8.0,8.0,-15.0,15.0,17.0,17.0,-15.0,15.0,11.0,11.0,-15.0,15.0,17.0,17.0,38.378070907058,44.69340484833049,0.24359855585009138,0.32480907328774994,0.3130841121495327,0.13551401869158877,-0.042027735543028216,-0.07053430113836984,1.0,0.0,5.0,0.0,1.0,1.0,9.0,6.0
Female_Judgemental 02,Female,Judgemental,-7.0,7.0,10.0,10.0,-12.0,12.0,12.0,12.0,-8.0,8.0,6.0,6.0,-12.0,12.0,12.0,12.0,39.909071133515546,44.42757345137195,0.25863807892130913,0.32054634434040463,0.13551401869158877,0.10747663551401869,-0.052498957821141896,-0.0659771187004642,1.0,1.0,5.0,4.0,1.0,1.0,2.0,6.0
Female_Judgemental 03,Female,Judgemental,-8.0,8.0,10.0,10.0,-25.0,25.0,13.0,13.0,-22.0,22.0,12.0,12.0,-25.0,25.0,13.0,13.0,39.47754067349657,43.03186909060612,0.2520056339067833,0.30404595153354036,0.22897196261682243,0.11682242990654206,-0.04910393017474736,-0.0723899005450935,1.0,1.0,17.0,3.0,1.0,1.0,3.0,1.0
Female_Judgemental 04,Female,Judgemental,-10.0,10.0,12.0,12.0,-20.0,20.0,39.0,39.0,-20.0,20.0,29.0,29.0,-20.0,20.0,39.0,39.0,39.12379293575465,43.021713573241904,0.25001095778474186,0.3058384656906128,0.2102803738317757,0.3317757009345794,-0.04027677417915558,-0.049366373603589066,1.0,0.0,10.0,0.0,1.0,1.0,27.0,10.0
Female_Judgemental 05,Female,Judgemental,-9.0,9.0,5.0,5.0,-14.0,14.0,29.0,29.0,-9.0,9.0,24.0,24.0,-14.0,14.0,29.0,29.0,38.19872052647243,43.86773709716084,0.23629103419936706,0.3104304565447513,0.10747663551401869,0.24766355140186916,-0.02955730663281735,-0.048447922429191735,1.0,1.0,5.0,5.0,1.0,1.0,24.0,5.0
Female_Nervous,Female,Nervous,-9.0,9.0,11.0,11.0,-18.0,18.0,13.0,13.0,-12.0,12.0,11.0,11.0,-18.0,18.0,13.0,13.0,39.400569597137306,42.975628164327034,0.25050414332719606,0.3023862766328259,0.1542056074766355,0.11682242990654206,-0.04254078670082805,-0.05601651924792851,1.0,1.0,9.0,6.0,1.0,1.0,2.0,2.0
Female_Pain 01,Female,Pain,-9.0,9.0,11.0,11.0,-21.0,21.0,34.0,34.0,-21.0,21.0,34.0,34.0,-21.0,21.0,34.0,34.0,36.70022345034876,42.8418296920919,0.2194141533887275,0.29764552316933035,0.49065420560747663,0.37850467289719625,-0.014303477010994313,-0.03287319449063773,1.0,0.0,12.0,0.0,1.0,0.0,23.0,0.0
Female_Pain 02,Female,Pain,-10.0,10.0,11.0,11.0,-85.0,85.0,71.0,71.0,-57.0,57.0,45.0,45.0,-85.0,85.0,71.0,71.0,35.78399211223994,40.72560814385102,0.2102663333170882,0.27316236468119043,0.7429906542056075,0.5747663551401869,-0.0008598532632132557,-0.013665415276990873,1.0,1.0,75.0,28.0,1.0,1.0,60.0,26.0
Female_Pain 03,Female,Pain,-8.0,8.0,10.0,10.0,-15.0,15.0,20.0,20.0,-9.0,9.0,20.0,20.0,-15.0,15.0,20.0,20.0,40.895209441675206,45.4963923436459,0.26651746591674946,0.3308794080654037,0.13551401869158877,0.17289719626168223,-0.05775458344789309,-0.0660642942535543,1.0,1.0,7.0,6.0,1.0,0.0,10.0,0.0
Female_Pain 04,Female,Pain,-9.0,9.0,11.0,11.0,-35.0,35.0,42.0,42.0,-19.0,19.0,42.0,42.0,-35.0,35.0,42.0,42.0,37.32472074811704,41.377728283962355,0.23007225321832103,0.28482042879701774,0.32242990654205606,0.3878504672897196,-0.028982916725016086,-0.04837685851293189,1.0,1.0,26.0,16.0,1.0,0.0,31.0,0.0
Female_Pain 05,Female,Pain,-9.0,9.0,13.0,13.0,-21.0,21.0,35.0,35.0,-21.0,21.0,28.0,28.0,-21.0,21.0,35.0,35.0,37.87230490301257,41.25246406047144,0.2311151896681741,0.27973943893040454,0.2757009345794392,0.5186915887850467,-0.014316514830722988,-0.014439956746368764,1.0,0.0,12.0,0.0,1.0,1.0,22.0,7.0
Female_Pain Illness,Female,Pain Illness,-10.0,10.0,3.0,3.0,-44.0,44.0,56.0,56.0,-44.0,44.0,49.0,49.0,-44.0,44.0,56.0,56.0,37.18216524391531,36.569034344682066,0.22391654286429147,0.21698109457425982,0.46261682242990654,0.5934579439252337,-0.0148301049370632,-0.010995822810681066,1.0,0.0,34.0,0.0,1.0,1.0,53.0,7.0
Female_Playful 01,Female,Playful,-10.0,10.0,9.0,9.0,-21.0,21.0,23.0,23.0,-14.0,14.0,23.0,23.0,-21.0,21.0,23.0,23.0,39.84736135072797,44.9989688418736,0.2596800792440076,0.32450968194230695,0.17289719626168223,0.2383177570093458,-0.05614264768974803,-0.04162215030638971,1.0,1.0,11.0,7.0,1.0,0.0,14.0,0.0
Female_Playful 02,Female,Playful,-7.0,7.0,9.0,9.0,-21.0,21.0,25.0,25.0,-17.0,17.0,25.0,25.0,-21.0,21.0,25.0,25.0,40.58669782130518,44.65176191953855,0.26430821307351654,0.32134270305945495,0.19158878504672897,0.22897196261682243,-0.048097453941808685,-0.043340074681790075,1.0,1.0,14.0,4.0,1.0,0.0,16.0,0.0
Female_Playful 03,Female,Playful,-8.0,8.0,12.0,12.0,-9.0,9.0,20.0,20.0,-7.0,7.0,16.0,16.0,-9.0,9.0,20.0,20.0,38.56720156090282,41.27228908004048,0.24162034620748502,0.28142086256330257,0.0794392523364486,0.17289719626168223,-0.04341905445696038,-0.04060331362987233,1.0,1.0,1.0,2.0,1.0,1.0,8.0,4.0
Female_Playful 04,Female,Playful,-8.0,8.0,7.0,7.0,-15.0,15.0,24.0,24.0,-13.0,13.0,24.0,24.0,-15.0,15.0,24.0,24.0,40.59582016624023,46.31773654322758,0.26538693849171435,0.3428338473645326,0.13551401869158877,0.2102803738317757,-0.051577652865481154,-0.06808522065109182,1.0,1.0,7.0,2.0,1.0,0.0,17.0,0.0
Female_Playful 05,Female,Playful,-10.0,10.0,10.0,10.0,-11.0,11.0,16.0,16.0,-9.0,9.0,10.0,10.0,-11.0,11.0,16.0,16.0,36.951497022236616,42.22457617688402,0.22357005410105268,0.2918152101686068,0.09813084112149532,0.13551401869158877,-0.0262760288804491,-0.039807932120617305,1.0,1.0,1.0,2.0,1.0,1.0,6.0,6.0
Female_Pleasure Oo So Funny,Female,Pleasure Oo So Funny,-9.0,9.0,6.0,6.0,-12.0,12.0,11.0,11.0,-10.0,10.0,10.0,10.0,-12.0,12.0,11.0,11.0,36.799555856490805,36.82247308927162,0.22047911041250853,0.22130183360286962,0.10747663551401869,0.09813084112149532,-0.035918453586435764,-0.037656261542133085,1.0,1.0,3.0,2.0,1.0,1.0,5.0,1.0
Female_Romantic 01,Female,Romantic,-12.0,12.0,11.0,11.0,-26.0,26.0,34.0,34.0,-23.0,23.0,18.0,18.0,-26.0,26.0,34.0,34.0,37.27013019535029,41.41587510732847,0.2359074933506618,0.28433155317172826,0.2383177570093458,0.32242990654205606,-0.04735315542354762,-0.04262919529019115,1.0,1.0,14.0,3.0,1.0,1.0,23.0,16.0
Female_Romantic 02,Female,Romantic,-8.0,8.0,10.0,10.0,-10.0,10.0,10.0,10.0,-7.0,7.0,8.0,8.0,-10.0,10.0,10.0,10.0,41.17903987715177,45.43856681841556,0.27200067544651924,0.33108714696402863,0.08878504672897196,0.08878504672897196,-0.06682198432004341,-0.0781143963615471,1.0,1.0,2.0,3.0,0.0,1.0,0.0,2.0
Female_Romantic 03,Female,Romantic,-10.0,10.0,10.0,10.0,-11.0,11.0,30.0,30.0,-11.0,11.0,28.0,28.0,-11.0,11.0,30.0,30.0,40.99810536108284,44.48540865149453,0.2715477798586694,0.32001552960582985,0.09813084112149532,0.26635514018691586,-0.052768358003313295,-0.058618262827953446,1.0,0.0,1.0,0.0,1.0,1.0,20.0,2.0
Female_Romantic 04,Female,Romantic,-9.0,9.0,11.0,11.0,-26.0,26.0,24.0,24.0,-26.0,26.0,20.0,20.0,-26.0,26.0,24.0,24.0,39.48852615490138,44.40105257078866,0.25297296994200374,0.31970521668407403,0.2850467289719626,0.21962616822429906,-0.0395452452597217,-0.056026913156019195,1.0,0.0,17.0,0.0,1.0,1.0,13.0,4.0
Female_Romantic 05,Female,Romantic,-9.0,9.0,9.0,9.0,-10.0,10.0,9.0,9.0,-7.0,7.0,7.0,7.0,-10.0,10.0,9.0,9.0,41.26264441570389,45.322088740696415,0.2730086234128364,0.332336638296876,0.08878504672897196,0.0794392523364486,-0.061198624773560285,-0.07200343001668698,1.0,1.0,1.0,3.0,0.0,1.0,0.0,2.0
Female_S Wink 02,Female,S Wink,-14.0,14.0,13.0,13.0,-65.0,65.0,63.0,63.0,-64.0,64.0,63.0,63.0,-65.0,65.0,63.0,63.0,33.40212438485333,40.68765350814178,0.19545831022975602,0.2810759984444235,0.602803738317757,0.5841121495327103,-0.0199773030303349,-0.05036126425333112,1.0,1.0,51.0,1.0,1.0,0.0,50.0,0.0
Female_Sad 01,Female,Sad,-9.0,9.0,10.0,10.0,-12.0,12.0,12.0,12.0,-7.0,7.0,9.0,9.0,-12.0,12.0,12.0,12.0,41.429717848234084,44.21695919794457,0.2768289031826447,0.3168965672778192,0.10747663551401869,0.13551401869158877,-0.05790639870634703,-0.06171303876092501,1.0,1.0,3.0,5.0,1.0,1.0,2.0,3.0
Female_Sad 02,Female,Sad,-9.0,9.0,10.0,10.0,-11.0,11.0,18.0,18.0,-7.0,7.0,12.0,12.0,-11.0,11.0,18.0,18.0,41.66383147908148,44.10895848497052,0.2794928940657143,0.3140734200165651,0.09813084112149532,0.26635514018691586,-0.05506904966363283,-0.05304182369575322,1.0,1.0,2.0,4.0,1.0,1.0,8.0,6.0
Female_Sad 03,Female,Sad,-11.0,11.0,12.0,12.0,-26.0,26.0,54.0,54.0,-11.0,11.0,47.0,47.0,-26.0,26.0,54.0,54.0,38.250449895858765,41.21138792617299,0.2457268249208682,0.28146815857040547,0.2383177570093458,0.46261682242990654,-0.04825202605434667,-0.03826383717149218,1.0,1.0,15.0,15.0,1.0,1.0,42.0,7.0
Female_Sad 04,Female,Sad,-9.0,9.0,9.0,9.0,-9.0,9.0,19.0,19.0,-8.0,8.0,14.0,14.0,-9.0,9.0,19.0,19.0,42.08511797067161,45.18416545547058,0.28594215450999894,0.3297660529056442,0.0794392523364486,0.1542056074766355,-0.057535916427585564,-0.06038014256508551,0.0,1.0,0.0,1.0,1.0,1.0,10.0,5.0
Female_Sad 05,Female,Sad,-8.0,8.0,10.0,10.0,-11.0,11.0,11.0,11.0,-11.0,11.0,4.0,4.0,-11.0,11.0,11.0,11.0,41.74474398889274,44.72090988738515,0.27915599301596666,0.3224112628219284,0.09813084112149532,0.09813084112149532,-0.05368630295601961,-0.059065574658251255,1.0,0.0,3.0,0.0,1.0,1.0,1.0,7.0
Female_Scream,Female,Scream,-9.0,9.0,13.0,13.0,-13.0,13.0,26.0,26.0,-13.0,13.0,26.0,26.0,-13.0,13.0,26.0,26.0,38.64808900111189,43.834974796972546,0.2534713742331924,0.32268937753739757,0.1822429906542056,0.2383177570093458,-0.05436083354125513,-0.07023929825453,1.0,0.0,4.0,0.0,1.0,0.0,13.0,0.0
Female_Seriousness 01,Female,Seriousness,-8.0,8.0,10.0,10.0,-7.0,7.0,8.0,8.0,-5.0,5.0,4.0,4.0,-7.0,7.0,8.0,8.0,41.53849867794001,44.37834151660171,0.27583397827415823,0.3182726591546959,0.06074766355140187,0.07009345794392523,-0.06202567180740499,-0.06650450199006874,0.0,1.0,-1.0,2.0,0.0,1.0,-2.0,4.0
Female_Seriousness 02,Female,Seriousness,-9.0,9.0,11.0,11.0,-16.0,16.0,14.0,14.0,-15.0,15.0,12.0,12.0,-16.0,16.0,14.0,14.0,39.84352181113769,42.5698489674898,0.25613101453424614,0.2966799986696689,0.14485981308411214,0.1261682242990654,-0.04109386305942714,-0.04593758187561392,1.0,1.0,7.0,1.0,1.0,1.0,3.0,2.0
Female_Seriousness 03,Female,Seriousness,-9.0,9.0,9.0,9.0,-9.0,9.0,12.0,12.0,-7.0,7.0,0.0,0.0,-9.0,9.0,12.0,12.0,40.656207006668375,44.22588966940051,0.26526199601521,0.314404313252351,0.0794392523364486,0.10747663551401869,-0.055643497504920605,-0.06309255177729597,0.0,1.0,0.0,2.0,1.0,1.0,3.0,12.0
Female_Seriousness 04,Female,Seriousness,-9.0,9.0,12.0,12.0,-16.0,16.0,14.0,14.0,-14.0,14.0,13.0,13.0,-16.0,16.0,14.0,14.0,39.36098471088944,42.501762147261715,0.2502126147813886,0.29575289187030257,0.14485981308411214,0.1261682242990654,-0.0502525269985199,-0.05374164057669239,1.0,1.0,7.0,2.0,1.0,1.0,2.0,1.0
Female_Seriousness 05,Female,Seriousness,-8.0,8.0,11.0,11.0,-24.0,24.0,13.0,13.0,-23.0,23.0,12.0,12.0,-24.0,24.0,13.0,13.0,38.889135369630615,41.84597563075128,0.24481371741428554,0.29022350322420354,0.21962616822429906,0.10747663551401869,-0.04226846951190556,-0.05674746159081147,1.0,1.0,16.0,1.0,1.0,1.0,2.0,1.0
Female_Silly 01,Female,Silly,-8.0,8.0,10.0,10.0,-21.0,21.0,21.0,21.0,-21.0,21.0,21.0,21.0,-21.0,21.0,21.0,21.0,38.45123692984893,43.54100605929009,0.2385496558430039,0.3077570305806454,0.19158878504672897,0.21962616822429906,-0.033223080857891905,-0.04313980781029318,1.0,0.0,13.0,0.0,1.0,0.0,11.0,0.0
Female_Silly 02,Female,Silly,-9.0,9.0,13.0,13.0,-33.0,33.0,33.0,33.0,-33.0,33.0,24.0,24.0,-33.0,33.0,33.0,33.0,37.703739859233394,40.226420721161034,0.2346363919917668,0.26965870701264,0.3037383177570093,0.3130841121495327,-0.04397705336597478,-0.0345887888536275,1.0,0.0,24.0,0.0,1.0,1.0,20.0,9.0
Female_Silly 03,Female,Silly,-9.0,9.0,11.0,11.0,-34.0,34.0,33.0,33.0,-34.0,34.0,28.0,28.0,-34.0,34.0,33.0,33.0,37.258332909824695,40.40749911058729,0.22977641447682248,0.2700506615861554,0.3411214953271028,0.2757009345794392,-0.030561954618614412,-0.03981506810567089,1.0,0.0,25.0,0.0,1.0,1.0,22.0,5.0
Female_Silly 04,Female,Silly,-13.0,13.0,15.0,15.0,-33.0,33.0,47.0,47.0,-26.0,26.0,47.0,47.0,-33.0,33.0,47.0,47.0,37.90159406617423,40.33677606047871,0.2446902748023238,0.2754718483051407,0.29439252336448596,0.43457943925233644,-0.037705698581499476,-0.024386055280115004,1.0,1.0,20.0,7.0,1.0,0.0,32.0,0.0
Female_Silly 05,Female,Silly,-9.0,9.0,11.0,11.0,-16.0,16.0,52.0,52.0,-16.0,16.0,50.0,50.0,-16.0,16.0,52.0,52.0,38.540470187909136,41.12522687421781,0.24020566645069658,0.28080372024919387,0.19158878504672897,0.48130841121495327,-0.025565272179719444,-0.022223795964339068,1.0,0.0,7.0,0.0,1.0,1.0,41.0,2.0
Female_Sleepy,Female,Sleepy,-13.0,13.0,11.0,11.0,-35.0,35.0,24.0,24.0,-35.0,35.0,24.0,24.0,-35.0,35.0,24.0,24.0,36.15908415072432,44.317995552704716,0.227653021010283,0.32923377841432516,0.32242990654205606,0.21962616822429906,-0.032028674104503385,-0.08539208240598162,1.0,0.0,22.0,0.0,1.0,0.0,13.0,0.0
Female_Sleepy 01,Female,Sleepy,-11.0,11.0,13.0,13.0,-75.0,75.0,75.0,75.0,-75.0,75.0,75.0,75.0,-75.0,75.0,75.0,75.0,36.76706157666501,40.332228834383955,0.2310516082237814,0.27503608153245157,0.6962616822429907,0.6962616822429907,-0.01124807621274039,-0.01659249256704455,1.0,0.0,64.0,0.0,1.0,0.0,62.0,0.0
Female_Sleepy 02,Female,Sleepy,-11.0,11.0,11.0,11.0,-11.0,11.0,22.0,22.0,-10.0,10.0,15.0,15.0,-11.0,11.0,22.0,22.0,39.19654519758492,42.32312858216116,0.25466372086623007,0.29359204189799654,0.1261682242990654,0.19158878504672897,-0.049327140099534365,-0.04384179538655504,0.0,1.0,0.0,1.0,1.0,1.0,11.0,7.0
Female_Sleepy 03,Female,Sleepy,-11.0,11.0,10.0,10.0,-21.0,21.0,20.0,20.0,-20.0,20.0,20.0,20.0,-21.0,21.0,20.0,20.0,38.36343604827596,41.8555622279087,0.2421755200234529,0.28594535254986486,0.19158878504672897,0.24766355140186916,-0.03609670545453223,-0.030368161674971892,1.0,1.0,10.0,1.0,1.0,0.0,10.0,0.0
Female_Sleepy 04,Female,Sleepy,-11.0,11.0,12.0,12.0,-35.0,35.0,38.0,38.0,-32.0,32.0,38.0,38.0,-35.0,35.0,38.0,38.0,37.745895965077054,41.39422806178298,0.2346950256935904,0.28110203174787146,0.3130841121495327,0.35046728971962615,-0.036316363889480306,-0.035418939367633,1.0,1.0,24.0,3.0,1.0,0.0,26.0,0.0
Female_Sleepy 05,Female,Sleepy,-10.0,10.0,10.0,10.0,-16.0,16.0,12.0,12.0,-12.0,12.0,12.0,12.0,-16.0,16.0,12.0,12.0,41.16154841396296,45.19612849092929,0.27418146400808174,0.3283381657065632,0.14485981308411214,0.1261682242990654,-0.05944392697833409,-0.0643713099655704,1.0,1.0,6.0,4.0,1.0,0.0,2.0,0.0
Female_Subtle 01,Female,Subtle,-10.0,10.0,11.0,11.0,-15.0,15.0,13.0,13.0,-13.0,13.0,12.0,12.0,-15.0,15.0,13.0,13.0,40.29118459024162,43.399136151108785,0.2627405429554877,0.30782924327894906,0.17289719626168223,0.2570093457943925,-0.04498507625588747,-0.054343817668540455,1.0,1.0,5.0,2.0,1.0,1.0,2.0,1.0
Female_Subtle 02,Female,Subtle,-9.0,9.0,11.0,11.0,-8.0,8.0,11.0,11.0,-7.0,7.0,9.0,9.0,-8.0,8.0,11.0,11.0,41.523440222873866,44.41472479116137,0.27751598012781586,0.32133034540114,0.07009345794392523,0.09813084112149532,-0.06193045478000819,-0.07123734683633964,0.0,1.0,-1.0,1.0,0.0,1.0,0.0,2.0
Female_Subtle 03,Female,Subtle,-9.0,9.0,10.0,10.0,-9.0,9.0,11.0,11.0,-6.0,6.0,5.0,5.0,-9.0,9.0,11.0,11.0,41.771748799029915,44.80383375871961,0.27888184200937505,0.3249668175372008,0.07009345794392523,0.09813084112149532,-0.06629883574548169,-0.0783732213149561,0.0,1.0,0.0,3.0,1.0,1.0,1.0,6.0
Female_Subtle 04,Female,Subtle,-7.0,7.0,11.0,11.0,-8.0,8.0,11.0,11.0,-7.0,7.0,10.0,10.0,-8.0,8.0,11.0,11.0,43.09679143673906,45.114970256235,0.2947129264613178,0.3287846493386777,0.07009345794392523,0.09813084112149532,-0.07016865477383694,-0.07246110288896293,1.0,1.0,1.0,1.0,0.0,1.0,0.0,1.0
Female_Talking 01,Female,Talking,-9.0,9.0,12.0,12.0,-11.0,11.0,23.0,23.0,-10.0,10.0,23.0,23.0,-11.0,11.0,23.0,23.0,38.97381901963849,43.53375823029848,0.24747178264867478,0.31134791351924435,0.09813084112149532,0.19158878504672897,-0.050998194195399776,-0.06714024192818971,1.0,1.0,2.0,1.0,1.0,0.0,11.0,0.0
Female_Talking 02,Female,Talking,-9.0,9.0,12.0,12.0,-24.0,24.0,23.0,23.0,-19.0,19.0,23.0,23.0,-24.0,24.0,23.0,23.0,38.448047080886695,43.16184482396206,0.24105192511995263,0.30776442155659756,0.19158878504672897,0.2383177570093458,-0.03490188829252653,-0.05364988117574531,1.0,1.0,15.0,5.0,1.0,0.0,11.0,0.0
Female_Talking 03,Female,Talking,-11.0,11.0,12.0,12.0,-49.0,49.0,20.0,20.0,-23.0,23.0,20.0,20.0,-49.0,49.0,20.0,20.0,36.848748166984485,42.66826757983627,0.22672265210998394,0.3037262316619124,0.4532710280373832,0.1822429906542056,-0.026858412773809702,-0.05810202755660654,1.0,1.0,38.0,26.0,1.0,0.0,8.0,0.0
Female_Talking 04,Female,Talking,-9.0,9.0,12.0,12.0,-17.0,17.0,34.0,34.0,-17.0,17.0,33.0,33.0,-17.0,17.0,34.0,34.0,38.55467739283481,41.64394428574036,0.2504902011323198,0.29218921427414796,0.14485981308411214,0.3130841121495327,-0.062043816408264306,-0.05612096092968344,1.0,0.0,8.0,0.0,1.0,1.0,22.0,1.0
Female_Talking 05,Female,Talking,-9.0,9.0,11.0,11.0,-13.0,13.0,16.0,16.0,-12.0,12.0,14.0,14.0,-13.0,13.0,16.0,16.0,39.73280457915547,43.8805201387851,0.2537461496959223,0.3126413947510942,0.11682242990654206,0.14485981308411214,-0.05319089895096895,-0.06733416160133397,1.0,1.0,4.0,1.0,1.0,1.0,5.0,2.0
Female_Terror,Female,Terror,-9.0,9.0,9.0,9.0,-36.0,36.0,34.0,34.0,-29.0,29.0,29.0,29.0,-36.0,36.0,34.0,34.0,36.605497863805184,36.63008530340462,0.22597491518359317,0.22914502163913764,0.3411214953271028,0.3037383177570093,-0.043472715905893626,-0.05050727237607831,1.0,1.0,27.0,7.0,1.0,1.0,25.0,5.0
Female_Terror Phobia,Female,Terror Phobia,-10.0,10.0,8.0,8.0,-23.0,23.0,27.0,27.0,-23.0,23.0,26.0,26.0,-23.0,23.0,27.0,27.0,37.40778132019756,38.08337388974484,0.229821540763445,0.23715200769567044,0.2102803738317757,0.2570093457943925,-0.03304457775900297,-0.032886670014568575,1.0,0.0,13.0,0.0,1.0,1.0,19.0,1.0
Female_Ulgh,Female,Ulgh,-7.0,7.0,9.0,9.0,-63.0,63.0,69.0,69.0,-14.0,14.0,68.0,68.0,-63.0,63.0,69.0,69.0,37.967748245346215,43.25407517513382,0.23137806091353158,0.30143213355652637,0.6121495327102804,0.6214953271028038,-0.014153757385004347,-0.00989317406560773,1.0,1.0,56.0,49.0,1.0,1.0,60.0,1.0
Female_Wicked 01,Female,Wicked,-9.0,9.0,11.0,11.0,-28.0,28.0,29.0,29.0,-26.0,26.0,22.0,22.0,-28.0,28.0,29.0,29.0,39.5894276561024,42.14653967919751,0.25316176347643415,0.29209292408461884,0.26635514018691586,0.2757009345794392,-0.03861111653185336,-0.045706275885350235,1.0,1.0,19.0,2.0,1.0,1.0,18.0,7.0
Female_Wicked 02,Female,Wicked,-9.0,9.0,12.0,12.0,-20.0,20.0,27.0,27.0,-19.0,19.0,25.0,25.0,-20.0,20.0,27.0,27.0,39.13485026582379,42.356805244338844,0.24825225366610232,0.2963558624838,0.1822429906542056,0.24766355140186916,-0.03517748624364907,-0.03939614535492157,1.0,1.0,11.0,1.0,1.0,1.0,15.0,2.0
Female_Wicked 03,Female,Wicked,-8.0,8.0,11.0,11.0,-27.0,27.0,36.0,36.0,-26.0,26.0,35.0,35.0,-27.0,27.0,36.0,36.0,37.267946053888195,41.99772620423932,0.22573114778393896,0.2857611396602381,0.2850467289719626,0.37850467289719625,-0.02118286016945527,-0.01492548044596877,1.0,1.0,19.0,1.0,1.0,1.0,25.0,1.0
Female_Wicked 04,Female,Wicked,-10.0,10.0,9.0,9.0,-5.0,5.0,7.0,7.0,0.0,0.0,0.0,0.0,-5.0,5.0,7.0,7.0,38.959403006829945,43.93207591047911,0.24701485845530144,0.31210904060123124,0.04205607476635514,0.02336448598130841,-0.049115628561126855,-0.059954613029399764,0.0,1.0,-5.0,5.0,0.0,1.0,-2.0,7.0
Female_Wicked 05,Female,Wicked,-10.0,10.0,9.0,9.0,0.0,0.0,13.0,13.0,0.0,0.0,0.0,0.0,0.0,0.0,13.0,13.0,38.98385375013975,44.017922864896114,0.24733450201070198,0.3130171544083925,0.037383177570093455,0.11214953271028037,-0.04898197461511487,-0.05978643573890222,0.0,0.0,-10.0,0.0,1.0,1.0,4.0,13.0
Female_Wink,Female,Wink,-9.0,9.0,12.0,12.0,-66.0,66.0,32.0,32.0,-57.0,57.0,32.0,32.0,-66.0,66.0,32.0,32.0,36.08598871988671,42.61860638912593,0.2128412932436043,0.2976646089108191,0.6121495327102804,0.29439252336448596,-0.008352416419537267,-0.03710431139045787,1.0,1.0,57.0,9.0,1.0,0.0,20.0,0.0
Female_With Forehead Wrinkles Angry 01,Female,With Forehead Wrinkles Angry,-7.0,7.0,9.0,9.0,-18.0,18.0,8.0,8.0,-9.0,9.0,5.0,5.0,-18.0,18.0,8.0,8.0,40.17897260300467,43.36084551677526,0.25879164778183555,0.30318755162096467,0.1542056074766355,0.06074766355140187,-0.039428141351058106,-0.05368605116817439,1.0,1.0,11.0,9.0,0.0,1.0,-1.0,3.0
Female_With Forehead Wrinkles Angry 02,Female,With Forehead Wrinkles Angry,-11.0,11.0,13.0,13.0,-27.0,27.0,24.0,24.0,-8.0,8.0,6.0,6.0,-27.0,27.0,24.0,24.0,35.5377614208471,40.74992611252259,0.21942825155837514,0.2835862274481871,0.2570093457943925,0.24766355140186916,-0.03990532207154782,-0.059432106179611706,1.0,1.0,16.0,19.0,1.0,1.0,11.0,18.0
Female_With Forehead Wrinkles Angry 03,Female,With Forehead Wrinkles Angry,-9.0,9.0,9.0,9.0,-16.0,16.0,23.0,23.0,-16.0,16.0,22.0,22.0,-16.0,16.0,23.0,23.0,37.77791447633721,43.27951766970941,0.23126980049587856,0.3037385085475779,0.14485981308411214,0.2102803738317757,-0.03564631409734209,-0.04377260999144795,1.0,0.0,7.0,0.0,1.0,1.0,14.0,1.0
Female_With Forehead Wrinkles Angry 04,Female,With Forehead Wrinkles Angry,-9.0,9.0,10.0,10.0,-18.0,18.0,20.0,20.0,-18.0,18.0,20.0,20.0,-18.0,18.0,20.0,20.0,38.15186692621106,42.49485517662262,0.23444720740630248,0.29427285032851674,0.1822429906542056,0.1822429906542056,-0.03260982315116954,-0.04237334903712585,1.0,0.0,9.0,0.0,1.0,0.0,10.0,0.0
Female_With Forehead Wrinkles Angry 05,Female,With Forehead Wrinkles Angry,-12.0,12.0,11.0,11.0,-44.0,44.0,27.0,27.0,-32.0,32.0,27.0,27.0,-44.0,44.0,27.0,27.0,34.53853317955944,40.779472284227886,0.2113988561050914,0.28459354204552195,0.3878504672897196,0.24766355140186916,-0.050065033903745844,-0.06037111468961306,1.0,1.0,32.0,12.0,1.0,0.0,16.0,0.0
Female_ZMouth Open Horizontal,Female,ZMouth Open Horizontal,-10.0,10.0,11.0,11.0,-12.0,12.0,18.0,18.0,-11.0,11.0,13.0,13.0,-12.0,12.0,18.0,18.0,39.01654580374745,40.85126510735984,0.24790707314125845,0.27617852459444064,0.10747663551401869,0.14485981308411214,-0.048860429046309994,-0.0521999306489374,1.0,1.0,2.0,1.0,1.0,1.0,7.0,5.0
Female_ZMouth Open Horizontal And Vertical,Female,ZMouth Open Horizontal And Vertical,-10.0,10.0,11.0,11.0,-24.0,24.0,24.0,24.0,-23.0,23.0,23.0,23.0,-24.0,24.0,24.0,24.0,38.71659439300822,40.98085539363255,0.25407724291364725,0.2889933329876338,0.21962616822429906,0.21962616822429906,-0.07980206023866886,-0.08195196495992,1.0,1.0,14.0,1.0,1.0,1.0,13.0,1.0
Male_+10,Male,+10,-5.0,5.0,1.0,1.0,-16.0,16.0,16.0,16.0,-14.0,14.0,14.0,14.0,-16.0,16.0,16.0,16.0,45.55220545563743,44.22349677576083,0.3229069166651396,0.3027745747120581,0.14485981308411214,0.14485981308411214,-0.02311131831641509,-0.023096409356482675,1.0,1.0,11.0,2.0,1.0,1.0,15.0,2.0
Male_+20,Male,+20,-6.0,6.0,4.0,4.0,-17.0,17.0,19.0,19.0,-14.0,14.0,18.0,18.0,-17.0,17.0,19.0,19.0,45.55546090981671,44.43402785898369,0.32212601253919515,0.3062415072851092,0.1542056074766355,0.17289719626168223,-0.018102445752821238,-0.018505436794780124,1.0,1.0,11.0,3.0,1.0,1.0,15.0,1.0
Male_+20_ZMouth Open Horizontal And Vertical,Male,+20_ZMouth Open Horizontal And Vertical,-9.0,9.0,7.0,7.0,-40.0,40.0,40.0,40.0,-39.0,39.0,40.0,40.0,-40.0,40.0,40.0,40.0,41.81006957883033,43.13285811147957,0.29791845005249307,0.31073560113104703,0.3691588785046729,0.3691588785046729,-0.07291540809880907,-0.06031383991798508,1.0,1.0,31.0,1.0,1.0,0.0,33.0,0.0
Male_+30,Male,+30,-7.0,7.0,5.0,5.0,-30.0,30.0,33.0,33.0,-30.0,30.0,30.0,30.0,-30.0,30.0,33.0,33.0,43.54845463672531,42.84940463805867,0.30015984539673707,0.28955316877810755,0.29439252336448596,0.29439252336448596,-0.010382431829087088,-0.010187641203960526,1.0,0.0,23.0,0.0,1.0,1.0,28.0,3.0
Male_+40,Male,+40,-8.0,8.0,6.0,6.0,-15.0,15.0,17.0,17.0,-11.0,11.0,16.0,16.0,-15.0,15.0,17.0,17.0,42.06122365844584,41.407766119341986,0.2858808427770561,0.2765315620698661,0.14485981308411214,0.16355140186915887,-0.02314794174978666,-0.02031267998374511,1.0,1.0,7.0,4.0,1.0,1.0,11.0,1.0
Male_+50,Male,+50,-8.0,8.0,8.0,8.0,-70.0,70.0,72.0,72.0,-70.0,70.0,69.0,69.0,-70.0,70.0,72.0,72.0,42.954711020271354,41.99554432413289,0.30427207066633993,0.29364590054360507,0.6588785046728972,0.6869158878504673,0.006356986744381557,0.005992229436045495,1.0,0.0,62.0,0.0,1.0,1.0,64.0,3.0
Male_+50_ZMouth Open Horizontal And Vertical,Male,+50_ZMouth Open Horizontal And Vertical,-8.0,8.0,6.0,6.0,-41.0,41.0,49.0,49.0,-40.0,40.0,49.0,49.0,-41.0,41.0,49.0,49.0,43.158244578637806,43.30982420823285,0.3201019730523368,0.3202018353426568,0.3878504672897196,0.5467289719626168,-0.04677676527856666,-0.03547378956714523,1.0,1.0,33.0,1.0,1.0,0.0,43.0,0.0
Male_-10,Male,-10,-7.0,7.0,1.0,1.0,-18.0,18.0,53.0,53.0,-17.0,17.0,19.0,19.0,-18.0,18.0,53.0,53.0,45.19509262904943,45.14975510356582,0.3192793818834786,0.3146851781372712,0.1822429906542056,0.5654205607476636,-0.013046331494768089,-0.01832051087762708,1.0,1.0,11.0,1.0,1.0,1.0,52.0,34.0
Male_-10_ZMouth Open Horizontal And Vertical,Male,-10_ZMouth Open Horizontal And Vertical,-10.0,10.0,8.0,8.0,-22.0,22.0,18.0,18.0,-22.0,22.0,17.0,17.0,-22.0,22.0,18.0,18.0,42.58017258332154,46.28871812998691,0.29981584916605014,0.3467996761063549,0.20093457943925233,0.17289719626168223,-0.08368551160130545,-0.08284118994374141,1.0,0.0,12.0,0.0,1.0,1.0,10.0,1.0
Male_-20,Male,-20,-9.0,9.0,1.0,1.0,-27.0,27.0,35.0,35.0,-27.0,27.0,32.0,32.0,-27.0,27.0,35.0,35.0,45.233851138676435,46.09454766389366,0.3205860485540372,0.32640935661636783,0.2757009345794392,0.3130841121495327,-0.024043404053304795,-0.031503849497465326,1.0,0.0,18.0,0.0,1.0,1.0,34.0,3.0
Male_-20_ZMouth Open Horizontal And Vertical,Male,-20_ZMouth Open Horizontal And Vertical,-8.0,8.0,9.0,9.0,-62.0,62.0,55.0,55.0,-57.0,57.0,54.0,54.0,-62.0,62.0,55.0,55.0,41.92514775623785,44.922071987223404,0.2899350652070803,0.3296767267111306,0.5560747663551402,0.5093457943925234,-0.03122482539337372,-0.04275445124813329,1.0,1.0,54.0,5.0,1.0,1.0,46.0,1.0
Male_-30,Male,-30,-7.0,7.0,2.0,2.0,-7.0,7.0,11.0,11.0,-7.0,7.0,9.0,9.0,-7.0,7.0,11.0,11.0,47.59950781314173,47.898314039283825,0.34821004538892586,0.3498779485158831,0.06074766355140187,0.09813084112149532,-0.06894425059033331,-0.06892546064385743,0.0,0.0,0.0,0.0,1.0,1.0,9.0,2.0
Male_-40,Male,-40,-6.0,6.0,5.0,5.0,-16.0,16.0,17.0,17.0,-16.0,16.0,16.0,16.0,-16.0,16.0,17.0,17.0,45.34034217852298,45.940921863662865,0.3192143289842338,0.32525980918206904,0.14485981308411214,0.1542056074766355,-0.03471020128682395,-0.03542792922425493,1.0,0.0,10.0,0.0,1.0,1.0,12.0,1.0
Male_-50,Male,-50,-9.0,9.0,5.0,5.0,-76.0,76.0,67.0,67.0,-73.0,73.0,67.0,67.0,-76.0,76.0,67.0,67.0,39.99616689325493,40.303940407583646,0.2571713612458416,0.26022169467444733,0.7336448598130841,0.6214953271028038,0.0366030391131606,0.026232943356594193,1.0,1.0,67.0,3.0,1.0,0.0,62.0,0.0
Male_-60,Male,-60,-6.0,6.0,6.0,6.0,-18.0,18.0,25.0,25.0,-18.0,18.0,25.0,25.0,-18.0,18.0,25.0,25.0,41.1367059912637,40.17004438204186,0.26530070087620033,0.2552806960645123,0.5981308411214953,0.7663551401869159,0.00996966841064881,0.031494226689650635,1.0,0.0,12.0,0.0,1.0,0.0,19.0,0.0
Male_0,Male,0,-6.0,6.0,1.0,1.0,-15.0,15.0,17.0,17.0,-15.0,15.0,16.0,16.0,-15.0,15.0,17.0,17.0,45.00526307899261,44.109210495636844,0.3168121158519638,0.3008027107359093,0.13551401869158877,0.1542056074766355,-0.034804301562710346,-0.03065289793727554,1.0,0.0,9.0,0.0,1.0,1.0,16.0,1.0
Male_Angry 01,Male,Angry,-5.0,5.0,6.0,6.0,-10.0,10.0,37.0,37.0,0.0,0.0,0.0,0.0,-10.0,10.0,37.0,37.0,44.5671375800516,47.44972127843126,0.3081131557994914,0.34878233353668286,0.1542056074766355,0.5,-0.02997686428444408,-0.02109179234950342,1.0,1.0,5.0,10.0,1.0,1.0,31.0,37.0
Male_Angry 02,Male,Angry,-7.0,7.0,10.0,10.0,-31.0,31.0,28.0,28.0,-4.0,4.0,22.0,22.0,-31.0,31.0,28.0,28.0,40.1744560081268,45.046275031900855,0.2667340934276581,0.3283515455566834,0.5280373831775701,0.397196261682243,-0.04363589448349498,-0.04859658922547492,1.0,1.0,24.0,27.0,1.0,1.0,18.0,6.0
Male_Angry 03,Male,Angry,-6.0,6.0,6.0,6.0,-13.0,13.0,11.0,11.0,-12.0,12.0,10.0,10.0,-13.0,13.0,11.0,11.0,43.20076693775498,48.75582865242646,0.29077607727496424,0.3638654866508234,0.11682242990654206,0.09813084112149532,-0.02909111698097158,-0.038868145407917346,1.0,1.0,7.0,1.0,1.0,1.0,5.0,1.0
Male_Angry 04,Male,Angry,-6.0,6.0,7.0,7.0,-9.0,9.0,8.0,8.0,-9.0,9.0,7.0,7.0,-9.0,9.0,8.0,8.0,45.10012295981434,49.32394823626937,0.3161494843313627,0.37416491942985036,0.0794392523364486,0.07009345794392523,-0.04396376153018987,-0.044955466395226594,1.0,0.0,3.0,0.0,1.0,1.0,1.0,1.0
Male_Angry 05,Male,Angry,-6.0,6.0,4.0,4.0,-26.0,26.0,22.0,22.0,-24.0,24.0,20.0,20.0,-26.0,26.0,22.0,22.0,40.03100878278786,44.840067266303805,0.2626076466012224,0.32026657601383246,0.2757009345794392,0.19158878504672897,-0.059360376167520185,-0.05637616782544929,1.0,1.0,20.0,2.0,1.0,1.0,18.0,2.0
Male_Anguish,Male,Anguish,-6.0,6.0,6.0,6.0,-9.0,9.0,19.0,19.0,-9.0,9.0,19.0,19.0,-9.0,9.0,19.0,19.0,45.435975152755454,49.15041336612167,0.3192082041891936,0.37090172166022184,0.0794392523364486,0.17289719626168223,-0.04795717134653965,-0.03842823639094273,1.0,0.0,3.0,0.0,1.0,0.0,13.0,0.0
Male_Animosity Growl,Male,Animosity Growl,-7.0,7.0,1.0,1.0,-1.0,1.0,21.0,21.0,0.0,0.0,0.0,0.0,-1.0,1.0,21.0,21.0,39.38827957171146,39.696052649310815,0.2468079910657116,0.24617847883812735,0.4158878504672897,0.40654205607476634,-0.013632440678427152,-0.017234325130409168,0.0,1.0,-6.0,1.0,1.0,1.0,20.0,21.0
Male_Animosity Rebellious,Male,Animosity Rebellious,-7.0,7.0,3.0,3.0,-45.0,45.0,45.0,45.0,-45.0,45.0,45.0,45.0,-45.0,45.0,45.0,45.0,38.94423544518301,39.67478304711458,0.24776754953036798,0.2529187068760952,0.5934579439252337,0.5747663551401869,-0.0064936026791545835,-0.008834792074756088,1.0,0.0,38.0,0.0,1.0,0.0,42.0,0.0
Male_Bored 01,Male,Bored,-6.0,6.0,7.0,7.0,-11.0,11.0,9.0,9.0,-9.0,9.0,9.0,9.0,-11.0,11.0,9.0,9.0,45.1382075559313,48.702822801108674,0.3173305330989517,0.3664318259074309,0.09813084112149532,0.0794392523364486,-0.0461262160929564,-0.04393678722537567,1.0,1.0,5.0,2.0,1.0,0.0,2.0,0.0
Male_Bored 03,Male,Bored,-6.0,6.0,7.0,7.0,-7.0,7.0,7.0,7.0,-6.0,6.0,5.0,5.0,-7.0,7.0,7.0,7.0,44.76004631274214,46.26445397261147,0.3129946246882465,0.3399578962370614,0.06074766355140187,0.06074766355140187,-0.04869487951292056,-0.037762127329255935,1.0,1.0,1.0,1.0,0.0,1.0,0.0,2.0
Male_Bored 04,Male,Bored,-6.0,6.0,7.0,7.0,-11.0,11.0,22.0,22.0,-11.0,11.0,13.0,13.0,-11.0,11.0,22.0,22.0,45.993808512375736,48.863795066548285,0.3290283262172592,0.37402788695887984,0.09813084112149532,0.2102803738317757,-0.04607713877040649,-0.03695238305029468,1.0,0.0,5.0,0.0,1.0,1.0,15.0,9.0
Male_Bored 05,Male,Bored,-5.0,5.0,7.0,7.0,-6.0,6.0,13.0,13.0,-5.0,5.0,12.0,12.0,-6.0,6.0,13.0,13.0,46.84359820312429,49.11158682921222,0.34211641327242986,0.3758161622230138,0.0514018691588785,0.11682242990654206,-0.05223113159152949,-0.04333567772513238,1.0,1.0,1.0,1.0,1.0,1.0,6.0,1.0
Male_BreathTaking Over The Moon,Male,BreathTaking Over The Moon,-7.0,7.0,1.0,1.0,-5.0,5.0,5.0,5.0,0.0,0.0,0.0,0.0,-5.0,5.0,5.0,5.0,39.3855865514167,39.68177853343643,0.24677614241002876,0.2460318489052425,0.411214953271028,0.38317757009345793,-0.013696146902636947,-0.017176149047423747,0.0,1.0,-2.0,5.0,1.0,1.0,4.0,5.0
Male_Chewing,Male,Chewing,-7.0,7.0,9.0,9.0,-11.0,11.0,11.0,11.0,-9.0,9.0,11.0,11.0,-11.0,11.0,11.0,11.0,45.26549905482854,48.99404895194223,0.32193953523011964,0.3735964008580858,0.09813084112149532,0.09813084112149532,-0.05044702837400347,-0.04567749032350344,1.0,1.0,4.0,2.0,1.0,0.0,2.0,0.0
Male_Choking,Male,Choking,-7.0,7.0,5.0,5.0,-22.0,22.0,22.0,22.0,-22.0,22.0,22.0,22.0,-22.0,22.0,22.0,22.0,42.68760724379638,43.6163254051565,0.29567142067668595,0.3060277558375742,0.3037383177570093,0.2570093457943925,-0.05376939197009969,-0.06451000844206765,1.0,0.0,15.0,0.0,1.0,0.0,17.0,0.0
Male_Coughing,Male,Coughing,-7.0,7.0,6.0,6.0,-7.0,7.0,14.0,14.0,-6.0,6.0,8.0,8.0,-7.0,7.0,14.0,14.0,41.4898579945074,42.384722584875945,0.2776779758038922,0.28817494227507406,0.3130841121495327,0.3598130841121495,-0.03406487154626401,-0.04165258042723219,0.0,1.0,0.0,1.0,1.0,1.0,8.0,6.0
Male_Crazed,Male,Crazed,-7.0,7.0,2.0,2.0,-49.0,49.0,59.0,59.0,-49.0,49.0,58.0,58.0,-49.0,49.0,59.0,59.0,39.80467129644946,41.05593028915263,0.2539826280602785,0.266962087878557,0.49065420560747663,0.5654205607476636,-0.01821542928151995,-0.021336185040875016,1.0,0.0,42.0,0.0,1.0,1.0,57.0,1.0
Male_Crying,Male,Crying,-6.0,6.0,8.0,8.0,-10.0,10.0,9.0,9.0,-10.0,10.0,8.0,8.0,-10.0,10.0,9.0,9.0,45.36884334377039,48.87965034101611,0.321391590844805,0.3721463184490382,0.08878504672897196,0.0794392523364486,-0.052820990158018666,-0.044944337316762624,1.0,0.0,4.0,0.0,1.0,1.0,1.0,1.0
Male_Cute 01,Male,Cute,-5.0,5.0,7.0,7.0,-10.0,10.0,10.0,10.0,-8.0,8.0,9.0,9.0,-10.0,10.0,10.0,10.0,45.666590739633435,47.92041258500001,0.3253940594530551,0.3597215982241051,0.08878504672897196,0.08878504672897196,-0.05093414092732367,-0.04519176803459631,1.0,1.0,5.0,2.0,1.0,1.0,3.0,1.0
Male_Cute 02,Male,Cute,-6.0,6.0,7.0,7.0,-10.0,10.0,6.0,6.0,-3.0,3.0,5.0,5.0,-10.0,10.0,6.0,6.0,45.97017530860188,47.6337016898895,0.32871159855450427,0.3523486100624655,0.08878504672897196,0.0514018691588785,-0.04761881221120603,-0.039161137749101516,1.0,1.0,4.0,7.0,0.0,1.0,-1.0,1.0
Male_Cute 03,Male,Cute,-5.0,5.0,7.0,7.0,-13.0,13.0,25.0,25.0,-12.0,12.0,22.0,22.0,-13.0,13.0,25.0,25.0,45.25184117522195,46.9367244689264,0.32003521000113444,0.3436895840078871,0.11682242990654206,0.22897196261682243,-0.03338328909094088,-0.019658953647747217,1.0,1.0,8.0,1.0,1.0,1.0,18.0,3.0
Male_Cute 04,Male,Cute,-6.0,6.0,8.0,8.0,-10.0,10.0,12.0,12.0,-10.0,10.0,11.0,11.0,-10.0,10.0,12.0,12.0,45.56063353012655,47.95178512546504,0.32403469113545996,0.35898139905706744,0.08878504672897196,0.10747663551401869,-0.04652847266085794,-0.04671782979341311,1.0,0.0,4.0,0.0,1.0,1.0,4.0,1.0
Male_Cute 05,Male,Cute,-7.0,7.0,8.0,8.0,-11.0,11.0,7.0,7.0,-7.0,7.0,5.0,5.0,-11.0,11.0,7.0,7.0,46.069102619295926,48.246595284649146,0.33394805293216884,0.3661312324421428,0.09813084112149532,0.06074766355140187,-0.0551047749887003,-0.05063628203400942,1.0,1.0,4.0,4.0,0.0,1.0,-1.0,2.0
Male_Despise 01,Male,Despise,-5.0,5.0,5.0,5.0,-8.0,8.0,10.0,10.0,-5.0,5.0,10.0,10.0,-8.0,8.0,10.0,10.0,46.47725359301701,47.37418257633102,0.3332637813046714,0.3496050586767286,0.07009345794392523,0.08878504672897196,-0.04285035957799894,-0.031924747000230805,1.0,1.0,3.0,3.0,1.0,0.0,5.0,0.0
Male_Despise 02,Male,Despise,-5.0,5.0,5.0,5.0,-21.0,21.0,64.0,64.0,-21.0,21.0,30.0,30.0,-21.0,21.0,64.0,64.0,45.43932741379069,45.99070816396553,0.3206591118718976,0.3318879760314371,0.22897196261682243,0.5186915887850467,-0.027415358017538194,-0.0126832954794447,1.0,0.0,16.0,0.0,1.0,1.0,59.0,34.0
Male_Despise 03,Male,Despise,-5.0,5.0,8.0,8.0,-23.0,23.0,16.0,16.0,-23.0,23.0,11.0,11.0,-23.0,23.0,16.0,16.0,43.550326387458874,45.2018037421681,0.29704411091091476,0.32157133115786257,0.2383177570093458,0.14485981308411214,-0.027983168853777593,-0.03073268543894046,1.0,0.0,18.0,0.0,1.0,1.0,8.0,5.0
Male_Despise 04,Male,Despise,-7.0,7.0,6.0,6.0,-12.0,12.0,13.0,13.0,-11.0,11.0,13.0,13.0,-12.0,12.0,13.0,13.0,46.54724767274946,48.98259506492971,0.336698455231212,0.3717842909777276,0.10747663551401869,0.10747663551401869,-0.05235781820020943,-0.053426342172043347,1.0,1.0,5.0,1.0,1.0,0.0,7.0,0.0
Male_Despise 05,Male,Despise,-6.0,6.0,7.0,7.0,-6.0,6.0,6.0,6.0,-6.0,6.0,4.0,4.0,-6.0,6.0,6.0,6.0,45.179649074500965,46.912943639487864,0.3177398835944238,0.3466981799803048,0.0514018691588785,0.0514018691588785,-0.05222887134997644,-0.046176920288077024,0.0,0.0,0.0,0.0,0.0,1.0,-1.0,2.0
Male_Determined,Male,Determined,-6.0,6.0,1.0,1.0,-8.0,8.0,11.0,11.0,0.0,0.0,11.0,11.0,-8.0,8.0,11.0,11.0,45.1904797331195,44.11647878629025,0.31812369405666246,0.3017465082284446,0.056074766355140186,0.09345794392523364,-0.04795224811429175,-0.0420828457469138,1.0,1.0,2.0,8.0,1.0,0.0,10.0,0.0
Male_Distrust 01,Male,Distrust,-6.0,6.0,7.0,7.0,-17.0,17.0,11.0,11.0,-5.0,5.0,10.0,10.0,-17.0,17.0,11.0,11.0,45.94309475711573,46.7653954786675,0.3282213990933427,0.345938185665095,0.1542056074766355,0.14485981308411214,-0.047908319908881856,-0.03410454693241654,1.0,1.0,11.0,12.0,1.0,1.0,4.0,1.0
Male_Distrust 02,Male,Distrust,-7.0,7.0,8.0,8.0,-8.0,8.0,9.0,9.0,-6.0,6.0,8.0,8.0,-8.0,8.0,9.0,9.0,45.88337333625722,46.629527143228835,0.3287701868565283,0.3446085135513377,0.08878504672897196,0.0794392523364486,-0.051848739942657616,-0.044476502827394786,1.0,1.0,1.0,2.0,1.0,1.0,1.0,1.0
Male_Distrust 03,Male,Distrust,-5.0,5.0,6.0,6.0,-5.0,5.0,9.0,9.0,-4.0,4.0,8.0,8.0,-5.0,5.0,9.0,9.0,45.38970955955648,47.55799027024028,0.3212180675190186,0.3540474117916321,0.04205607476635514,0.0794392523364486,-0.04483514007563903,-0.03438208287007341,0.0,1.0,0.0,1.0,1.0,1.0,3.0,1.0
Male_Distrust 04,Male,Distrust,-7.0,7.0,7.0,7.0,-8.0,8.0,6.0,6.0,-6.0,6.0,4.0,4.0,-8.0,8.0,6.0,6.0,45.314150424761195,46.63936995568677,0.3202929000988185,0.34489331735628787,0.07009345794392523,0.0514018691588785,-0.05713215526019302,-0.04652557459390052,1.0,1.0,1.0,2.0,0.0,1.0,-1.0,2.0
Male_Distrust 05,Male,Distrust,-6.0,6.0,7.0,7.0,-10.0,10.0,16.0,16.0,-9.0,9.0,15.0,15.0,-10.0,10.0,16.0,16.0,45.5411478247598,47.67133435356283,0.3227152523593368,0.3564069223738162,0.0794392523364486,0.14485981308411214,-0.04588479820255921,-0.03696857601682717,1.0,1.0,4.0,1.0,1.0,1.0,9.0,1.0
Male_Empathy 01,Male,Empathy,-6.0,6.0,6.0,6.0,-8.0,8.0,6.0,6.0,-2.0,2.0,5.0,5.0,-8.0,8.0,6.0,6.0,46.154892268581925,48.50780686262612,0.33062776059747856,0.36566811187245024,0.07009345794392523,0.0514018691588785,-0.04635633096516689,-0.04090697158162839,1.0,1.0,2.0,6.0,0.0,1.0,0.0,1.0
Male_Empathy 02,Male,Empathy,-7.0,7.0,8.0,8.0,-10.0,10.0,11.0,11.0,-9.0,9.0,10.0,10.0,-10.0,10.0,11.0,11.0,45.08984442960436,47.192041125252985,0.31752699864244904,0.3473574597144795,0.08878504672897196,0.09813084112149532,-0.04936189587428191,-0.04396541764803022,1.0,1.0,3.0,1.0,1.0,1.0,3.0,1.0
Male_Empathy 03,Male,Empathy,-5.0,5.0,6.0,6.0,-10.0,10.0,14.0,14.0,-4.0,4.0,14.0,14.0,-10.0,10.0,14.0,14.0,44.91113522788075,48.19459512523402,0.31226585568668686,0.359228053382624,0.08878504672897196,0.1261682242990654,-0.03838583966281926,-0.033501214095365224,1.0,1.0,5.0,6.0,1.0,0.0,8.0,0.0
Male_Empathy 04,Male,Empathy,-8.0,8.0,9.0,9.0,-12.0,12.0,9.0,9.0,-10.0,10.0,5.0,5.0,-12.0,12.0,9.0,9.0,46.10741121523848,48.73043396539777,0.334407492497257,0.37449783226039923,0.10747663551401869,0.0794392523364486,-0.05567136824688065,-0.060186234590049105,1.0,1.0,4.0,2.0,0.0,1.0,0.0,4.0
Male_Empathy 05,Male,Empathy,-7.0,7.0,9.0,9.0,-8.0,8.0,15.0,15.0,-6.0,6.0,15.0,15.0,-8.0,8.0,15.0,15.0,45.73710042516762,48.622815054153726,0.32922556801377056,0.3703920103122141,0.07009345794392523,0.13551401869158877,-0.05733121513763321,-0.06326845121160846,1.0,1.0,1.0,2.0,1.0,0.0,6.0,0.0
Male_Expressions Anger 01,Male,Expressions Anger,-5.0,5.0,9.0,9.0,-15.0,15.0,18.0,18.0,-10.0,10.0,11.0,11.0,-15.0,15.0,18.0,18.0,45.36519774989547,46.052193806550214,0.3201068887643725,0.3380505450975115,0.11682242990654206,0.17289719626168223,-0.037718563436347746,-0.02583942708568038,1.0,1.0,10.0,5.0,1.0,1.0,9.0,7.0
Male_Expressions Anger 02,Male,Expressions Anger,-5.0,5.0,6.0,6.0,-33.0,33.0,13.0,13.0,-33.0,33.0,11.0,11.0,-33.0,33.0,13.0,13.0,43.077006986208055,46.477803183493215,0.2901854448229353,0.3385701026314887,0.35046728971962615,0.11682242990654206,-0.01706648819914488,-0.024164996693067462,1.0,0.0,28.0,0.0,1.0,1.0,7.0,2.0
Male_Expressions Anger 03,Male,Expressions Anger,-6.0,6.0,7.0,7.0,-8.0,8.0,9.0,9.0,-7.0,7.0,8.0,8.0,-8.0,8.0,9.0,9.0,44.350618750135474,46.979107613875485,0.3070894630155831,0.3458226537593057,0.07009345794392523,0.0794392523364486,-0.04391144898450263,-0.039617235972502524,1.0,1.0,2.0,1.0,1.0,1.0,2.0,1.0
Male_Expressions Anger 04,Male,Expressions Anger,-9.0,9.0,5.0,5.0,-22.0,22.0,12.0,12.0,-21.0,21.0,12.0,12.0,-22.0,22.0,12.0,12.0,40.25421777172623,47.49861453403936,0.26256075362178766,0.35319744036576456,0.20093457943925233,0.1261682242990654,-0.027533498044325925,-0.050033367125787466,1.0,1.0,13.0,1.0,1.0,0.0,7.0,0.0
Male_Expressions Anger 05,Male,Expressions Anger,-6.0,6.0,6.0,6.0,-18.0,18.0,30.0,30.0,-18.0,18.0,30.0,30.0,-18.0,18.0,30.0,30.0,44.79551657115188,46.78487201494591,0.3148578165847564,0.3435167352729869,0.16355140186915887,0.29439252336448596,-0.04199090070813616,-0.02846501391624736,1.0,0.0,12.0,0.0,1.0,0.0,24.0,0.0
Male_Expressions Confusion 01,Male,Expressions Confusion,-4.0,4.0,5.0,5.0,-29.0,29.0,11.0,11.0,-23.0,23.0,10.0,10.0,-29.0,29.0,11.0,11.0,43.421581673844955,49.58480492707725,0.29918139504495067,0.3757133542377258,0.3130841121495327,0.19158878504672897,-0.043137280183417774,-0.05566922052998409,1.0,1.0,25.0,6.0,1.0,1.0,6.0,1.0
Male_Expressions Confusion 02,Male,Expressions Confusion,-7.0,7.0,8.0,8.0,-17.0,17.0,14.0,14.0,-16.0,16.0,14.0,14.0,-17.0,17.0,14.0,14.0,45.60926944741579,47.450784999633505,0.3277671147729749,0.35669710591574694,0.1542056074766355,0.1261682242990654,-0.0535682861771539,-0.05213004907714986,1.0,1.0,10.0,1.0,1.0,0.0,6.0,0.0
Male_Expressions Confusion 03,Male,Expressions Confusion,-6.0,6.0,7.0,7.0,-9.0,9.0,7.0,7.0,-8.0,8.0,7.0,7.0,-9.0,9.0,7.0,7.0,46.40139702324555,49.43740067080917,0.33559869438688333,0.3788370311817276,0.0794392523364486,0.06074766355140187,-0.05686198467406157,-0.05663109327031073,1.0,1.0,3.0,1.0,0.0,0.0,0.0,0.0
Male_Expressions Confusion 04,Male,Expressions Confusion,-6.0,6.0,7.0,7.0,-9.0,9.0,18.0,18.0,-5.0,5.0,18.0,18.0,-9.0,9.0,18.0,18.0,47.172077272539944,46.52382559419792,0.34628020602966025,0.3446052333461904,0.07009345794392523,0.17289719626168223,-0.06427817408726594,-0.04092950102324798,1.0,1.0,3.0,4.0,1.0,0.0,11.0,0.0
Male_Expressions Confusion 05,Male,Expressions Confusion,-5.0,5.0,9.0,9.0,-18.0,18.0,11.0,11.0,-18.0,18.0,10.0,10.0,-18.0,18.0,11.0,11.0,46.016677277110446,48.07393124838856,0.3280107484799679,0.36192912308969233,0.16355140186915887,0.09813084112149532,-0.04738066965174452,-0.058318285463012265,1.0,0.0,13.0,0.0,1.0,1.0,2.0,1.0
Male_Expressions Contempt 01,Male,Expressions Contempt,-5.0,5.0,8.0,8.0,-21.0,21.0,10.0,10.0,-21.0,21.0,9.0,9.0,-21.0,21.0,10.0,10.0,43.75814271196027,48.056168814685854,0.3027434641512755,0.3614345953286251,0.19158878504672897,0.08878504672897196,-0.023998468557250834,-0.03953788171861773,1.0,0.0,16.0,0.0,1.0,1.0,2.0,1.0
Male_Expressions Contempt 02,Male,Expressions Contempt,-5.0,5.0,7.0,7.0,-9.0,9.0,19.0,19.0,-6.0,6.0,18.0,18.0,-9.0,9.0,19.0,19.0,46.15042503526278,46.82392838736561,0.3297014058193314,0.3479309416262903,0.0794392523364486,0.17289719626168223,-0.03621715390793631,-0.026434284225802556,1.0,1.0,4.0,3.0,1.0,1.0,12.0,1.0
Male_Expressions Contempt 03,Male,Expressions Contempt,-5.0,5.0,8.0,8.0,-21.0,21.0,10.0,10.0,-18.0,18.0,10.0,10.0,-21.0,21.0,10.0,10.0,45.22592602489151,47.880901849158455,0.31999058979693973,0.3589382594990953,0.17289719626168223,0.08878504672897196,-0.03912315552479753,-0.035029033634150136,1.0,1.0,16.0,3.0,1.0,0.0,2.0,0.0
Male_Expressions Contempt 04,Male,Expressions Contempt,-6.0,6.0,9.0,9.0,-9.0,9.0,7.0,7.0,-6.0,6.0,7.0,7.0,-9.0,9.0,7.0,7.0,46.53135854061519,47.389558591575266,0.3368821823708365,0.3549361836130374,0.07009345794392523,0.06074766355140187,-0.04457617947988421,-0.04071374878148052,1.0,1.0,3.0,3.0,0.0,0.0,-2.0,0.0
Male_Expressions Contempt 05,Male,Expressions Contempt,-6.0,6.0,7.0,7.0,-21.0,21.0,91.0,91.0,-21.0,21.0,83.0,83.0,-21.0,21.0,91.0,91.0,43.70983362197876,45.74423716892706,0.30088360955782023,0.32870232836108343,0.2102803738317757,0.8457943925233645,-0.019805374546585795,0.002420525406008569,1.0,0.0,15.0,0.0,1.0,1.0,84.0,8.0
Male_Expressions Desire 01,Male,Expressions Desire,-6.0,6.0,8.0,8.0,-9.0,9.0,9.0,9.0,-5.0,5.0,9.0,9.0,-9.0,9.0,9.0,9.0,45.81004225205038,49.843756221165165,0.328442683286756,0.387244398070273,0.06074766355140187,0.0794392523364486,-0.051731353886773655,-0.0554704460028176,1.0,1.0,3.0,4.0,1.0,0.0,1.0,0.0
Male_Expressions Desire 02,Male,Expressions Desire,-6.0,6.0,9.0,9.0,-13.0,13.0,23.0,23.0,-13.0,13.0,20.0,20.0,-13.0,13.0,23.0,23.0,45.75623165781253,47.590085965450676,0.32833831833901805,0.3568651297382105,0.11682242990654206,0.1822429906542056,-0.027482584675895833,-0.027865017407408384,1.0,0.0,7.0,0.0,1.0,1.0,14.0,3.0
Male_Expressions Desire 03,Male,Expressions Desire,-6.0,6.0,7.0,7.0,-13.0,13.0,12.0,12.0,-11.0,11.0,11.0,11.0,-13.0,13.0,12.0,12.0,45.29703148280349,46.25802641271431,0.32035764550494256,0.338189885716572,0.11682242990654206,0.10747663551401869,-0.024935011551758954,-0.02607547039183501,1.0,1.0,7.0,2.0,1.0,1.0,5.0,1.0
Male_Expressions Desire 04,Male,Expressions Desire,-4.0,4.0,4.0,4.0,-74.0,74.0,10.0,10.0,-62.0,62.0,10.0,10.0,-74.0,74.0,10.0,10.0,39.919262074978555,54.296418216740975,0.25772094420183483,0.4433202278391223,0.6495327102803738,0.10747663551401869,0.005148637935379955,-0.10943799598194728,1.0,1.0,70.0,12.0,1.0,0.0,6.0,0.0
Male_Expressions Desire 05,Male,Expressions Desire,-6.0,6.0,8.0,8.0,-34.0,34.0,13.0,13.0,-31.0,31.0,12.0,12.0,-34.0,34.0,13.0,13.0,43.655992806514845,47.99914762015655,0.3019216595409073,0.3592267365099114,0.3037383177570093,0.11682242990654206,-0.01292107511903638,-0.029915646414890466,1.0,1.0,28.0,3.0,1.0,1.0,5.0,1.0
Male_Expressions Disgust 01,Male,Expressions Disgust,-7.0,7.0,7.0,7.0,-14.0,14.0,14.0,14.0,-10.0,10.0,13.0,13.0,-14.0,14.0,14.0,14.0,45.516793972977965,47.75809331029375,0.32442017944059637,0.35647977568278805,0.11682242990654206,0.1261682242990654,-0.04148999135070872,-0.03128291541170851,1.0,1.0,7.0,4.0,1.0,1.0,7.0,1.0
Male_Expressions Disgust 02,Male,Expressions Disgust,-5.0,5.0,7.0,7.0,-18.0,18.0,13.0,13.0,-16.0,16.0,12.0,12.0,-18.0,18.0,13.0,13.0,45.20232201513843,47.57952115691711,0.3199134959238712,0.35582380205671366,0.1822429906542056,0.11682242990654206,-0.027291650805517893,-0.023705163013155214,1.0,1.0,13.0,2.0,1.0,1.0,6.0,1.0
Male_Expressions Disgust 03,Male,Expressions Disgust,-6.0,6.0,6.0,6.0,-8.0,8.0,7.0,7.0,-6.0,6.0,6.0,6.0,-8.0,8.0,7.0,7.0,46.51459629736214,48.49253507640874,0.3371879330305296,0.3675863597994653,0.07009345794392523,0.06074766355140187,-0.05468834351713412,-0.049048840024760954,1.0,1.0,2.0,2.0,1.0,1.0,1.0,1.0
Male_Expressions Disgust 04,Male,Expressions Disgust,-5.0,5.0,6.0,6.0,-69.0,69.0,74.0,74.0,-69.0,69.0,74.0,74.0,-69.0,69.0,74.0,74.0,36.610736214111895,38.88820898198636,0.2187962122609682,0.2435528090066999,0.6401869158878505,0.6869158878504673,0.05289677314669172,0.07913141857797855,1.0,0.0,64.0,0.0,1.0,0.0,68.0,0.0
Male_Expressions Disgust 05,Male,Expressions Disgust,-6.0,6.0,6.0,6.0,-14.0,14.0,13.0,13.0,-12.0,12.0,12.0,12.0,-14.0,14.0,13.0,13.0,46.05967923191106,48.59457169960592,0.3295411489834295,0.366087448931186,0.1261682242990654,0.11682242990654206,-0.03428992712609122,-0.025920950085203225,1.0,1.0,8.0,2.0,1.0,1.0,7.0,1.0
Male_Expressions Excitement 01,Male,Expressions Excitement,-6.0,6.0,5.0,5.0,-16.0,16.0,11.0,11.0,-12.0,12.0,10.0,10.0,-16.0,16.0,11.0,11.0,39.94048001833051,45.59615090628651,0.254799653436536,0.32588886072702494,0.1261682242990654,0.09813084112149532,-0.02782795445941319,-0.03905723766188755,1.0,1.0,10.0,4.0,1.0,1.0,6.0,1.0
Male_Expressions Excitement 02,Male,Expressions Excitement,-5.0,5.0,6.0,6.0,-18.0,18.0,15.0,15.0,-18.0,18.0,13.0,13.0,-18.0,18.0,15.0,15.0,42.448845767529214,45.523975390140144,0.2835073646540954,0.3274777303232211,0.16355140186915887,0.1261682242990654,-0.030648585513373402,-0.04332619459829598,1.0,0.0,13.0,0.0,1.0,1.0,9.0,2.0
Male_Expressions Excitement 03,Male,Expressions Excitement,-5.0,5.0,6.0,6.0,-12.0,12.0,13.0,13.0,-12.0,12.0,7.0,7.0,-12.0,12.0,13.0,13.0,44.761447193466616,46.8414317157781,0.31358518973689214,0.34520926291697496,0.10747663551401869,0.11682242990654206,-0.03165938391863743,-0.028900354822105335,1.0,0.0,7.0,0.0,1.0,1.0,7.0,6.0
Male_Expressions Excitement 04,Male,Expressions Excitement,-5.0,5.0,7.0,7.0,-12.0,12.0,9.0,9.0,-7.0,7.0,8.0,8.0,-12.0,12.0,9.0,9.0,44.98329529806832,46.496596031099834,0.3168090208668575,0.3390413681480372,0.10747663551401869,0.0794392523364486,-0.023379218076991143,-0.0159176979388032,1.0,1.0,7.0,5.0,1.0,1.0,2.0,1.0
Male_Expressions Excitement 05,Male,Expressions Excitement,-7.0,7.0,8.0,8.0,-12.0,12.0,18.0,18.0,-12.0,12.0,17.0,17.0,-12.0,12.0,18.0,18.0,44.82081423073171,46.42447206684362,0.3152883582026045,0.33934362302316684,0.10747663551401869,0.16355140186915887,-0.03222096829770881,-0.036183352225294736,1.0,0.0,5.0,0.0,1.0,1.0,10.0,1.0
Male_Expressions Fear 01,Male,Expressions Fear,-7.0,7.0,7.0,7.0,-15.0,15.0,9.0,9.0,-13.0,13.0,9.0,9.0,-15.0,15.0,9.0,9.0,44.987710264241585,48.04563398450335,0.3172184850010916,0.360633677968355,0.13551401869158877,0.0794392523364486,-0.03696391237116305,-0.05561990269990725,1.0,1.0,8.0,2.0,1.0,0.0,2.0,0.0
Male_Expressions Fear 02,Male,Expressions Fear,-5.0,5.0,6.0,6.0,-14.0,14.0,20.0,20.0,-14.0,14.0,15.0,15.0,-14.0,14.0,20.0,20.0,41.632730840522555,46.78383915000987,0.27651914954185486,0.3426339849133358,0.26635514018691586,0.1542056074766355,-0.03165900693318554,-0.043457330944382144,1.0,0.0,9.0,0.0,1.0,1.0,14.0,5.0
Male_Expressions Fear 03,Male,Expressions Fear,-7.0,7.0,7.0,7.0,-10.0,10.0,9.0,9.0,-9.0,9.0,9.0,9.0,-10.0,10.0,9.0,9.0,46.7965658312646,49.424157463501544,0.34309088069701865,0.3817214587024439,0.08878504672897196,0.0794392523364486,-0.060966589322714045,-0.0671761906314119,1.0,1.0,3.0,1.0,1.0,0.0,2.0,0.0
Male_Expressions Fear 04,Male,Expressions Fear,-7.0,7.0,7.0,7.0,-8.0,8.0,8.0,8.0,-7.0,7.0,6.0,6.0,-8.0,8.0,8.0,8.0,44.374311616487596,47.743870717342766,0.3093276828805977,0.35829646676500265,0.07009345794392523,0.07009345794392523,-0.04290844708959633,-0.059921049486810915,1.0,1.0,1.0,1.0,1.0,1.0,1.0,2.0
Male_Expressions Fear 05,Male,Expressions Fear,-6.0,6.0,7.0,7.0,-16.0,16.0,13.0,13.0,-13.0,13.0,11.0,11.0,-16.0,16.0,13.0,13.0,46.18874853793706,47.42640515131371,0.3327625530345418,0.3553336730627256,0.14485981308411214,0.11682242990654206,-0.037670505241812945,-0.03555964755120678,1.0,1.0,10.0,3.0,1.0,1.0,6.0,2.0
Male_Expressions Happiness 01,Male,Expressions Happiness,-5.0,5.0,8.0,8.0,-18.0,18.0,10.0,10.0,-18.0,18.0,9.0,9.0,-18.0,18.0,10.0,10.0,45.04419155209978,46.074275404493385,0.31907429817681,0.33509086058518595,0.16355140186915887,0.08878504672897196,-0.0265926459682322,-0.022395053478044883,1.0,0.0,13.0,0.0,1.0,1.0,2.0,1.0
Male_Expressions Happiness 02,Male,Expressions Happiness,-6.0,6.0,7.0,7.0,-23.0,23.0,16.0,16.0,-21.0,21.0,13.0,13.0,-23.0,23.0,16.0,16.0,43.798009547117715,47.381312771378276,0.30519487701843834,0.34957672808771934,0.2102803738317757,0.14485981308411214,-0.02822555643375789,-0.017613471807720504,1.0,1.0,17.0,2.0,1.0,1.0,9.0,3.0
Male_Expressions Happiness 03,Male,Expressions Happiness,-6.0,6.0,8.0,8.0,-39.0,39.0,16.0,16.0,-37.0,37.0,16.0,16.0,-39.0,39.0,16.0,16.0,40.68842813901812,44.63881612938141,0.26161884370251237,0.31436272647893315,0.35046728971962615,0.13551401869158877,-0.01202939353256582,-0.021522556509927054,1.0,1.0,33.0,2.0,1.0,0.0,8.0,0.0
Male_Expressions Happiness 04,Male,Expressions Happiness,-6.0,6.0,9.0,9.0,-14.0,14.0,16.0,16.0,-14.0,14.0,14.0,14.0,-14.0,14.0,16.0,16.0,44.39336003098533,44.23852926325575,0.3099669257057047,0.3155670483535695,0.1261682242990654,0.13551401869158877,-0.037855527250566214,-0.027778770600523903,1.0,0.0,8.0,0.0,1.0,1.0,7.0,2.0
Male_Expressions Happiness 05,Male,Expressions Happiness,-6.0,6.0,8.0,8.0,-29.0,29.0,51.0,51.0,-27.0,27.0,48.0,48.0,-29.0,29.0,51.0,51.0,43.84141365389958,45.01588823639344,0.301893613048803,0.3214329921196554,0.26635514018691586,0.6588785046728972,-0.023613120629408648,-0.0030083681378409127,1.0,1.0,23.0,2.0,1.0,1.0,43.0,3.0
Male_Expressions Sadness 01,Male,Expressions Sadness,-6.0,6.0,10.0,10.0,-15.0,15.0,13.0,13.0,-15.0,15.0,11.0,11.0,-15.0,15.0,13.0,13.0,46.13102775645033,48.27548297543392,0.33329311709537685,0.36805295220045287,0.13551401869158877,0.11682242990654206,-0.06040481874875933,-0.05444931524379231,1.0,0.0,9.0,0.0,1.0,1.0,3.0,2.0
Male_Expressions Sadness 02,Male,Expressions Sadness,-6.0,6.0,6.0,6.0,-16.0,16.0,16.0,16.0,-16.0,16.0,10.0,10.0,-16.0,16.0,16.0,16.0,45.7845148193502,49.01059988503144,0.32808301131301953,0.37453006528248295,0.1822429906542056,0.1261682242990654,-0.027833535570964636,-0.04448165180527161,1.0,0.0,10.0,0.0,1.0,1.0,10.0,6.0
Male_Expressions Sadness 03,Male,Expressions Sadness,-5.0,5.0,7.0,7.0,-15.0,15.0,11.0,11.0,-12.0,12.0,7.0,7.0,-15.0,15.0,11.0,11.0,46.77252994519528,49.14316575772295,0.3403075239925741,0.3771152819428488,0.1261682242990654,0.08878504672897196,-0.05527982505682473,-0.04994215099053962,1.0,1.0,10.0,3.0,1.0,1.0,4.0,4.0
Male_Expressions Sadness 04,Male,Expressions Sadness,-6.0,6.0,8.0,8.0,-8.0,8.0,10.0,10.0,-7.0,7.0,9.0,9.0,-8.0,8.0,10.0,10.0,46.86375460446438,49.28127453705975,0.34083844150338216,0.3794413857927946,0.07009345794392523,0.08878504672897196,-0.06694443301062718,-0.06714155768679682,1.0,1.0,2.0,1.0,1.0,1.0,2.0,1.0
Male_Expressions Sadness 05,Male,Expressions Sadness,-6.0,6.0,8.0,8.0,-20.0,20.0,13.0,13.0,-18.0,18.0,13.0,13.0,-20.0,20.0,13.0,13.0,46.2649508324739,49.80946916508898,0.33372103722296026,0.3853337483428349,0.17289719626168223,0.11682242990654206,-0.04269322585836749,-0.055062631441053944,1.0,1.0,14.0,2.0,1.0,0.0,5.0,0.0
Male_Expressions Surprise 01,Male,Expressions Surprise,-8.0,8.0,7.0,7.0,-31.0,31.0,23.0,23.0,-22.0,22.0,22.0,22.0,-31.0,31.0,23.0,23.0,41.8295461886397,45.572455836233694,0.2845297542130836,0.3316567657149841,0.24766355140186916,0.2102803738317757,-0.04292436779659485,-0.04886699753386952,1.0,1.0,23.0,9.0,1.0,1.0,16.0,1.0
Male_Expressions Surprise 02,Male,Expressions Surprise,-5.0,5.0,7.0,7.0,-20.0,20.0,14.0,14.0,-14.0,14.0,13.0,13.0,-20.0,20.0,14.0,14.0,45.16295068954753,48.25955256569051,0.32002078261330863,0.3649106688588579,0.1542056074766355,0.1261682242990654,-0.03666492753496794,-0.05294143276236882,1.0,1.0,15.0,6.0,1.0,1.0,7.0,1.0
Male_Expressions Surprise 03,Male,Expressions Surprise,-7.0,7.0,9.0,9.0,-10.0,10.0,15.0,15.0,-10.0,10.0,13.0,13.0,-10.0,10.0,15.0,15.0,44.6213611241813,47.3302355013161,0.31123895121512013,0.3526276620191948,0.08878504672897196,0.13551401869158877,-0.04832078920346554,-0.05441125558915539,1.0,0.0,3.0,0.0,1.0,1.0,6.0,2.0
Male_Expressions Surprise 04,Male,Expressions Surprise,-8.0,8.0,10.0,10.0,-17.0,17.0,23.0,23.0,-15.0,15.0,17.0,17.0,-17.0,17.0,23.0,23.0,44.26803581068449,46.945368118375264,0.31138341866921043,0.3547720329783787,0.1542056074766355,0.2102803738317757,-0.035560885322428196,-0.040696768003089405,1.0,1.0,9.0,2.0,1.0,1.0,13.0,6.0
Male_Expressions Surprise 05,Male,Expressions Surprise,-5.0,5.0,9.0,9.0,-56.0,56.0,29.0,29.0,-55.0,55.0,29.0,29.0,-56.0,56.0,29.0,29.0,42.464564278861076,46.10904669093195,0.28295741209359926,0.3331013344158636,0.5093457943925234,0.26635514018691586,-0.012062038634425011,-0.024405914628617117,1.0,1.0,51.0,1.0,1.0,0.0,20.0,0.0
Male_Eyeglasses 1,Male,Eyeglasses,-4.0,4.0,1.0,1.0,-99.0,99.0,101.0,101.0,-88.0,88.0,101.0,101.0,-99.0,99.0,101.0,101.0,46.34498437988424,46.87591219394007,0.3293721478119075,0.3334103170956407,0.8738317757009346,0.9065420560747663,0.045197089420300776,0.048025047110619945,1.0,1.0,95.0,11.0,1.0,0.0,100.0,0.0
Male_Fear 01,Male,Fear,-8.0,8.0,8.0,8.0,-22.0,22.0,20.0,20.0,-18.0,18.0,20.0,20.0,-22.0,22.0,20.0,20.0,42.55919094174822,47.31150626244946,0.2948171986597721,0.3554804804169129,0.2850467289719626,0.2102803738317757,-0.05339656742376702,-0.06634301671357913,1.0,1.0,14.0,4.0,1.0,0.0,12.0,0.0
Male_Fear 02,Male,Fear,-6.0,6.0,7.0,7.0,-16.0,16.0,19.0,19.0,-15.0,15.0,17.0,17.0,-16.0,16.0,19.0,19.0,44.632364181714635,46.402956104724204,0.312633006093658,0.3425676875582365,0.14485981308411214,0.1542056074766355,-0.04637309964572158,-0.03667455772373164,1.0,1.0,10.0,1.0,1.0,1.0,12.0,2.0
Male_Fear 03,Male,Fear,-6.0,6.0,6.0,6.0,-20.0,20.0,17.0,17.0,-19.0,19.0,17.0,17.0,-20.0,20.0,17.0,17.0,44.04458494721172,46.60431937636616,0.3059247077625489,0.3423866406779423,0.26635514018691586,0.17289719626168223,-0.027656093657573808,-0.03257511472590616,1.0,1.0,14.0,1.0,1.0,0.0,11.0,0.0
Male_Fear 04,Male,Fear,-7.0,7.0,9.0,9.0,-21.0,21.0,10.0,10.0,-15.0,15.0,5.0,5.0,-21.0,21.0,10.0,10.0,44.796667052206594,46.43550600069705,0.31640574531020405,0.3427874323363616,0.17289719626168223,0.08878504672897196,-0.04933978937496649,-0.04309444561182896,1.0,1.0,14.0,6.0,1.0,1.0,1.0,5.0
Male_Fear 05,Male,Fear,-8.0,8.0,10.0,10.0,-27.0,27.0,26.0,26.0,-16.0,16.0,24.0,24.0,-27.0,27.0,26.0,26.0,41.04659323380372,43.52592957131216,0.27740162416039227,0.30896911359278956,0.22897196261682243,0.2383177570093458,-0.05520728035507915,-0.04847000469671232,1.0,1.0,19.0,11.0,1.0,1.0,16.0,2.0
Male_Fierce Cutthroat,Male,Fierce Cutthroat,-9.0,9.0,2.0,2.0,-32.0,32.0,8.0,8.0,-6.0,6.0,7.0,7.0,-32.0,32.0,8.0,8.0,41.43800774690147,41.83031511752405,0.2779400772023424,0.2819437122790613,0.2757009345794392,0.22897196261682243,-0.04617546387364931,-0.04718149808522697,1.0,1.0,23.0,26.0,1.0,1.0,6.0,1.0
Male_Fierce Fiery,Male,Fierce Fiery,-5.0,5.0,1.0,1.0,-19.0,19.0,15.0,15.0,-19.0,19.0,14.0,14.0,-19.0,19.0,15.0,15.0,44.05771148093393,43.664438408111856,0.30147192104954584,0.2938527999637283,0.24299065420560748,0.411214953271028,-0.029976377559599476,-0.022079847265626784,1.0,0.0,14.0,0.0,1.0,1.0,14.0,1.0
Male_Fierce Savage,Male,Fierce Savage,-6.0,6.0,1.0,1.0,0.0,0.0,24.0,24.0,0.0,0.0,23.0,23.0,0.0,0.0,24.0,24.0,45.27829365195515,44.32373756337389,0.3188593927944932,0.30306521503724787,0.04672897196261682,0.21495327102803738,-0.04045212101713519,-0.02711098857015093,0.0,0.0,-6.0,0.0,1.0,1.0,23.0,1.0
Male_Happy 01,Male,Happy,-6.0,6.0,7.0,7.0,-53.0,53.0,17.0,17.0,-52.0,52.0,13.0,13.0,-53.0,53.0,17.0,17.0,41.9389685648624,46.76099135496906,0.27732038999272285,0.34209631926545475,0.4719626168224299,0.17289719626168223,-0.011820256152999736,-0.021271222941229278,1.0,1.0,47.0,1.0,1.0,1.0,10.0,4.0
Male_Happy 02,Male,Happy,-5.0,5.0,6.0,6.0,-12.0,12.0,6.0,6.0,-8.0,8.0,6.0,6.0,-12.0,12.0,6.0,6.0,46.3689227906343,49.63827041376417,0.3336692786662378,0.3797950772481544,0.10747663551401869,0.0514018691588785,-0.04710821361742287,-0.0448501150463229,1.0,1.0,7.0,4.0,0.0,0.0,0.0,0.0
Male_Happy 03,Male,Happy,-5.0,5.0,6.0,6.0,-14.0,14.0,16.0,16.0,-5.0,5.0,14.0,14.0,-14.0,14.0,16.0,16.0,45.64285438751506,47.14269350845123,0.3241293525027337,0.34699705103847467,0.1261682242990654,0.14485981308411214,-0.039449206300985036,-0.027287044257761163,1.0,1.0,9.0,9.0,1.0,1.0,10.0,2.0
Male_Happy 04,Male,Happy,-6.0,6.0,7.0,7.0,-13.0,13.0,9.0,9.0,-9.0,9.0,8.0,8.0,-13.0,13.0,9.0,9.0,45.8519103705326,48.694677274917886,0.32650192764317876,0.3677685990511814,0.11682242990654206,0.0794392523364486,-0.03730519867946054,-0.035852496033517,1.0,1.0,7.0,4.0,1.0,1.0,2.0,1.0
Male_Happy 05,Male,Happy,-8.0,8.0,9.0,9.0,-21.0,21.0,24.0,24.0,-21.0,21.0,21.0,21.0,-21.0,21.0,24.0,24.0,45.996019813501945,47.690387482955074,0.3313423679253765,0.35729178619161944,0.2102803738317757,0.24766355140186916,-0.02594051934848322,-0.01912553928722845,1.0,0.0,13.0,0.0,1.0,1.0,15.0,3.0
Male_Happy Elated,Male,Happy Elated,-6.0,6.0,1.0,1.0,-18.0,18.0,53.0,53.0,-18.0,18.0,52.0,52.0,-18.0,18.0,53.0,53.0,43.60696861677081,42.6356892897704,0.29751350528725956,0.28151017316033905,0.3411214953271028,0.6214953271028038,-0.011760398327747237,-0.00711893756812978,1.0,0.0,12.0,0.0,1.0,1.0,52.0,1.0
Male_Happy Perky,Male,Happy Perky,-6.0,6.0,1.0,1.0,-27.0,27.0,23.0,23.0,-18.0,18.0,11.0,11.0,-27.0,27.0,23.0,23.0,42.277318477630615,42.523189107948376,0.28163005035614297,0.28079567529330746,0.2803738317757009,0.308411214953271,-0.019270608079767673,-0.01997781844339638,1.0,1.0,21.0,9.0,1.0,1.0,22.0,12.0
Male_Happy So Peaceful,Male,Happy So Peaceful,-7.0,7.0,3.0,3.0,-63.0,63.0,66.0,66.0,-58.0,58.0,66.0,66.0,-63.0,63.0,66.0,66.0,44.74422181209671,43.734329553408045,0.3157939924814991,0.30027264746550086,0.5467289719626168,0.602803738317757,-0.011500653819503071,-0.007219674431274984,1.0,1.0,56.0,5.0,1.0,0.0,63.0,0.0
Male_Humiliated,Male,Humiliated,-8.0,8.0,8.0,8.0,-21.0,21.0,16.0,16.0,-12.0,12.0,14.0,14.0,-21.0,21.0,16.0,16.0,44.19073680628126,49.64020090905306,0.3137861582163338,0.38180769659648434,0.1822429906542056,0.14485981308411214,-0.057183377096586135,-0.06749816224953839,1.0,1.0,13.0,9.0,1.0,1.0,8.0,2.0
Male_Insanity Deranged,Male,Insanity Deranged,-6.0,6.0,1.0,1.0,-16.0,16.0,41.0,41.0,-16.0,16.0,33.0,33.0,-16.0,16.0,41.0,41.0,42.59273207744705,43.66524277446426,0.28621199922026874,0.295717598121857,0.2570093457943925,0.397196261682243,-0.01847323343575558,-0.015668601633232332,1.0,0.0,10.0,0.0,1.0,1.0,40.0,8.0
Male_Insanity Go Cucko,Male,Insanity Go Cucko,-4.0,4.0,1.0,1.0,-30.0,30.0,18.0,18.0,-23.0,23.0,17.0,17.0,-30.0,30.0,18.0,18.0,43.62405232402766,46.81472819319395,0.295498815652366,0.3372019991696438,0.2570093457943925,0.21962616822429906,-0.03486088363923759,-0.02610062591940443,1.0,1.0,26.0,7.0,1.0,1.0,17.0,1.0
Male_Insanity Going Crazy,Male,Insanity Going Crazy,-10.0,10.0,5.0,5.0,-37.0,37.0,39.0,39.0,-36.0,36.0,39.0,39.0,-37.0,37.0,39.0,39.0,38.68562943021828,39.297969755725326,0.25000653144355134,0.25483852513482635,0.3130841121495327,0.3598130841121495,-0.040458418220003074,-0.0372004052188909,1.0,1.0,27.0,1.0,1.0,0.0,34.0,0.0
Male_Insanity Hostile,Male,Insanity Hostile,-7.0,7.0,3.0,3.0,-26.0,26.0,38.0,38.0,-25.0,25.0,34.0,34.0,-26.0,26.0,38.0,38.0,37.55673378650273,38.557752725119904,0.2269614065918967,0.23583574272761834,0.2383177570093458,0.3691588785046729,-0.014429858911817318,-0.015367290823259086,1.0,1.0,19.0,1.0,1.0,1.0,35.0,4.0
Male_Insanity Lunatic,Male,Insanity Lunatic,-6.0,6.0,1.0,1.0,-9.0,9.0,41.0,41.0,-6.0,6.0,36.0,36.0,-9.0,9.0,41.0,41.0,43.86218715828156,43.214260217185334,0.30145553534276015,0.29028717407556337,0.08411214953271028,0.35514018691588783,-0.03221876334364169,-0.022913719727614214,1.0,1.0,3.0,3.0,1.0,1.0,40.0,5.0
Male_Joy 01,Male,Joy,-5.0,5.0,6.0,6.0,-12.0,12.0,12.0,12.0,-11.0,11.0,10.0,10.0,-12.0,12.0,12.0,12.0,44.11688670042519,47.677371109757466,0.3025733143369728,0.35276236963049273,0.10747663551401869,0.10747663551401869,-0.0293971190107203,-0.028211350613665358,1.0,1.0,7.0,1.0,1.0,1.0,6.0,2.0
Male_Joy 02,Male,Joy,-4.0,4.0,6.0,6.0,-32.0,32.0,21.0,21.0,-21.0,21.0,20.0,20.0,-32.0,32.0,21.0,21.0,41.94403090432426,45.18103984137562,0.2763079081740335,0.3201715918344872,0.2850467289719626,0.5,-0.014303405429715308,-0.00884442198499341,1.0,1.0,28.0,11.0,1.0,1.0,15.0,1.0
Male_Joy 03,Male,Joy,-10.0,10.0,10.0,10.0,-86.0,86.0,48.0,48.0,-86.0,86.0,46.0,46.0,-86.0,86.0,48.0,48.0,42.471769860971754,46.91981094128618,0.28869260917200107,0.34923202467856007,0.7990654205607477,0.5560747663551402,0.0008642550940825561,-0.007995639309704861,1.0,0.0,76.0,0.0,1.0,1.0,38.0,2.0
Male_Joy 04,Male,Joy,-7.0,7.0,9.0,9.0,-13.0,13.0,14.0,14.0,-12.0,12.0,14.0,14.0,-13.0,13.0,14.0,14.0,43.0563058764021,45.43261532248738,0.2909475381129256,0.32583459348322075,0.11682242990654206,0.1261682242990654,-0.02386782144274667,-0.021513947538126296,1.0,1.0,6.0,1.0,1.0,0.0,5.0,0.0
Male_Joy 05,Male,Joy,-8.0,8.0,10.0,10.0,-31.0,31.0,15.0,15.0,-21.0,21.0,14.0,14.0,-31.0,31.0,15.0,15.0,38.290944598545536,44.057313377612104,0.23792159752310993,0.3097114961281001,0.37850467289719625,0.11682242990654206,-0.010100491832349902,-0.01690233951417085,1.0,1.0,23.0,10.0,1.0,1.0,5.0,1.0
Male_Judgemental 01,Male,Judgemental,-9.0,9.0,10.0,10.0,-11.0,11.0,20.0,20.0,-11.0,11.0,17.0,17.0,-11.0,11.0,20.0,20.0,42.94917842383697,47.60418861380247,0.2976576284827473,0.35988850515579507,0.09813084112149532,0.19158878504672897,-0.05510382159291027,-0.060436560450313245,1.0,0.0,2.0,0.0,1.0,1.0,10.0,3.0
Male_Judgemental 02,Male,Judgemental,-7.0,7.0,7.0,7.0,-18.0,18.0,7.0,7.0,-16.0,16.0,5.0,5.0,-18.0,18.0,7.0,7.0,45.24198514501625,47.48038653569801,0.3211311795444132,0.35521085100753286,0.16355140186915887,0.06074766355140187,-0.05003738152646573,-0.04515581626758397,1.0,1.0,11.0,2.0,0.0,1.0,0.0,2.0
Male_Judgemental 03,Male,Judgemental,-7.0,7.0,8.0,8.0,-16.0,16.0,20.0,20.0,-16.0,16.0,19.0,19.0,-16.0,16.0,20.0,20.0,44.75519614130537,45.76857549007808,0.31401051316305856,0.33404754311124857,0.14485981308411214,0.21962616822429906,-0.05094317701932426,-0.03639213044509709,1.0,0.0,9.0,0.0,1.0,1.0,12.0,1.0
Male_Judgemental 04,Male,Judgemental,-6.0,6.0,7.0,7.0,-10.0,10.0,17.0,17.0,-9.0,9.0,14.0,14.0,-10.0,10.0,17.0,17.0,46.8195059299469,49.310419817951235,0.34172506950726017,0.3791038505384855,0.08878504672897196,0.1542056074766355,-0.04778226792255295,-0.04437150088983161,1.0,1.0,4.0,1.0,1.0,1.0,10.0,3.0
Male_Judgemental 05,Male,Judgemental,-8.0,8.0,10.0,10.0,-16.0,16.0,27.0,27.0,-8.0,8.0,27.0,27.0,-16.0,16.0,27.0,27.0,44.14129217985634,47.93420593315196,0.30979953023874873,0.36129448124181446,0.11682242990654206,0.2757009345794392,-0.051274638448920204,-0.05279677967044795,1.0,1.0,8.0,8.0,1.0,0.0,17.0,0.0
Male_Nervous,Male,Nervous,-6.0,6.0,8.0,8.0,-15.0,15.0,12.0,12.0,-13.0,13.0,12.0,12.0,-15.0,15.0,12.0,12.0,44.047419817648205,46.83929851344813,0.3019617244461987,0.3421293455306615,0.13551401869158877,0.10747663551401869,-0.03740917271542772,-0.03169632877144858,1.0,1.0,9.0,2.0,1.0,0.0,4.0,0.0
Male_Pain 01,Male,Pain,-7.0,7.0,6.0,6.0,-16.0,16.0,22.0,22.0,-16.0,16.0,22.0,22.0,-16.0,16.0,22.0,22.0,44.30890274939136,47.01586524348393,0.30982718790803,0.34607992940974014,0.16355140186915887,0.20093457943925233,-0.046242784395396155,-0.04751176421887407,1.0,0.0,9.0,0.0,1.0,0.0,16.0,0.0
Male_Pain 02,Male,Pain,-2.0,2.0,3.0,3.0,-45.0,45.0,43.0,43.0,-45.0,45.0,29.0,29.0,-45.0,45.0,43.0,43.0,44.716801349247724,47.26594163769874,0.3085661783953693,0.34600106689417476,0.49065420560747663,0.37850467289719625,-0.008983497029152986,-0.013003840903255426,1.0,0.0,43.0,0.0,1.0,1.0,40.0,14.0
Male_Pain 03,Male,Pain,-7.0,7.0,7.0,7.0,-14.0,14.0,13.0,13.0,-12.0,12.0,13.0,13.0,-14.0,14.0,13.0,13.0,45.2595074711559,48.829053357382804,0.32218000933388685,0.3725302032778196,0.1261682242990654,0.11682242990654206,-0.07095495841213476,-0.07252459478712528,1.0,1.0,7.0,2.0,1.0,0.0,6.0,0.0
Male_Pain 04,Male,Pain,-7.0,7.0,7.0,7.0,-40.0,40.0,33.0,33.0,-40.0,40.0,32.0,32.0,-40.0,40.0,33.0,33.0,40.68359737752754,44.45404262631853,0.26651503744526445,0.3138670754209857,0.3691588785046729,0.29439252336448596,-0.03919411694335046,-0.039468374486281495,1.0,0.0,33.0,0.0,1.0,1.0,26.0,1.0
Male_Pain 05,Male,Pain,-7.0,7.0,10.0,10.0,-20.0,20.0,20.0,20.0,-20.0,20.0,20.0,20.0,-20.0,20.0,20.0,20.0,44.51255875881587,45.49299979878363,0.31075810327708164,0.3272882401943207,0.3037383177570093,0.4439252336448598,-0.0118562891104511,-0.006506748845644087,1.0,0.0,13.0,0.0,1.0,0.0,10.0,0.0
Male_Pain Illness,Male,Pain Illness,-7.0,7.0,1.0,1.0,-19.0,19.0,45.0,45.0,-19.0,19.0,45.0,45.0,-19.0,19.0,45.0,45.0,44.4905606497114,43.33216002277125,0.31152174322404597,0.29294219780191083,0.2757009345794392,0.4158878504672897,-0.032575627214440676,-0.0182775633635922,1.0,0.0,12.0,0.0,1.0,0.0,44.0,0.0
Male_Playful 01,Male,Playful,-8.0,8.0,7.0,7.0,-11.0,11.0,10.0,10.0,-9.0,9.0,10.0,10.0,-11.0,11.0,10.0,10.0,45.15909904408678,46.60623250497836,0.3202146327941217,0.3391855768511228,0.09813084112149532,0.08878504672897196,-0.03475368203960846,-0.030286061290268586,1.0,1.0,3.0,2.0,1.0,0.0,3.0,0.0
Male_Playful 02,Male,Playful,-6.0,6.0,6.0,6.0,-15.0,15.0,30.0,30.0,-15.0,15.0,23.0,23.0,-15.0,15.0,30.0,30.0,46.907338902214974,48.523902670245306,0.3411883274528468,0.36601565792181784,0.13551401869158877,0.24766355140186916,-0.03674819870529888,-0.02027377792607958,1.0,0.0,9.0,0.0,1.0,1.0,24.0,7.0
Male_Playful 03,Male,Playful,-6.0,6.0,6.0,6.0,-11.0,11.0,13.0,13.0,-11.0,11.0,10.0,10.0,-11.0,11.0,13.0,13.0,44.98670045460496,46.99123298564804,0.3164369394288999,0.3458619112166289,0.09813084112149532,0.11682242990654206,-0.031489615685471865,-0.025618919563070636,1.0,0.0,5.0,0.0,1.0,1.0,7.0,3.0
Male_Playful 04,Male,Playful,-5.0,5.0,6.0,6.0,-13.0,13.0,13.0,13.0,-12.0,12.0,12.0,12.0,-13.0,13.0,13.0,13.0,46.38063189248058,48.90401716098607,0.33427514734669267,0.3693446795517039,0.11682242990654206,0.11682242990654206,-0.050132151240500335,-0.04552531632307534,1.0,1.0,8.0,1.0,1.0,1.0,7.0,1.0
Male_Playful 05,Male,Playful,-6.0,6.0,7.0,7.0,-11.0,11.0,9.0,9.0,-10.0,10.0,7.0,7.0,-11.0,11.0,9.0,9.0,44.1325053723059,47.04080433489006,0.3049258444910852,0.3465147397228491,0.09813084112149532,0.07009345794392523,-0.032642341662790175,-0.03406846411874361,1.0,1.0,5.0,1.0,1.0,1.0,2.0,2.0
Male_Pleasure Oo So Funny,Male,Pleasure Oo So Funny,-6.0,6.0,1.0,1.0,-18.0,18.0,14.0,14.0,-5.0,5.0,10.0,10.0,-18.0,18.0,14.0,14.0,44.163894065072604,44.13506726238215,0.3047197408208223,0.300791190327885,0.14018691588785046,0.12149532710280374,-0.029227232264581127,-0.029538617512890112,1.0,1.0,12.0,13.0,1.0,1.0,13.0,4.0
Male_Romantic 01,Male,Romantic,-9.0,9.0,9.0,9.0,-13.0,13.0,14.0,14.0,-12.0,12.0,13.0,13.0,-13.0,13.0,14.0,14.0,43.23275125806577,46.45906265428133,0.2999806872038084,0.34468493673288936,0.11682242990654206,0.1261682242990654,-0.02888383723307993,-0.03414996065826059,1.0,1.0,4.0,1.0,1.0,1.0,5.0,1.0
Male_Romantic 02,Male,Romantic,-6.0,6.0,7.0,7.0,-8.0,8.0,6.0,6.0,-6.0,6.0,5.0,5.0,-8.0,8.0,6.0,6.0,46.36456708596131,49.46231687848813,0.3356192535329088,0.38064971956137184,0.07009345794392523,0.0514018691588785,-0.06370436936338371,-0.05843800793741351,1.0,1.0,2.0,2.0,0.0,1.0,-1.0,1.0
Male_Romantic 03,Male,Romantic,-7.0,7.0,7.0,7.0,-8.0,8.0,9.0,9.0,-6.0,6.0,9.0,9.0,-8.0,8.0,9.0,9.0,47.22497944965541,49.243586442180884,0.347652765635018,0.37877182453592245,0.06074766355140187,0.0794392523364486,-0.05427914495780089,-0.04707485646287972,1.0,1.0,1.0,2.0,1.0,0.0,2.0,0.0
Male_Romantic 04,Male,Romantic,-6.0,6.0,7.0,7.0,-13.0,13.0,10.0,10.0,-12.0,12.0,7.0,7.0,-13.0,13.0,10.0,10.0,45.87740117367183,47.92899966908392,0.3282965864533576,0.3582628787120926,0.11682242990654206,0.08878504672897196,-0.03484231317154715,-0.03160373198094769,1.0,1.0,7.0,1.0,1.0,1.0,3.0,3.0
Male_Romantic 05,Male,Romantic,-6.0,6.0,7.0,7.0,-12.0,12.0,10.0,10.0,-9.0,9.0,8.0,8.0,-12.0,12.0,10.0,10.0,47.65517391445481,49.99729654722125,0.3537875692421031,0.3891393868165596,0.10747663551401869,0.08878504672897196,-0.06665048365281007,-0.07010609273598573,1.0,1.0,6.0,3.0,1.0,1.0,3.0,2.0
Male_S Wink 02,Male,S Wink,-10.0,10.0,10.0,10.0,-57.0,57.0,31.0,31.0,-54.0,54.0,31.0,31.0,-57.0,57.0,31.0,31.0,38.78116738684824,45.761794192768704,0.24898627261135065,0.3335560342975866,0.5280373831775701,0.46261682242990654,-0.016283134712237066,-0.03265619138690913,1.0,1.0,47.0,3.0,1.0,0.0,21.0,0.0
Male_Sad 01,Male,Sad,-7.0,7.0,7.0,7.0,-18.0,18.0,11.0,11.0,-12.0,12.0,9.0,9.0,-18.0,18.0,11.0,11.0,46.78574964042022,49.20848635869606,0.3419242038905064,0.37841565586696163,0.16355140186915887,0.09813084112149532,-0.05564858813152135,-0.05146428497038155,1.0,1.0,11.0,6.0,1.0,1.0,4.0,2.0
Male_Sad 02,Male,Sad,-7.0,7.0,7.0,7.0,-18.0,18.0,8.0,8.0,-12.0,12.0,6.0,6.0,-18.0,18.0,8.0,8.0,46.519548935310866,48.948767154016224,0.3380251320723061,0.3743441968320686,0.16355140186915887,0.07009345794392523,-0.05272786542076931,-0.050180633212918435,1.0,1.0,11.0,6.0,1.0,1.0,1.0,2.0
Male_Sad 03,Male,Sad,-8.0,8.0,9.0,9.0,-33.0,33.0,39.0,39.0,-20.0,20.0,39.0,39.0,-33.0,33.0,39.0,39.0,44.032685807932204,47.12837963460762,0.3089149970317555,0.3528401032786503,0.35046728971962615,0.37850467289719625,-0.02488326316124925,-0.027108132003623747,1.0,1.0,25.0,13.0,1.0,0.0,30.0,0.0
Male_Sad 04,Male,Sad,-7.0,7.0,10.0,10.0,-7.0,7.0,11.0,11.0,-5.0,5.0,11.0,11.0,-7.0,7.0,11.0,11.0,46.479177140743936,48.05849347159127,0.33878601516518636,0.3644489556829506,0.06074766355140187,0.09813084112149532,-0.06159034872723517,-0.054779227927466416,0.0,1.0,0.0,2.0,1.0,0.0,1.0,0.0
Male_Sad 05,Male,Sad,-7.0,7.0,7.0,7.0,-10.0,10.0,8.0,8.0,-6.0,6.0,6.0,6.0,-10.0,10.0,8.0,8.0,45.94120154425362,47.88749558234883,0.33134224063882206,0.36158421663480383,0.11682242990654206,0.07009345794392523,-0.05363841744783883,-0.050576694797132615,1.0,1.0,3.0,4.0,1.0,1.0,1.0,2.0
Male_Scream,Male,Scream,-6.0,6.0,6.0,6.0,-8.0,8.0,20.0,20.0,-8.0,8.0,18.0,18.0,-8.0,8.0,20.0,20.0,40.10073392190666,45.412330912652415,0.2637880645065664,0.3286364320839677,0.22897196261682243,0.1822429906542056,-0.05302721289830787,-0.05670923092097879,1.0,0.0,2.0,0.0,1.0,1.0,14.0,2.0
Male_Seriousness 01,Male,Seriousness,-6.0,6.0,7.0,7.0,-7.0,7.0,6.0,6.0,-5.0,5.0,4.0,4.0,-7.0,7.0,6.0,6.0,46.15465681352348,47.08809426566151,0.33089664940522096,0.3491308143205732,0.06074766355140187,0.0514018691588785,-0.055374253158257385,-0.04559823257900844,1.0,1.0,1.0,2.0,0.0,1.0,-1.0,2.0
Male_Seriousness 02,Male,Seriousness,-5.0,5.0,7.0,7.0,-17.0,17.0,10.0,10.0,-17.0,17.0,2.0,2.0,-17.0,17.0,10.0,10.0,45.35502263764354,46.487601487436024,0.3196744746136888,0.342199800448997,0.1542056074766355,0.0794392523364486,-0.049976304312732735,-0.03236122902865722,1.0,0.0,12.0,0.0,1.0,1.0,3.0,8.0
Male_Seriousness 03,Male,Seriousness,-7.0,7.0,7.0,7.0,-9.0,9.0,7.0,7.0,-6.0,6.0,5.0,5.0,-9.0,9.0,7.0,7.0,45.24164007311669,47.28360237362229,0.32109614983897344,0.3517775348970823,0.0794392523364486,0.06074766355140187,-0.05682865425805065,-0.048822251714278606,1.0,1.0,2.0,3.0,0.0,1.0,0.0,2.0
Male_Seriousness 04,Male,Seriousness,-6.0,6.0,7.0,7.0,-15.0,15.0,12.0,12.0,-11.0,11.0,0.0,0.0,-15.0,15.0,12.0,12.0,45.588595174183354,47.568874180873976,0.32304211169759806,0.3539300449540682,0.1261682242990654,0.10747663551401869,-0.04499278238443571,-0.03606682486623247,1.0,1.0,9.0,4.0,1.0,1.0,5.0,12.0
Male_Seriousness 05,Male,Seriousness,-5.0,5.0,6.0,6.0,-17.0,17.0,10.0,10.0,-11.0,11.0,7.0,7.0,-17.0,17.0,10.0,10.0,44.511668537264676,47.242582035955984,0.31070180474040665,0.3496115151966844,0.1261682242990654,0.08878504672897196,-0.03570665697628093,-0.030467598237723947,1.0,1.0,12.0,6.0,1.0,1.0,4.0,3.0
Male_Silly 01,Male,Silly,-6.0,6.0,7.0,7.0,-14.0,14.0,10.0,10.0,-13.0,13.0,9.0,9.0,-14.0,14.0,10.0,10.0,45.58070328079651,49.00503874939179,0.3232898642526609,0.3708539708195446,0.1261682242990654,0.08878504672897196,-0.03573586743011653,-0.04742911987215559,1.0,1.0,8.0,1.0,1.0,1.0,3.0,1.0
Male_Silly 02,Male,Silly,-6.0,6.0,8.0,8.0,-34.0,34.0,88.0,88.0,-29.0,29.0,58.0,58.0,-34.0,34.0,88.0,88.0,44.236177346416724,45.028847545106835,0.3090694415792127,0.32049186402392166,0.29439252336448596,0.7710280373831776,-0.029582166226110727,-0.0026587161505333733,1.0,1.0,28.0,5.0,1.0,1.0,80.0,30.0
Male_Silly 03,Male,Silly,-7.0,7.0,9.0,9.0,-36.0,36.0,19.0,19.0,-26.0,26.0,19.0,19.0,-36.0,36.0,19.0,19.0,42.913719720929585,44.21139508987142,0.2930396909468642,0.3105671742809153,0.3411214953271028,0.2383177570093458,-0.022262562936711534,-0.022900773682326913,1.0,1.0,29.0,10.0,1.0,0.0,10.0,0.0
Male_Silly 04,Male,Silly,-9.0,9.0,9.0,9.0,-22.0,22.0,46.0,46.0,-19.0,19.0,46.0,46.0,-22.0,22.0,46.0,46.0,44.56480547200854,47.44944369681528,0.3181257501383808,0.35769558287112513,0.19158878504672897,0.43457943925233644,-0.021387830098098682,-0.02052710964300922,1.0,1.0,13.0,3.0,1.0,0.0,37.0,0.0
Male_Silly 05,Male,Silly,-6.0,6.0,7.0,7.0,-21.0,21.0,8.0,8.0,-21.0,21.0,8.0,8.0,-21.0,21.0,8.0,8.0,44.990948824124914,46.42787034489284,0.3165295734026722,0.3426743759730152,0.19158878504672897,0.09813084112149532,-0.02346625534173484,-0.028609659627219227,1.0,0.0,15.0,0.0,1.0,0.0,1.0,0.0
Male_Sleepy,Male,Sleepy,-6.0,6.0,6.0,6.0,-40.0,40.0,27.0,27.0,-40.0,40.0,24.0,24.0,-40.0,40.0,27.0,27.0,41.56724543883422,49.59087855793605,0.2821185981558862,0.3819162477956754,0.3691588785046729,0.22897196261682243,-0.03703438121581746,-0.06518958495042035,1.0,0.0,34.0,0.0,1.0,1.0,21.0,3.0
Male_Sleepy 01,Male,Sleepy,-5.0,5.0,9.0,9.0,-80.0,80.0,82.0,82.0,-52.0,52.0,79.0,79.0,-80.0,80.0,82.0,82.0,41.18224872289243,44.55929561992498,0.2745625301499233,0.3175431464877084,0.677570093457944,0.7336448598130841,-0.02406430216593163,-0.015359575224814013,1.0,1.0,75.0,28.0,1.0,1.0,73.0,3.0
Male_Sleepy 02,Male,Sleepy,-8.0,8.0,9.0,9.0,-13.0,13.0,10.0,10.0,-11.0,11.0,7.0,7.0,-13.0,13.0,10.0,10.0,45.117326999379095,48.00659688388076,0.3221938345476846,0.3636470027616091,0.11682242990654206,0.08878504672897196,-0.029618931150882044,-0.03642064151919891,1.0,1.0,5.0,2.0,1.0,1.0,1.0,3.0
Male_Sleepy 03,Male,Sleepy,-7.0,7.0,8.0,8.0,-15.0,15.0,16.0,16.0,-14.0,14.0,11.0,11.0,-15.0,15.0,16.0,16.0,46.068727542306775,49.35443598533345,0.33339582091179965,0.3790072595404687,0.13551401869158877,0.1261682242990654,-0.028606505315994547,-0.03720623561155016,1.0,1.0,8.0,1.0,1.0,1.0,8.0,5.0
Male_Sleepy 04,Male,Sleepy,-8.0,8.0,8.0,8.0,-16.0,16.0,28.0,28.0,-14.0,14.0,21.0,21.0,-16.0,16.0,28.0,28.0,45.41278487053987,48.31763155438075,0.3235621157093583,0.3648158843829253,0.14485981308411214,0.2383177570093458,-0.026832213607903953,-0.03256026620619765,1.0,1.0,8.0,2.0,1.0,1.0,20.0,7.0
Male_Sleepy 05,Male,Sleepy,-6.0,6.0,7.0,7.0,-13.0,13.0,10.0,10.0,-9.0,9.0,9.0,9.0,-13.0,13.0,10.0,10.0,47.31492005998843,49.50771452778968,0.34757846566004175,0.38060394653650087,0.10747663551401869,0.08878504672897196,-0.05653540957196851,-0.05045277855106603,1.0,1.0,7.0,4.0,1.0,1.0,3.0,1.0
Male_Straining,Male,Straining,-6.0,6.0,1.0,1.0,-12.0,12.0,12.0,12.0,-5.0,5.0,12.0,12.0,-12.0,12.0,12.0,12.0,46.233942034088564,45.218842399454566,0.33206712865383825,0.3142078326684292,0.08878504672897196,0.10747663551401869,-0.0532211119605002,-0.0412988088955389,1.0,1.0,6.0,7.0,1.0,0.0,11.0,0.0
Male_Subtle 01,Male,Subtle,-7.0,7.0,8.0,8.0,-9.0,9.0,9.0,9.0,-7.0,7.0,9.0,9.0,-9.0,9.0,9.0,9.0,45.53724359351898,47.21413949048408,0.324500247139797,0.3509134466402999,0.0794392523364486,0.0794392523364486,-0.05124262267741087,-0.045081261440972305,1.0,1.0,2.0,2.0,1.0,0.0,1.0,0.0
Male_Subtle 02,Male,Subtle,-7.0,7.0,7.0,7.0,-10.0,10.0,9.0,9.0,0.0,0.0,2.0,2.0,-10.0,10.0,9.0,9.0,46.59654317169546,48.58756997652143,0.3403598760890069,0.3697112464459143,0.0794392523364486,0.07009345794392523,-0.06227026782303213,-0.05590578119888484,1.0,1.0,3.0,10.0,1.0,1.0,2.0,7.0
Male_Subtle 03,Male,Subtle,-7.0,7.0,7.0,7.0,-9.0,9.0,10.0,10.0,-7.0,7.0,2.0,2.0,-9.0,9.0,10.0,10.0,46.88909361295611,49.926100724211366,0.3449908578507254,0.38855545208832926,0.0794392523364486,0.08878504672897196,-0.06627376948561624,-0.06386912105796493,1.0,1.0,2.0,2.0,1.0,1.0,3.0,8.0
Male_Subtle 04,Male,Subtle,-6.0,6.0,6.0,6.0,-7.0,7.0,8.0,8.0,-3.0,3.0,7.0,7.0,-7.0,7.0,8.0,8.0,47.82918444749351,49.74311334841719,0.35461392469495256,0.38566549888281065,0.06074766355140187,0.07009345794392523,-0.07199913291173561,-0.061310937192952525,1.0,1.0,1.0,4.0,1.0,1.0,2.0,1.0
Male_Subtle 05,Male,Subtle,-7.0,7.0,9.0,9.0,-12.0,12.0,10.0,10.0,-9.0,9.0,10.0,10.0,-12.0,12.0,10.0,10.0,46.27893524972078,49.00619427288804,0.3351948829454796,0.37558112941055655,0.08878504672897196,0.08878504672897196,-0.06295401122525474,-0.06713984266062763,1.0,1.0,5.0,3.0,1.0,0.0,1.0,0.0
Male_Talking 01,Male,Talking,-7.0,7.0,9.0,9.0,-13.0,13.0,16.0,16.0,-8.0,8.0,16.0,16.0,-13.0,13.0,16.0,16.0,44.77555177813378,48.649614565840395,0.3149830712893299,0.3683744329158391,0.09813084112149532,0.14485981308411214,-0.04932575053143724,-0.061351496761090286,1.0,1.0,6.0,5.0,1.0,0.0,7.0,0.0
Male_Talking 02,Male,Talking,-7.0,7.0,8.0,8.0,-13.0,13.0,16.0,16.0,-13.0,13.0,14.0,14.0,-13.0,13.0,16.0,16.0,43.5039557697617,47.44407601222814,0.29752144885954457,0.3502187667606033,0.11682242990654206,0.14485981308411214,-0.044123811978046025,-0.0426509580879568,1.0,0.0,6.0,0.0,1.0,1.0,8.0,2.0
Male_Talking 03,Male,Talking,-5.0,5.0,5.0,5.0,-10.0,10.0,11.0,11.0,-10.0,10.0,11.0,11.0,-10.0,10.0,11.0,11.0,44.00337550350439,48.14656238021138,0.3055218758984147,0.36078131839493727,0.08878504672897196,0.09813084112149532,-0.04211697511583845,-0.04973778699603036,1.0,0.0,5.0,0.0,1.0,0.0,6.0,0.0
Male_Talking 04,Male,Talking,-6.0,6.0,10.0,10.0,-11.0,11.0,24.0,24.0,-9.0,9.0,21.0,21.0,-11.0,11.0,24.0,24.0,41.58405704141777,43.727332231040315,0.28309340259739174,0.30863778891964494,0.2850467289719626,0.32242990654205606,-0.054386215789295804,-0.04409639300587021,1.0,1.0,5.0,2.0,1.0,1.0,14.0,3.0
Male_Talking 05,Male,Talking,-6.0,6.0,8.0,8.0,-10.0,10.0,12.0,12.0,-9.0,9.0,12.0,12.0,-10.0,10.0,12.0,12.0,44.86076670940791,46.6647741348944,0.31441962551847796,0.3411441370148525,0.08878504672897196,0.10747663551401869,-0.05560943637495843,-0.04778632382366145,1.0,1.0,4.0,1.0,1.0,0.0,4.0,0.0
Male_Terror,Male,Terror,-4.0,4.0,5.0,5.0,-23.0,23.0,29.0,29.0,-21.0,21.0,29.0,29.0,-23.0,23.0,29.0,29.0,41.975408661031274,41.83494567871094,0.2816595362725659,0.28168538129218273,0.2102803738317757,0.3130841121495327,-0.05382930480431174,-0.05450136444278966,1.0,1.0,19.0,2.0,1.0,0.0,24.0,0.0
Male_Terror Phobia,Male,Terror Phobia,-7.0,7.0,4.0,4.0,-15.0,15.0,17.0,17.0,-15.0,15.0,17.0,17.0,-15.0,15.0,17.0,17.0,44.095264325632115,43.58960030457684,0.3063849739939253,0.2974311453159724,0.19158878504672897,0.3037383177570093,-0.044119425326864296,-0.03769474330349503,1.0,0.0,8.0,0.0,1.0,0.0,13.0,0.0
Male_Ulgh,Male,Ulgh,-5.0,5.0,7.0,7.0,-18.0,18.0,16.0,16.0,-18.0,18.0,16.0,16.0,-18.0,18.0,16.0,16.0,44.64177174880126,49.9009303467296,0.30923406431608114,0.38330112801533994,0.19158878504672897,0.14485981308411214,-0.024185733817448127,-0.03259816250511419,1.0,0.0,13.0,0.0,1.0,0.0,9.0,0.0
Male_Wicked 01,Male,Wicked,-6.0,6.0,7.0,7.0,-18.0,18.0,28.0,28.0,-16.0,16.0,25.0,25.0,-18.0,18.0,28.0,28.0,45.44698492388859,46.73014260006842,0.32167632446110805,0.3445380591900549,0.16355140186915887,0.24766355140186916,-0.03588070434944652,-0.021272059912993527,1.0,1.0,12.0,2.0,1.0,1.0,21.0,3.0
Male_Wicked 02,Male,Wicked,-6.0,6.0,6.0,6.0,-15.0,15.0,33.0,33.0,-13.0,13.0,30.0,30.0,-15.0,15.0,33.0,33.0,46.03910992969976,47.40351616110757,0.3282324660604245,0.35248076637214587,0.13551401869158877,0.32242990654205606,-0.03860350607711578,-0.015189844592709407,1.0,1.0,9.0,2.0,1.0,1.0,27.0,3.0
Male_Wicked 03,Male,Wicked,-5.0,5.0,6.0,6.0,-37.0,37.0,29.0,29.0,-23.0,23.0,28.0,28.0,-37.0,37.0,29.0,29.0,44.69083781999962,47.13974608661972,0.31052412245875205,0.3464788504850084,0.3037383177570093,0.7336448598130841,-0.01560495724187833,-0.0004026588992537739,1.0,1.0,32.0,14.0,1.0,1.0,23.0,1.0
Male_Wicked 04,Male,Wicked,-5.0,5.0,7.0,7.0,-17.0,17.0,11.0,11.0,-14.0,14.0,8.0,8.0,-17.0,17.0,11.0,11.0,45.36658188784234,48.01976742031418,0.32247725184832776,0.36306082951688323,0.14485981308411214,0.09813084112149532,-0.04698268804594735,-0.043871737807710594,1.0,1.0,12.0,3.0,1.0,1.0,4.0,3.0
Male_Wicked 05,Male,Wicked,-5.0,5.0,7.0,7.0,-16.0,16.0,10.0,10.0,-16.0,16.0,9.0,9.0,-16.0,16.0,10.0,10.0,44.81154336661936,47.461854872302474,0.3134143706237044,0.3536051043840212,0.14485981308411214,0.08878504672897196,-0.03631990911247574,-0.03785891176384186,1.0,0.0,11.0,0.0,1.0,1.0,3.0,1.0
Male_Wink,Male,Wink,-7.0,7.0,9.0,9.0,-70.0,70.0,18.0,18.0,-70.0,70.0,16.0,16.0,-70.0,70.0,18.0,18.0,40.799460442266735,45.60077098151234,0.2658363257613138,0.32989954781309466,0.6962616822429907,0.19158878504672897,-0.008933474527341183,-0.018288168951729748,1.0,0.0,63.0,0.0,1.0,1.0,9.0,2.0
Male_With Forehead Wrinkles Angry 01,Male,With Forehead Wrinkles Angry,-5.0,5.0,7.0,7.0,-7.0,7.0,11.0,11.0,0.0,0.0,3.0,3.0,-7.0,7.0,11.0,11.0,45.0373598437443,48.03482230578628,0.3140169777602793,0.3586743694042491,0.07009345794392523,0.09813084112149532,-0.03298676278546592,-0.03249228098125101,1.0,1.0,2.0,7.0,1.0,1.0,4.0,8.0
Male_With Forehead Wrinkles Angry 02,Male,With Forehead Wrinkles Angry,-6.0,6.0,8.0,8.0,-15.0,15.0,15.0,15.0,-6.0,6.0,10.0,10.0,-15.0,15.0,15.0,15.0,40.70183019548933,45.66794704276825,0.2724434855942414,0.336193510583628,0.13551401869158877,0.13551401869158877,-0.04643859470559058,-0.05287131444316044,1.0,1.0,9.0,9.0,1.0,1.0,7.0,5.0
Male_With Forehead Wrinkles Angry 03,Male,With Forehead Wrinkles Angry,-6.0,6.0,7.0,7.0,-17.0,17.0,15.0,15.0,-12.0,12.0,15.0,15.0,-17.0,17.0,15.0,15.0,44.064773537288204,47.2691466384959,0.3045435873704536,0.34823829325560096,0.13551401869158877,0.13551401869158877,-0.02807202378166056,-0.03136841047590024,1.0,1.0,11.0,5.0,1.0,0.0,8.0,0.0
Male_With Forehead Wrinkles Angry 04,Male,With Forehead Wrinkles Angry,-7.0,7.0,7.0,7.0,-17.0,17.0,14.0,14.0,-12.0,12.0,14.0,14.0,-17.0,17.0,14.0,14.0,45.92547082232538,47.84384195826878,0.331900667921405,0.36079220961187486,0.1542056074766355,0.1261682242990654,-0.04534132890055113,-0.04908638398781001,1.0,1.0,10.0,5.0,1.0,0.0,7.0,0.0
Male_With Forehead Wrinkles Angry 05,Male,With Forehead Wrinkles Angry,-7.0,7.0,7.0,7.0,-34.0,34.0,40.0,40.0,-7.0,7.0,40.0,40.0,-34.0,34.0,40.0,40.0,39.760756140557405,44.37290271420345,0.2615380114484056,0.31738126779271064,0.3598130841121495,0.3691588785046729,-0.05681115848438762,-0.0485005804868502,1.0,1.0,27.0,27.0,1.0,0.0,33.0,0.0
Male_ZMouth Open Horizontal,Male,ZMouth Open Horizontal,-6.0,6.0,9.0,9.0,-13.0,13.0,14.0,14.0,-12.0,12.0,13.0,13.0,-13.0,13.0,14.0,14.0,45.19859307948674,45.903616796030065,0.3216635041704802,0.33820375131669445,0.11682242990654206,0.14485981308411214,-0.047402076492799775,-0.04046007740163358,1.0,1.0,7.0,1.0,1.0,1.0,5.0,1.0
Male_ZMouth Open Horizontal And Vertical,Male,ZMouth Open Horizontal And Vertical,-11.0,11.0,9.0,9.0,-35.0,35.0,27.0,27.0,-32.0,32.0,23.0,23.0,-35.0,35.0,27.0,27.0,42.33724382436164,44.54543817377536,0.2996657691269277,0.3300608087365872,0.3130841121495327,0.29439252336448596,-0.0897111228414785,-0.08855394253106876,1.0,1.0,24.0,3.0,1.0,1.0,18.0,4.0
Male_ZZ_Bearded,Male,ZZ_Bearded,-5.0,5.0,6.0,6.0,-31.0,31.0,21.0,21.0,-14.0,14.0,21.0,21.0,-31.0,31.0,21.0,21.0,42.33603510009908,43.742617963630465,0.2807407557407272,0.30078737925146226,0.3317757009345794,0.1822429906542056,-0.021267775341729137,-0.03482274028742425,1.0,1.0,26.0,17.0,1.0,0.0,15.0,0.0
Male_ZZ_Cavalier,Male,ZZ_Cavalier,-6.0,6.0,8.0,8.0,-57.0,57.0,56.0,56.0,-30.0,30.0,36.0,36.0,-57.0,57.0,56.0,56.0,40.716627437377646,41.73032439312088,0.2654046806219582,0.28273734561750824,0.5467289719626168,0.5186915887850467,0.0005413369040622889,-0.00425086093840198,1.0,1.0,51.0,27.0,1.0,1.0,48.0,20.0
Male_ZZ_Dapper,Male,ZZ_Dapper,-6.0,6.0,7.0,7.0,-18.0,18.0,19.0,19.0,-18.0,18.0,18.0,18.0,-18.0,18.0,19.0,19.0,43.830206264959315,45.96665840059797,0.3016329363127735,0.333468625200129,0.2383177570093458,0.2102803738317757,-0.015524904304575697,-0.019718101370000393,1.0,0.0,12.0,0.0,1.0,1.0,12.0,1.0
Male_ZZ_Flynn,Male,ZZ_Flynn,-6.0,6.0,8.0,8.0,-21.0,21.0,19.0,19.0,-21.0,21.0,17.0,17.0,-21.0,21.0,19.0,19.0,44.204143303577034,45.67211248495868,0.30607775382906477,0.33019771419952965,0.2102803738317757,0.1822429906542056,-0.02108570487699776,-0.021198491209021238,1.0,0.0,15.0,0.0,1.0,1.0,11.0,2.0
Male_ZZ_Franz Josef,Male,ZZ_Franz Josef,-6.0,6.0,6.0,6.0,-13.0,13.0,11.0,11.0,-10.0,10.0,8.0,8.0,-13.0,13.0,11.0,11.0,44.98261410722109,46.47288766754008,0.31771461150356545,0.3396529299076472,0.11682242990654206,0.09813084112149532,-0.023232461136078165,-0.02724808788745203,1.0,1.0,7.0,3.0,1.0,1.0,5.0,3.0
Male_ZZ_Friendly Mutton Chops,Male,ZZ_Friendly Mutton Chops,-6.0,6.0,6.0,6.0,-34.0,34.0,23.0,23.0,-26.0,26.0,22.0,22.0,-34.0,34.0,23.0,23.0,45.670878864894405,46.580953785192186,0.3262095896997184,0.34124235488544,0.3037383177570093,0.21962616822429906,-0.011066802194185345,-0.020142751180122945,1.0,1.0,28.0,8.0,1.0,1.0,17.0,1.0
Male_ZZ_Fu Manchu,Male,ZZ_Fu Manchu,-6.0,6.0,8.0,8.0,-15.0,15.0,13.0,13.0,-15.0,15.0,13.0,13.0,-15.0,15.0,13.0,13.0,44.40751281185685,45.694697201809035,0.307782619355995,0.3321152964485026,0.13551401869158877,0.11682242990654206,-0.022398412506156994,-0.03399976433437561,1.0,0.0,9.0,0.0,1.0,0.0,5.0,0.0
Male_ZZ_Fu Manchu Goatee,Male,ZZ_Fu Manchu Goatee,-6.0,6.0,7.0,7.0,-22.0,22.0,27.0,27.0,-21.0,21.0,27.0,27.0,-22.0,22.0,27.0,27.0,41.386235725099795,42.391467794079645,0.2713706373611343,0.2894189992797709,0.35046728971962615,0.37850467289719625,-0.0049714849931057365,-0.01072784603756165,1.0,1.0,16.0,1.0,1.0,0.0,20.0,0.0
Male_ZZ_Full Beard,Male,ZZ_Full Beard,-8.0,8.0,9.0,9.0,-14.0,14.0,14.0,14.0,-13.0,13.0,12.0,12.0,-14.0,14.0,14.0,14.0,34.50285888832306,36.61630161677566,0.1919306541714713,0.21845034962502596,0.1261682242990654,0.1261682242990654,-0.007023574314384817,-0.011793002068439376,1.0,1.0,6.0,1.0,1.0,1.0,5.0,2.0
Male_ZZ_Goatee,Male,ZZ_Goatee,-6.0,6.0,7.0,7.0,-22.0,22.0,18.0,18.0,-22.0,22.0,16.0,16.0,-22.0,22.0,18.0,18.0,44.94095354659535,46.50642228572168,0.31620198181856457,0.3405620622857709,0.20093457943925233,0.1542056074766355,-0.023274795474293074,-0.024986194394459236,1.0,0.0,16.0,0.0,1.0,1.0,11.0,2.0
Male_ZZ_Grizzly Beard,Male,ZZ_Grizzly Beard,-8.0,8.0,9.0,9.0,,,,,,,,,,,,,34.63965947160097,34.701924524574636,0.19270485249635216,0.1944465269552213,1.0,1.0,0.011791524764533354,0.015864686431171737,,,,,,,,
Male_ZZ_Mutton Chops,Male,ZZ_Mutton Chops,-5.0,5.0,6.0,6.0,-25.0,25.0,18.0,18.0,-12.0,12.0,14.0,14.0,-25.0,25.0,18.0,18.0,44.19217669406784,45.948419644453814,0.30394991619564665,0.33512422247467755,0.19158878504672897,0.17289719626168223,-0.02004947979873586,-0.026038650597367333,1.0,1.0,20.0,13.0,1.0,1.0,12.0,4.0
Male_ZZ_Napoleon III,Male,ZZ_Napoleon III,-6.0,6.0,7.0,7.0,-57.0,57.0,75.0,75.0,-56.0,56.0,75.0,75.0,-57.0,57.0,75.0,75.0,40.88928085398451,42.37025865661764,0.2674735436372668,0.28907619291376846,0.5467289719626168,0.677570093457944,-0.009885997276439846,-0.00397882506112072,1.0,1.0,51.0,1.0,1.0,0.0,68.0,0.0
Male_ZZ_Officer,Male,ZZ_Officer,-6.0,6.0,7.0,7.0,-21.0,21.0,18.0,18.0,-20.0,20.0,17.0,17.0,-21.0,21.0,18.0,18.0,45.403778252200546,46.99949197457215,0.3227501675904354,0.34850119291064896,0.19158878504672897,0.16355140186915887,-0.03413372410235004,-0.032872447900682965,1.0,1.0,15.0,1.0,1.0,1.0,11.0,1.0
Male_ZZ_Pioneer,Male,ZZ_Pioneer,-6.0,6.0,6.0,6.0,-45.0,45.0,43.0,43.0,-20.0,20.0,43.0,43.0,-45.0,45.0,43.0,43.0,42.66506314946112,44.94931776501308,0.2873078450978359,0.3223223881186726,0.3598130841121495,0.3878504672897196,-0.010492195035809669,-0.014273041598150663,1.0,1.0,39.0,25.0,1.0,0.0,37.0,0.0
Male_ZZ_Stubbled,Male,ZZ_Stubbled,-5.0,5.0,7.0,7.0,-22.0,22.0,70.0,70.0,-21.0,21.0,69.0,69.0,-22.0,22.0,70.0,70.0,46.18197495915065,44.31124713487714,0.331028212175191,0.3130490105842876,0.37850467289719625,0.6495327102803738,-0.006681366780093897,0.005096694437142844,1.0,1.0,17.0,1.0,1.0,1.0,63.0,1.0
